# OBJ generated by ONSHAPE BY PTC INC, 1.215 Units = meters
mtllib Part_1.mtl
g Part 1
usemtl 0.301961_0.301961_0.301961_0.000000_0.000000
o mesh0
v 0.00411546 0.00216526 0 
v 0.00445694 0.00209182 0 
v 0.00445694 0.00209182 8e-05 
v 0.00377146 0.00222589 0 
v 0.00411546 0.00216526 8e-05 
v 0.00342544 0.00227362 0 
v 0.00377146 0.00222589 8e-05 
v 0.00307789 0.0023084 0 
v 0.00342544 0.00227362 8e-05 
v 0.00307789 0.0023084 8e-05 
vn -0.191938 -0.981407 0 
vn -0.228464 -0.973552 0 
vn -0.228464 -0.973552 0 
vn -0.155144 -0.987892 0 
vn -0.191938 -0.981407 0 
vn -0.118133 -0.992998 0 
vn -0.155144 -0.987892 0 
vn -0.0809577 -0.996718 0 
vn -0.118133 -0.992998 0 
vn -0.0809577 -0.996718 0 
f 1//1 2//2 3//3 
f 4//4 1//1 5//5 
f 6//6 4//4 7//7 
f 8//8 6//6 9//9 
f 9//9 10//10 8//8 
f 7//7 9//9 6//6 
f 5//5 7//7 4//4 
f 3//3 5//5 1//1 
o mesh1
v 0.00468344 0.00203526 0 
v 0.00490811 0.0019718 0 
v 0.00490811 0.0019718 8e-05 
v 0.00445694 0.00209182 0 
v 0.00468344 0.00203526 8e-05 
v 0.00445694 0.00209182 8e-05 
vn -0.257089 -0.966388 0 
vn -0.286531 -0.958071 0 
vn -0.286531 -0.958071 0 
vn -0.227406 -0.9738 0 
vn -0.257089 -0.966388 0 
vn -0.227406 -0.9738 0 
f 11//11 12//12 13//13 
f 14//14 11//11 15//15 
f 15//15 16//16 14//14 
f 13//13 15//15 11//11 
o mesh2
v 0.00551275 0.00175258 0 
v 0.00570767 0.00166302 0 
v 0.00570767 0.00166302 8e-05 
v 0.00531429 0.00183399 0 
v 0.00551275 0.00175258 8e-05 
v 0.00511263 0.00190711 0 
v 0.00531429 0.00183399 8e-05 
v 0.00490811 0.0019718 0 
v 0.00511263 0.00190711 8e-05 
v 0.00490811 0.0019718 8e-05 
vn -0.398619 -0.917117 0 
vn -0.436292 -0.899805 0 
vn -0.436292 -0.899805 0 
vn -0.360261 -0.932852 0 
vn -0.398619 -0.917117 0 
vn -0.321283 -0.946983 0 
vn -0.360261 -0.932852 0 
vn -0.281753 -0.959487 0 
vn -0.321283 -0.946983 0 
vn -0.281753 -0.959487 0 
f 17//17 18//18 19//19 
f 20//20 17//17 21//21 
f 22//22 20//20 23//23 
f 24//24 22//22 25//25 
f 25//25 26//26 24//24 
f 23//23 25//25 22//22 
f 21//21 23//23 20//20 
f 19//19 21//21 17//17 
o mesh3
v 0.00621748 0.00134689 0 
v 0.0063106 0.0012709 0 
v 0.0063106 0.0012709 8e-05 
v 0.00612116 0.00141879 0 
v 0.00621748 0.00134689 8e-05 
v 0.00602183 0.00148648 0 
v 0.00612116 0.00141879 8e-05 
v 0.00591968 0.00154982 0 
v 0.00602183 0.00148648 8e-05 
v 0.0058149 0.0016087 0 
v 0.00591968 0.00154982 8e-05 
v 0.00570767 0.00166302 0 
v 0.0058149 0.0016087 8e-05 
v 0.00570767 0.00166302 8e-05 
vn -0.615361 -0.788245 0 
vn -0.648761 -0.760992 0 
vn -0.648761 -0.760992 0 
vn -0.580817 -0.814034 0 
vn -0.615361 -0.788245 0 
vn -0.545194 -0.83831 0 
vn -0.580817 -0.814034 0 
vn -0.508558 -0.861028 0 
vn -0.545194 -0.83831 0 
vn -0.470976 -0.882146 0 
vn -0.508558 -0.861028 0 
vn -0.43252 -0.901625 0 
vn -0.470976 -0.882146 0 
vn -0.43252 -0.901625 0 
f 27//27 28//28 29//29 
f 30//30 27//27 31//31 
f 32//32 30//30 33//33 
f 34//34 32//32 35//35 
f 36//36 34//34 37//37 
f 38//38 36//36 39//39 
f 39//39 40//40 38//38 
f 37//37 39//39 36//36 
f 35//35 37//37 34//34 
f 33//33 35//35 32//32 
f 31//31 33//33 30//30 
f 29//29 31//31 27//27 
o mesh4
v 0.00647895 0.00109758 0 
v 0.00651693 0.00105054 0 
v 0.00651693 0.00105054 8e-05 
v 0.00643927 0.00114319 0 
v 0.00647895 0.00109758 8e-05 
v 0.00639795 0.00118732 0 
v 0.00643927 0.00114319 8e-05 
v 0.00635504 0.00122991 0 
v 0.00639795 0.00118732 8e-05 
v 0.0063106 0.0012709 0 
v 0.00635504 0.00122991 8e-05 
v 0.0063106 0.0012709 8e-05 
vn -0.766395 -0.64237 0 
vn -0.789405 -0.613872 0 
vn -0.789405 -0.613872 0 
vn -0.742356 -0.670005 0 
vn -0.766395 -0.64237 0 
vn -0.717322 -0.696742 0 
vn -0.742356 -0.670005 0 
vn -0.691325 -0.722544 0 
vn -0.717322 -0.696742 0 
vn -0.664401 -0.747376 0 
vn -0.691325 -0.722544 0 
vn -0.664401 -0.747376 0 
f 41//41 42//42 43//43 
f 44//44 41//41 45//45 
f 46//46 44//44 47//47 
f 48//48 46//46 49//49 
f 50//50 48//48 51//51 
f 51//51 52//52 50//50 
f 49//49 51//51 48//48 
f 47//47 49//49 46//46 
f 45//45 47//47 44//44 
f 43//43 45//45 41//41 
o mesh5
v 0.00651693 0.00105054 8e-05 
v 0.00651693 0.00105054 0 
v 0.00658094 0.000960657 0 
v 0.00658094 0.000960657 8e-05 
vn -0.814566 -0.580071 0 
vn -0.814566 -0.580071 0 
vn -0.814566 -0.580071 0 
vn -0.814566 -0.580071 0 
f 53//53 54//54 55//55 
f 55//55 56//56 53//53 
o mesh6
v 0.00676834 0.000907474 0 
v 0.00676834 0.000907474 8e-05 
v 0.00676265 0.000904788 8e-05 
v 0.00676265 0.000904788 0 
v 0.00675686 0.000902353 8e-05 
v 0.00675686 0.000902353 0 
v 0.00675096 0.000900171 8e-05 
v 0.00675096 0.000900171 0 
v 0.00674497 0.000898249 8e-05 
v 0.00674497 0.000898249 0 
v 0.00673891 0.000896588 8e-05 
v 0.00673891 0.000896588 0 
v 0.00673278 0.000895192 8e-05 
v 0.00673278 0.000895192 0 
v 0.0067266 0.000894065 8e-05 
v 0.0067266 0.000894065 0 
v 0.00672037 0.000893208 8e-05 
v 0.00672037 0.000893208 0 
v 0.00671411 0.000892622 8e-05 
v 0.00671411 0.000892622 0 
v 0.00670783 0.000892309 8e-05 
v 0.00670783 0.000892309 0 
v 0.00670154 0.00089227 8e-05 
v 0.00670154 0.00089227 0 
v 0.00669526 0.000892504 8e-05 
v 0.00669526 0.000892504 0 
v 0.006689 0.000893011 8e-05 
v 0.006689 0.000893011 0 
v 0.00668276 0.00089379 8e-05 
v 0.00668276 0.00089379 0 
v 0.00667656 0.000894839 8e-05 
v 0.00667656 0.000894839 0 
v 0.00667041 0.000896158 8e-05 
v 0.00667041 0.000896158 0 
v 0.00666433 0.000897742 8e-05 
v 0.00666433 0.000897742 0 
v 0.00665832 0.00089959 8e-05 
v 0.00665832 0.00089959 0 
v 0.0066524 0.000901697 8e-05 
v 0.0066524 0.000901697 0 
v 0.00664657 0.00090406 8e-05 
v 0.00664657 0.00090406 0 
v 0.00664085 0.000906673 8e-05 
v 0.00664085 0.000906673 0 
v 0.00663526 0.000909534 8e-05 
v 0.00663526 0.000909534 0 
v 0.00662979 0.000912634 8e-05 
v 0.00662979 0.000912634 0 
v 0.00662446 0.00091597 8e-05 
v 0.00662446 0.00091597 0 
v 0.00661928 0.000919535 8e-05 
v 0.00661928 0.000919535 0 
v 0.00661426 0.000923321 8e-05 
v 0.00661426 0.000923321 0 
v 0.00660941 0.000927322 8e-05 
v 0.00660941 0.000927322 0 
v 0.00660474 0.00093153 8e-05 
v 0.00660474 0.00093153 0 
v 0.00660026 0.000935937 8e-05 
v 0.00660026 0.000935937 0 
v 0.00659597 0.000940536 8e-05 
v 0.00659597 0.000940536 0 
v 0.00659189 0.000945316 8e-05 
v 0.00659189 0.000945316 0 
v 0.00658802 0.000950269 8e-05 
v 0.00658802 0.000950269 0 
v 0.00658437 0.000955386 8e-05 
v 0.00658437 0.000955386 0 
v 0.00658094 0.000960657 8e-05 
v 0.00658094 0.000960657 0 
vn 0.446747 -0.89466 0 
vn 0.446747 -0.89466 0 
vn 0.40741 -0.913245 0 
vn 0.40741 -0.913245 0 
vn 0.367303 -0.930101 0 
vn 0.367303 -0.930101 0 
vn 0.3265 -0.945197 0 
vn 0.3265 -0.945197 0 
vn 0.285079 -0.958504 0 
vn 0.285079 -0.958504 0 
vn 0.243119 -0.969996 0 
vn 0.243119 -0.969996 0 
vn 0.200698 -0.979653 0 
vn 0.200698 -0.979653 0 
vn 0.157898 -0.987455 0 
vn 0.157898 -0.987455 0 
vn 0.114799 -0.993389 0 
vn 0.114799 -0.993389 0 
vn 0.0714823 -0.997442 0 
vn 0.0714823 -0.997442 0 
vn 0.0280304 -0.999607 0 
vn 0.0280304 -0.999607 0 
vn -0.0154745 -0.99988 0 
vn -0.0154745 -0.99988 0 
vn -0.0589501 -0.998261 0 
vn -0.0589501 -0.998261 0 
vn -0.102314 -0.994752 0 
vn -0.102314 -0.994752 0 
vn -0.145484 -0.989361 0 
vn -0.145484 -0.989361 0 
vn -0.188379 -0.982096 0 
vn -0.188379 -0.982096 0 
vn -0.230918 -0.972973 0 
vn -0.230918 -0.972973 0 
vn -0.273019 -0.962009 0 
vn -0.273019 -0.962009 0 
vn -0.314604 -0.949223 0 
vn -0.314604 -0.949223 0 
vn -0.355593 -0.934641 0 
vn -0.355593 -0.934641 0 
vn -0.395909 -0.91829 0 
vn -0.395909 -0.91829 0 
vn -0.435476 -0.9002 0 
vn -0.435476 -0.9002 0 
vn -0.474218 -0.880407 0 
vn -0.474218 -0.880407 0 
vn -0.512063 -0.858948 0 
vn -0.512063 -0.858948 0 
vn -0.548939 -0.835862 0 
vn -0.548939 -0.835862 0 
vn -0.584776 -0.811195 0 
vn -0.584776 -0.811195 0 
vn -0.619506 -0.784992 0 
vn -0.619506 -0.784992 0 
vn -0.653063 -0.757304 0 
vn -0.653063 -0.757304 0 
vn -0.685384 -0.728182 0 
vn -0.685384 -0.728182 0 
vn -0.716408 -0.697681 0 
vn -0.716408 -0.697681 0 
vn -0.746076 -0.665861 0 
vn -0.746076 -0.665861 0 
vn -0.774332 -0.63278 0 
vn -0.774332 -0.63278 0 
vn -0.801122 -0.598501 0 
vn -0.801122 -0.598501 0 
vn -0.826396 -0.563089 0 
vn -0.826396 -0.563089 0 
vn -0.850106 -0.526612 0 
vn -0.850106 -0.526612 0 
f 57//57 58//58 59//59 
f 60//60 59//59 61//61 
f 62//62 61//61 63//63 
f 64//64 63//63 65//65 
f 66//66 65//65 67//67 
f 68//68 67//67 69//69 
f 70//70 69//69 71//71 
f 72//72 71//71 73//73 
f 74//74 73//73 75//75 
f 76//76 75//75 77//77 
f 78//78 77//77 79//79 
f 80//80 79//79 81//81 
f 82//82 81//81 83//83 
f 84//84 83//83 85//85 
f 86//86 85//85 87//87 
f 88//88 87//87 89//89 
f 90//90 89//89 91//91 
f 92//92 91//91 93//93 
f 94//94 93//93 95//95 
f 96//96 95//95 97//97 
f 98//98 97//97 99//99 
f 100//100 99//99 101//101 
f 102//102 101//101 103//103 
f 104//104 103//103 105//105 
f 106//106 105//105 107//107 
f 108//108 107//107 109//109 
f 110//110 109//109 111//111 
f 112//112 111//111 113//113 
f 114//114 113//113 115//115 
f 116//116 115//115 117//117 
f 118//118 117//117 119//119 
f 120//120 119//119 121//121 
f 122//122 121//121 123//123 
f 124//124 123//123 125//125 
f 125//125 126//126 124//124 
f 123//123 124//124 122//122 
f 121//121 122//122 120//120 
f 119//119 120//120 118//118 
f 117//117 118//118 116//116 
f 115//115 116//116 114//114 
f 113//113 114//114 112//112 
f 111//111 112//112 110//110 
f 109//109 110//110 108//108 
f 107//107 108//108 106//106 
f 105//105 106//106 104//104 
f 103//103 104//104 102//102 
f 101//101 102//102 100//100 
f 99//99 100//100 98//98 
f 97//97 98//98 96//96 
f 95//95 96//96 94//94 
f 93//93 94//94 92//92 
f 91//91 92//92 90//90 
f 89//89 90//90 88//88 
f 87//87 88//88 86//86 
f 85//85 86//86 84//84 
f 83//83 84//84 82//82 
f 81//81 82//82 80//80 
f 79//79 80//80 78//78 
f 77//77 78//78 76//76 
f 75//75 76//76 74//74 
f 73//73 74//74 72//72 
f 71//71 72//72 70//70 
f 69//69 70//70 68//68 
f 67//67 68//68 66//66 
f 65//65 66//66 64//64 
f 63//63 64//64 62//62 
f 61//61 62//62 60//60 
f 59//59 60//60 57//57 
o mesh7
v 0.0066284 0.00113527 0 
v 0.0066284 0.00113527 8e-05 
v 0.00665554 0.0010998 8e-05 
v 0.00665554 0.0010998 0 
v 0.00668122 0.00106325 8e-05 
v 0.00668122 0.00106325 0 
v 0.00670537 0.00102568 8e-05 
v 0.00670537 0.00102568 0 
v 0.00672797 0.000987146 8e-05 
v 0.00672797 0.000987146 0 
v 0.00674897 0.000947723 8e-05 
v 0.00674897 0.000947723 0 
v 0.00676834 0.000907474 8e-05 
v 0.00676834 0.000907474 0 
vn 0.781511 0.623892 0 
vn 0.781511 0.623892 0 
vn 0.806394 0.591378 0 
vn 0.806394 0.591378 0 
vn 0.829926 0.557874 0 
vn 0.829926 0.557874 0 
vn 0.852066 0.523434 0 
vn 0.852066 0.523434 0 
vn 0.872778 0.488117 0 
vn 0.872778 0.488117 0 
vn 0.892027 0.451982 0 
vn 0.892027 0.451982 0 
vn 0.909781 0.415089 0 
vn 0.909781 0.415089 0 
f 127//127 128//128 129//129 
f 130//130 129//129 131//131 
f 132//132 131//131 133//133 
f 134//134 133//133 135//135 
f 136//136 135//135 137//137 
f 138//138 137//137 139//139 
f 139//139 140//140 138//138 
f 137//137 138//138 136//136 
f 135//135 136//136 134//134 
f 133//133 134//134 132//132 
f 131//131 132//132 130//130 
f 129//129 130//130 127//127 
o mesh8
v 0.00640348 0.00137568 0 
v 0.00640348 0.00137568 8e-05 
v 0.00645236 0.0013314 8e-05 
v 0.00645236 0.0013314 0 
v 0.00649938 0.00128514 8e-05 
v 0.00649938 0.00128514 0 
v 0.00654444 0.00123697 8e-05 
v 0.00654444 0.00123697 0 
v 0.00658747 0.00118699 8e-05 
v 0.00658747 0.00118699 0 
v 0.0066284 0.00113527 8e-05 
v 0.0066284 0.00113527 0 
vn 0.655874 0.754871 0 
vn 0.655874 0.754871 0 
vn 0.686505 0.727125 0 
vn 0.686505 0.727125 0 
vn 0.715963 0.698138 0 
vn 0.715963 0.698138 0 
vn 0.744199 0.667958 0 
vn 0.744199 0.667958 0 
vn 0.771163 0.636637 0 
vn 0.771163 0.636637 0 
vn 0.796811 0.604229 0 
vn 0.796811 0.604229 0 
f 141//141 142//142 143//143 
f 144//144 143//143 145//145 
f 146//146 145//145 147//147 
f 148//148 147//147 149//149 
f 150//150 149//149 151//151 
f 151//151 152//152 150//150 
f 149//149 150//150 148//148 
f 147//147 148//148 146//146 
f 145//145 146//146 144//144 
f 143//143 144//144 141//141 
o mesh9
v 0.00576988 0.00178845 0 
v 0.00576988 0.00178845 8e-05 
v 0.00586673 0.00173991 8e-05 
v 0.00586673 0.00173991 0 
v 0.00596169 0.00168776 8e-05 
v 0.00596169 0.00168776 0 
v 0.00605462 0.00163208 8e-05 
v 0.00605462 0.00163208 0 
v 0.00614539 0.00157295 8e-05 
v 0.00614539 0.00157295 0 
v 0.00623387 0.00151044 8e-05 
v 0.00623387 0.00151044 0 
v 0.00631994 0.00144465 8e-05 
v 0.00631994 0.00144465 0 
v 0.00640348 0.00137568 8e-05 
v 0.00640348 0.00137568 0 
vn 0.431188 0.902262 0 
vn 0.431188 0.902262 0 
vn 0.464802 0.885415 0 
vn 0.464802 0.885415 0 
vn 0.497759 0.867315 0 
vn 0.497759 0.867315 0 
vn 0.530012 0.84799 0 
vn 0.530012 0.84799 0 
vn 0.561516 0.827466 0 
vn 0.561516 0.827466 0 
vn 0.592226 0.805772 0 
vn 0.592226 0.805772 0 
vn 0.622099 0.782938 0 
vn 0.622099 0.782938 0 
vn 0.651093 0.758998 0 
vn 0.651093 0.758998 0 
f 153//153 154//154 155//155 
f 156//156 155//155 157//157 
f 158//158 157//157 159//159 
f 160//160 159//159 161//161 
f 162//162 161//161 163//163 
f 164//164 163//163 165//165 
f 166//166 165//165 167//167 
f 167//167 168//168 166//166 
f 165//165 166//166 164//164 
f 163//163 164//164 162//162 
f 161//161 162//162 160//160 
f 159//159 160//160 158//158 
f 157//157 158//158 156//156 
f 155//155 156//156 153//153 
o mesh10
v 0.00494847 0.00210587 0 
v 0.00494847 0.00210587 8e-05 
v 0.00515859 0.00203937 8e-05 
v 0.00515859 0.00203937 0 
v 0.00536577 0.00196421 8e-05 
v 0.00536577 0.00196421 0 
v 0.00556965 0.00188052 8e-05 
v 0.00556965 0.00188052 0 
v 0.00576988 0.00178845 8e-05 
v 0.00576988 0.00178845 0 
vn 0.281923 0.959437 0 
vn 0.281923 0.959437 0 
vn 0.321466 0.946921 0 
vn 0.321466 0.946921 0 
vn 0.360456 0.932776 0 
vn 0.360456 0.932776 0 
vn 0.398827 0.917026 0 
vn 0.398827 0.917026 0 
vn 0.436511 0.899699 0 
vn 0.436511 0.899699 0 
f 169//169 170//170 171//171 
f 172//172 171//171 173//173 
f 174//174 173//173 175//175 
f 176//176 175//175 177//177 
f 177//177 178//178 176//176 
f 175//175 176//176 174//174 
f 173//173 174//174 172//172 
f 171//171 172//172 169//169 
o mesh11
v 0.00448895 0.00222813 0 
v 0.00448895 0.00222813 8e-05 
v 0.00471964 0.00217049 8e-05 
v 0.00471964 0.00217049 0 
v 0.00494847 0.00210587 8e-05 
v 0.00494847 0.00210587 0 
vn 0.227638 0.973746 0 
vn 0.227638 0.973746 0 
vn 0.257112 0.966382 0 
vn 0.257112 0.966382 0 
vn 0.286349 0.958125 0 
vn 0.286349 0.958125 0 
f 179//179 180//180 181//181 
f 182//182 181//181 183//183 
f 183//183 184//184 182//182 
f 181//181 182//182 179//179 
o mesh12
v 0.0030886 0.002448 0 
v 0.0030886 0.002448 8e-05 
v 0.00344158 0.00241313 8e-05 
v 0.00344158 0.00241313 0 
v 0.00379297 0.00236482 8e-05 
v 0.00379297 0.00236482 0 
v 0.00414226 0.00230312 8e-05 
v 0.00414226 0.00230312 0 
v 0.00448895 0.00222813 8e-05 
v 0.00448895 0.00222813 0 
vn 0.0792902 0.996852 0 
vn 0.0792902 0.996852 0 
vn 0.117286 0.993098 0 
vn 0.117286 0.993098 0 
vn 0.15511 0.987897 0 
vn 0.15511 0.987897 0 
vn 0.192709 0.981256 0 
vn 0.192709 0.981256 0 
vn 0.230027 0.973184 0 
vn 0.230027 0.973184 0 
f 185//185 186//186 187//187 
f 188//188 187//187 189//189 
f 190//190 189//189 191//191 
f 192//192 191//191 193//193 
f 193//193 194//194 192//192 
f 191//191 192//192 190//190 
f 189//189 190//190 188//188 
f 187//187 188//188 185//185 
o mesh13
v 0.00179435 0.00250472 0 
v 0.00179435 0.00250472 8e-05 
v 0.0030886 0.002448 8e-05 
v 0.0030886 0.002448 0 
vn 0.0238403 0.999716 0 
vn 0.0238403 0.999716 0 
vn 0.063695 0.997969 0 
vn 0.063695 0.997969 0 
f 195//195 196//196 197//197 
f 197//197 198//198 195//195 
o mesh14
v 0.00179435 0.00250472 0 
v 0.000946009 0.00249965 0 
v 0.000946009 0.00249965 8e-05 
v 0.00179435 0.00250472 8e-05 
vn -0.00799252 0.999968 0 
vn -0.00394782 0.999992 0 
vn -0.00394782 0.999992 0 
vn -0.00799252 0.999968 0 
f 199//199 200//200 201//201 
f 201//201 202//202 199//199 
o mesh15
v 0.000946009 0.00249965 8e-05 
v 0.000946009 0.00249965 0 
v -0.0047631 0.00249965 0 
v -0.0047631 0.00249965 8e-05 
vn 4.59441e-07 1 0 
vn 4.59441e-07 1 0 
vn 4.59441e-07 1 0 
vn 4.59441e-07 1 0 
f 203//203 204//204 205//205 
f 205//205 206//206 203//203 
o mesh16
v -0.00505982 0.00241505 0 
v -0.00505982 0.00241505 8e-05 
v -0.00504075 0.00242672 8e-05 
v -0.00504075 0.00242672 0 
v -0.00502121 0.00243758 8e-05 
v -0.00502121 0.00243758 0 
v -0.00500124 0.00244761 8e-05 
v -0.00500124 0.00244761 0 
v -0.00498086 0.0024568 8e-05 
v -0.00498086 0.0024568 0 
v -0.00496012 0.00246514 8e-05 
v -0.00496012 0.00246514 0 
v -0.00493905 0.0024726 8e-05 
v -0.00493905 0.0024726 0 
v -0.00491768 0.00247917 8e-05 
v -0.00491768 0.00247917 0 
v -0.00489606 0.00248485 8e-05 
v -0.00489606 0.00248485 0 
v -0.00487422 0.00248963 8e-05 
v -0.00487422 0.00248963 0 
v -0.00485221 0.00249348 8e-05 
v -0.00485221 0.00249348 0 
v -0.00483005 0.00249642 8e-05 
v -0.00483005 0.00249642 0 
v -0.00480778 0.00249843 8e-05 
v -0.00480778 0.00249843 0 
v -0.00478545 0.00249951 8e-05 
v -0.00478545 0.00249951 0 
v -0.0047631 0.00249965 8e-05 
v -0.0047631 0.00249965 0 
vn -0.539462 0.84201 0 
vn -0.539462 0.84201 0 
vn -0.503872 0.863778 0 
vn -0.503872 0.863778 0 
vn -0.467406 0.884043 0 
vn -0.467406 0.884043 0 
vn -0.430126 0.902769 0 
vn -0.430126 0.902769 0 
vn -0.392097 0.919924 0 
vn -0.392097 0.919924 0 
vn -0.353386 0.935478 0 
vn -0.353386 0.935478 0 
vn -0.314059 0.949403 0 
vn -0.314059 0.949403 0 
vn -0.274187 0.961677 0 
vn -0.274187 0.961677 0 
vn -0.233837 0.972276 0 
vn -0.233837 0.972276 0 
vn -0.19308 0.981183 0 
vn -0.19308 0.981183 0 
vn -0.151986 0.988383 0 
vn -0.151986 0.988383 0 
vn -0.110629 0.993862 0 
vn -0.110629 0.993862 0 
vn -0.0690787 0.997611 0 
vn -0.0690787 0.997611 0 
vn -0.0274083 0.999624 0 
vn -0.0274083 0.999624 0 
vn 0.0143098 0.999898 0 
vn 0.0143098 0.999898 0 
f 207//207 208//208 209//209 
f 210//210 209//209 211//211 
f 212//212 211//211 213//213 
f 214//214 213//213 215//215 
f 216//216 215//215 217//217 
f 218//218 217//217 219//219 
f 220//220 219//219 221//221 
f 222//222 221//221 223//223 
f 224//224 223//223 225//225 
f 226//226 225//225 227//227 
f 228//228 227//227 229//229 
f 230//230 229//229 231//231 
f 232//232 231//231 233//233 
f 234//234 233//233 235//235 
f 235//235 236//236 234//234 
f 233//233 234//234 232//232 
f 231//231 232//232 230//230 
f 229//229 230//230 228//228 
f 227//227 228//228 226//226 
f 225//225 226//226 224//224 
f 223//223 224//224 222//222 
f 221//221 222//222 220//220 
f 219//219 220//220 218//218 
f 217//217 218//218 216//216 
f 215//215 216//216 214//214 
f 213//213 214//214 212//212 
f 211//211 212//212 210//210 
f 209//209 210//210 207//207 
o mesh17
v -0.00517394 0.002311 0 
v -0.00517394 0.002311 8e-05 
v -0.00515941 0.00232769 8e-05 
v -0.00515941 0.00232769 0 
v -0.00514425 0.00234381 8e-05 
v -0.00514425 0.00234381 0 
v -0.00512849 0.00235934 8e-05 
v -0.00512849 0.00235934 0 
v -0.00511213 0.00237425 8e-05 
v -0.00511213 0.00237425 0 
v -0.00509522 0.00238852 8e-05 
v -0.00509522 0.00238852 0 
v -0.00507778 0.00240212 8e-05 
v -0.00507778 0.00240212 0 
v -0.00505982 0.00241505 8e-05 
v -0.00505982 0.00241505 0 
vn -0.766728 0.641972 0 
vn -0.766728 0.641972 0 
vn -0.74151 0.670942 0 
vn -0.74151 0.670942 0 
vn -0.715198 0.698922 0 
vn -0.715198 0.698922 0 
vn -0.687831 0.725871 0 
vn -0.687831 0.725871 0 
vn -0.659449 0.75175 0 
vn -0.659449 0.75175 0 
vn -0.630094 0.776519 0 
vn -0.630094 0.776519 0 
vn -0.599809 0.800143 0 
vn -0.599809 0.800143 0 
vn -0.56864 0.822586 0 
vn -0.56864 0.822586 0 
f 237//237 238//238 239//239 
f 240//240 239//239 241//241 
f 242//242 241//241 243//243 
f 244//244 243//243 245//245 
f 246//246 245//245 247//247 
f 248//248 247//247 249//249 
f 250//250 249//249 251//251 
f 251//251 252//252 250//250 
f 249//249 250//250 248//248 
f 247//247 248//248 246//246 
f 245//245 246//246 244//244 
f 243//243 244//244 242//242 
f 241//241 242//242 240//240 
f 239//239 240//240 237//237 
o mesh18
v -0.00524303 0.00215697 0 
v -0.00524303 0.00215697 8e-05 
v -0.00523901 0.00217349 8e-05 
v -0.00523901 0.00217349 0 
v -0.00523433 0.00218983 8e-05 
v -0.00523433 0.00218983 0 
v -0.00522898 0.00220596 8e-05 
v -0.00522898 0.00220596 0 
v -0.00522299 0.00222187 8e-05 
v -0.00522299 0.00222187 0 
v -0.00521635 0.00223752 8e-05 
v -0.00521635 0.00223752 0 
v -0.00520907 0.00225288 8e-05 
v -0.00520907 0.00225288 0 
v -0.00520118 0.00226794 8e-05 
v -0.00520118 0.00226794 0 
v -0.00519269 0.00228266 8e-05 
v -0.00519269 0.00228266 0 
v -0.0051836 0.00229702 8e-05 
v -0.0051836 0.00229702 0 
v -0.00517394 0.002311 8e-05 
v -0.00517394 0.002311 0 
vn -0.976283 0.216498 0 
vn -0.976283 0.216498 0 
vn -0.966668 0.256032 0 
vn -0.966668 0.256032 0 
vn -0.955454 0.295141 0 
vn -0.955454 0.295141 0 
vn -0.942657 0.333762 0 
vn -0.942657 0.333762 0 
vn -0.928301 0.371831 0 
vn -0.928301 0.371831 0 
vn -0.912407 0.409284 0 
vn -0.912407 0.409284 0 
vn -0.895004 0.446059 0 
vn -0.895004 0.446059 0 
vn -0.876118 0.482096 0 
vn -0.876118 0.482096 0 
vn -0.855783 0.517335 0 
vn -0.855783 0.517335 0 
vn -0.834031 0.551718 0 
vn -0.834031 0.551718 0 
vn -0.810898 0.585187 0 
vn -0.810898 0.585187 0 
f 253//253 254//254 255//255 
f 256//256 255//255 257//257 
f 258//258 257//257 259//259 
f 260//260 259//259 261//261 
f 262//262 261//261 263//263 
f 264//264 263//263 265//265 
f 266//266 265//265 267//267 
f 268//268 267//267 269//269 
f 270//270 269//269 271//271 
f 272//272 271//271 273//273 
f 273//273 274//274 272//272 
f 271//271 272//272 270//270 
f 269//269 270//270 268//268 
f 267//267 268//268 266//266 
f 265//265 266//266 264//264 
f 263//263 264//264 262//262 
f 261//261 262//262 260//260 
f 259//259 260//260 258//258 
f 257//257 258//258 256//256 
f 255//255 256//256 253//253 
o mesh19
v -0.00529525 0.00205369 0 
v -0.00530267 0.0020447 0 
v -0.00530267 0.0020447 8e-05 
v -0.00528821 0.00206296 0 
v -0.00529525 0.00205369 8e-05 
v -0.00528154 0.00207252 0 
v -0.00528821 0.00206296 8e-05 
v -0.00527526 0.00208234 0 
v -0.00528154 0.00207252 8e-05 
v -0.00526939 0.0020924 0 
v -0.00527526 0.00208234 8e-05 
v -0.00526392 0.00210269 0 
v -0.00526939 0.0020924 8e-05 
v -0.00525887 0.00211319 0 
v -0.00526392 0.00210269 8e-05 
v -0.00525425 0.00212389 0 
v -0.00525887 0.00211319 8e-05 
v -0.00525007 0.00213476 0 
v -0.00525425 0.00212389 8e-05 
v -0.00524633 0.0021458 0 
v -0.00525007 0.00213476 8e-05 
v -0.00524303 0.00215697 0 
v -0.00524633 0.0021458 8e-05 
v -0.00524303 0.00215697 8e-05 
vn -0.784029 0.620724 0 
vn -0.758377 0.651816 0 
vn -0.758377 0.651816 0 
vn -0.808408 0.588623 0 
vn -0.784029 0.620724 0 
vn -0.831473 0.555565 0 
vn -0.808408 0.588623 0 
vn -0.853187 0.521605 0 
vn -0.831473 0.555565 0 
vn -0.873515 0.486798 0 
vn -0.853187 0.521605 0 
vn -0.892423 0.451199 0 
vn -0.873515 0.486798 0 
vn -0.909882 0.414867 0 
vn -0.892423 0.451199 0 
vn -0.925862 0.377862 0 
vn -0.909882 0.414867 0 
vn -0.940338 0.340242 0 
vn -0.925862 0.377862 0 
vn -0.953286 0.302069 0 
vn -0.940338 0.340242 0 
vn -0.964685 0.263406 0 
vn -0.953286 0.302069 0 
vn -0.964685 0.263406 0 
f 275//275 276//276 277//277 
f 278//278 275//275 279//279 
f 280//280 278//278 281//281 
f 282//282 280//280 283//283 
f 284//284 282//282 285//285 
f 286//286 284//284 287//287 
f 288//288 286//286 289//289 
f 290//290 288//288 291//291 
f 292//292 290//290 293//293 
f 294//294 292//292 295//295 
f 296//296 294//294 297//297 
f 297//297 298//298 296//296 
f 295//295 297//297 294//294 
f 293//293 295//295 292//292 
f 291//291 293//293 290//290 
f 289//289 291//291 288//288 
f 287//287 289//289 286//286 
f 285//285 287//287 284//284 
f 283//283 285//285 282//282 
f 281//281 283//283 280//280 
f 279//279 281//281 278//278 
f 277//277 279//279 275//275 
o mesh20
v -0.00535218 0.00194086 0 
v -0.00535218 0.00194086 8e-05 
v -0.00535069 0.00194906 8e-05 
v -0.00535069 0.00194906 0 
v -0.00534888 0.00195719 8e-05 
v -0.00534888 0.00195719 0 
v -0.00534673 0.00196524 8e-05 
v -0.00534673 0.00196524 0 
v -0.00534426 0.00197319 8e-05 
v -0.00534426 0.00197319 0 
v -0.00534146 0.00198104 8e-05 
v -0.00534146 0.00198104 0 
v -0.00533834 0.00198876 8e-05 
v -0.00533834 0.00198876 0 
v -0.00533491 0.00199635 8e-05 
v -0.00533491 0.00199635 0 
v -0.00533117 0.0020038 8e-05 
v -0.00533117 0.0020038 0 
v -0.00532713 0.00201108 8e-05 
v -0.00532713 0.00201108 0 
v -0.0053228 0.00201819 8e-05 
v -0.0053228 0.00201819 0 
v -0.00531818 0.00202512 8e-05 
v -0.00531818 0.00202512 0 
v -0.00531328 0.00203186 8e-05 
v -0.00531328 0.00203186 0 
v -0.0053081 0.00203839 8e-05 
v -0.0053081 0.00203839 0 
v -0.00530267 0.0020447 8e-05 
v -0.00530267 0.0020447 0 
vn -0.987483 0.157724 0 
vn -0.987483 0.157724 0 
vn -0.980202 0.198001 0 
vn -0.980202 0.198001 0 
vn -0.971278 0.237946 0 
vn -0.971278 0.237946 0 
vn -0.960728 0.277493 0 
vn -0.960728 0.277493 0 
vn -0.948568 0.316575 0 
vn -0.948568 0.316575 0 
vn -0.934818 0.355126 0 
vn -0.934818 0.355126 0 
vn -0.919503 0.393083 0 
vn -0.919503 0.393083 0 
vn -0.902647 0.430381 0 
vn -0.902647 0.430381 0 
vn -0.88428 0.466958 0 
vn -0.88428 0.466958 0 
vn -0.86443 0.502752 0 
vn -0.86443 0.502752 0 
vn -0.843133 0.537705 0 
vn -0.843133 0.537705 0 
vn -0.820423 0.571757 0 
vn -0.820423 0.571757 0 
vn -0.796339 0.604851 0 
vn -0.796339 0.604851 0 
vn -0.770921 0.636931 0 
vn -0.770921 0.636931 0 
vn -0.744211 0.667945 0 
vn -0.744211 0.667945 0 
f 299//299 300//300 301//301 
f 302//302 301//301 303//303 
f 304//304 303//303 305//305 
f 306//306 305//305 307//307 
f 308//308 307//307 309//309 
f 310//310 309//309 311//311 
f 312//312 311//311 313//313 
f 314//314 313//313 315//315 
f 316//316 315//315 317//317 
f 318//318 317//317 319//319 
f 320//320 319//319 321//321 
f 322//322 321//321 323//323 
f 324//324 323//323 325//325 
f 326//326 325//325 327//327 
f 327//327 328//328 326//326 
f 325//325 326//326 324//324 
f 323//323 324//324 322//322 
f 321//321 322//322 320//320 
f 319//319 320//320 318//318 
f 317//317 318//318 316//316 
f 315//315 316//316 314//314 
f 313//313 314//314 312//312 
f 311//311 312//312 310//310 
f 309//309 310//310 308//308 
f 307//307 308//308 306//306 
f 305//305 306//306 304//304 
f 303//303 304//304 302//302 
f 301//301 302//302 299//299 
o mesh21
v -0.00535218 0.00194086 8e-05 
v -0.00535218 0.00194086 0 
v -0.00538295 0.00173313 0 
v -0.00538295 0.00173313 8e-05 
vn -0.989203 0.146549 0 
vn -0.989203 0.146549 0 
vn -0.989203 0.146549 0 
vn -0.989203 0.146549 0 
f 329//329 330//330 331//331 
f 331//331 332//332 329//329 
o mesh22
v -0.00538295 0.00173313 8e-05 
v -0.00538295 0.00173313 0 
v -0.00563025 0.00176977 0 
v -0.00563025 0.00176977 8e-05 
vn 0.146549 0.989203 0 
vn 0.146549 0.989203 0 
vn 0.146549 0.989203 0 
vn 0.146549 0.989203 0 
f 333//333 334//334 335//335 
f 335//335 336//336 333//333 
o mesh23
v -0.00563025 0.00176977 8e-05 
v -0.00563025 0.00176977 0 
v -0.00566689 0.00152247 0 
v -0.00566689 0.00152247 8e-05 
vn -0.989203 0.146549 0 
vn -0.989203 0.146549 0 
vn -0.989203 0.146549 0 
vn -0.989203 0.146549 0 
f 337//337 338//338 339//339 
f 339//339 340//340 337//337 
o mesh24
v -0.00566689 0.00152247 8e-05 
v -0.00566689 0.00152247 0 
v -0.00591419 0.0015591 0 
v -0.00591419 0.0015591 8e-05 
vn 0.146549 0.989203 0 
vn 0.146549 0.989203 0 
vn 0.146549 0.989203 0 
vn 0.146549 0.989203 0 
f 341//341 342//342 343//343 
f 343//343 344//344 341//341 
o mesh25
v -0.00591419 0.0015591 8e-05 
v -0.00591419 0.0015591 0 
v -0.00584678 0.00201414 0 
v -0.00584678 0.00201414 8e-05 
vn 0.989203 -0.146549 0 
vn 0.989203 -0.146549 0 
vn 0.989203 -0.146549 0 
vn 0.989203 -0.146549 0 
f 345//345 346//346 347//347 
f 347//347 348//348 345//345 
o mesh26
v -0.00584678 0.00201414 8e-05 
v -0.00584678 0.00201414 0 
v -0.00609408 0.00205078 0 
v -0.00609408 0.00205078 8e-05 
vn 0.146549 0.989203 0 
vn 0.146549 0.989203 0 
vn 0.146549 0.989203 0 
vn 0.146549 0.989203 0 
f 349//349 350//350 351//351 
f 351//351 352//352 349//349 
o mesh27
v -0.00609408 0.00205078 8e-05 
v -0.00609408 0.00205078 0 
v -0.00616149 0.00159574 0 
v -0.00616149 0.00159574 8e-05 
vn -0.989203 0.146549 0 
vn -0.989203 0.146549 0 
vn -0.989203 0.146549 0 
vn -0.989203 0.146549 0 
f 353//353 354//354 355//355 
f 355//355 356//356 353//353 
o mesh28
v -0.00616149 0.00159574 8e-05 
v -0.00616149 0.00159574 0 
v -0.00640879 0.00163238 0 
v -0.00640879 0.00163238 8e-05 
vn 0.146549 0.989203 0 
vn 0.146549 0.989203 0 
vn 0.146549 0.989203 0 
vn 0.146549 0.989203 0 
f 357//357 358//358 359//359 
f 359//359 360//360 357//357 
o mesh29
v -0.00640879 0.00163238 8e-05 
v -0.00640879 0.00163238 0 
v -0.00637215 0.00187968 0 
v -0.00637215 0.00187968 8e-05 
vn 0.989203 -0.146549 0 
vn 0.989203 -0.146549 0 
vn 0.989203 -0.146549 0 
vn 0.989203 -0.146549 0 
f 361//361 362//362 363//363 
f 363//363 364//364 361//361 
o mesh30
v -0.00637215 0.00187968 8e-05 
v -0.00637215 0.00187968 0 
v -0.00661946 0.00191632 0 
v -0.00661946 0.00191632 8e-05 
vn 0.146549 0.989203 0 
vn 0.146549 0.989203 0 
vn 0.146549 0.989203 0 
vn 0.146549 0.989203 0 
f 365//365 366//366 367//367 
f 367//367 368//368 365//365 
o mesh31
v -0.00661946 0.00191632 8e-05 
v -0.00661946 0.00191632 0 
v -0.00665609 0.00166902 0 
v -0.00665609 0.00166902 8e-05 
vn -0.989203 0.146549 0 
vn -0.989203 0.146549 0 
vn -0.989203 0.146549 0 
vn -0.989203 0.146549 0 
f 369//369 370//370 371//371 
f 371//371 372//372 369//369 
o mesh32
v -0.00665609 0.00166902 8e-05 
v -0.00665609 0.00166902 0 
v -0.00627348 0.00137974 0 
v -0.00627348 0.00137974 8e-05 
vn -0.603082 -0.797679 0 
vn -0.603082 -0.797679 0 
vn -0.603082 -0.797679 0 
vn -0.603082 -0.797679 0 
f 373//373 374//374 375//375 
f 375//375 376//376 373//373 
o mesh33
v -0.00605951 0.00113091 0 
v -0.00603498 0.00109077 0 
v -0.00603498 0.00109077 8e-05 
v -0.00608563 0.00117002 0 
v -0.00605951 0.00113091 8e-05 
v -0.00611332 0.00120805 0 
v -0.00608563 0.00117002 8e-05 
v -0.00614252 0.00124492 0 
v -0.00611332 0.00120805 8e-05 
v -0.00617319 0.00128059 0 
v -0.00614252 0.00124492 8e-05 
v -0.00620527 0.00131498 0 
v -0.00617319 0.00128059 8e-05 
v -0.00623872 0.00134805 0 
v -0.00620527 0.00131498 8e-05 
v -0.00627348 0.00137974 0 
v -0.00623872 0.00134805 8e-05 
v -0.00627348 0.00137974 8e-05 
vn -0.842604 -0.538534 0 
vn -0.863684 -0.504034 0 
vn -0.863684 -0.504034 0 
vn -0.820147 -0.572154 0 
vn -0.842604 -0.538534 0 
vn -0.796348 -0.604838 0 
vn -0.820147 -0.572154 0 
vn -0.771249 -0.636534 0 
vn -0.796348 -0.604838 0 
vn -0.744888 -0.667189 0 
vn -0.771249 -0.636534 0 
vn -0.71731 -0.696754 0 
vn -0.744888 -0.667189 0 
vn -0.68856 -0.72518 0 
vn -0.71731 -0.696754 0 
vn -0.658684 -0.75242 0 
vn -0.68856 -0.72518 0 
vn -0.658684 -0.75242 0 
f 377//377 378//378 379//379 
f 380//380 377//377 381//381 
f 382//382 380//380 383//383 
f 384//384 382//382 385//385 
f 386//386 384//384 387//387 
f 388//388 386//386 389//389 
f 390//390 388//388 391//391 
f 392//392 390//390 393//393 
f 393//393 394//394 392//392 
f 391//391 393//393 390//390 
f 389//389 391//391 388//388 
f 387//387 389//389 386//386 
f 385//385 387//387 384//384 
f 383//383 385//385 382//382 
f 381//381 383//383 380//380 
f 379//379 381//381 377//377 
o mesh34
v -0.0058665 0.000652817 0 
v -0.00583497 0.000539714 0 
v -0.00583497 0.000539714 8e-05 
v -0.00590233 0.000764636 0 
v -0.0058665 0.000652817 8e-05 
v -0.00594239 0.000875008 0 
v -0.00590233 0.000764636 8e-05 
v -0.00598663 0.000983773 0 
v -0.00594239 0.000875008 8e-05 
v -0.00603498 0.00109077 0 
v -0.00598663 0.000983773 8e-05 
v -0.00603498 0.00109077 8e-05 
vn -0.957958 -0.286908 0 
vn -0.968197 -0.250188 0 
vn -0.968197 -0.250188 0 
vn -0.946327 -0.323211 0 
vn -0.957958 -0.286908 0 
vn -0.933321 -0.359044 0 
vn -0.946327 -0.323211 0 
vn -0.918958 -0.394356 0 
vn -0.933321 -0.359044 0 
vn -0.90326 -0.429094 0 
vn -0.918958 -0.394356 0 
vn -0.90326 -0.429094 0 
f 395//395 396//396 397//397 
f 398//398 395//395 399//399 
f 400//400 398//398 401//401 
f 402//402 400//400 403//403 
f 404//404 402//402 405//405 
f 405//405 406//406 404//404 
f 403//403 405//405 402//402 
f 401//401 403//403 400//400 
f 399//399 401//401 398//398 
f 397//397 399//399 395//395 
o mesh35
v -0.0057784 0.000335921 0 
v -0.0057784 0.000335921 8e-05 
v -0.00583497 0.000539714 8e-05 
v -0.00583497 0.000539714 0 
vn -0.961798 -0.27376 0 
vn -0.961798 -0.27376 0 
vn -0.96531 -0.261105 0 
vn -0.96531 -0.261105 0 
f 407//407 408//408 409//409 
f 409//409 410//410 407//407 
o mesh36
v -0.00549428 -0.000384104 0 
v -0.00549428 -0.000384104 8e-05 
v -0.00556292 -0.000245047 8e-05 
v -0.00556292 -0.000245047 0 
v -0.00562576 -0.000103272 8e-05 
v -0.00562576 -0.000103272 0 
v -0.00568268 4.09795e-05 8e-05 
v -0.00568268 4.09795e-05 0 
v -0.00573359 0.000187461 8e-05 
v -0.00573359 0.000187461 0 
v -0.0057784 0.000335921 8e-05 
v -0.0057784 0.000335921 0 
vn -0.887354 -0.461088 0 
vn -0.887354 -0.461088 0 
vn -0.905656 -0.424013 0 
vn -0.905656 -0.424013 0 
vn -0.92241 -0.386212 0 
vn -0.92241 -0.386212 0 
vn -0.937587 -0.347751 0 
vn -0.937587 -0.347751 0 
vn -0.951161 -0.308696 0 
vn -0.951161 -0.308696 0 
vn -0.963109 -0.269113 0 
vn -0.963109 -0.269113 0 
f 411//411 412//412 413//413 
f 414//414 413//413 415//415 
f 416//416 415//415 417//417 
f 418//418 417//417 419//419 
f 420//420 419//419 421//421 
f 421//421 422//422 420//420 
f 419//419 420//420 418//418 
f 417//417 418//418 416//416 
f 415//415 416//416 414//414 
f 413//413 414//414 411//411 
o mesh37
v -0.00479523 -0.00132089 0 
v -0.00479523 -0.00132089 8e-05 
v -0.00489818 -0.00121639 8e-05 
v -0.00489818 -0.00121639 0 
v -0.00499697 -0.00110794 8e-05 
v -0.00499697 -0.00110794 0 
v -0.00509144 -0.000995713 8e-05 
v -0.00509144 -0.000995713 0 
v -0.00518145 -0.000879881 8e-05 
v -0.00518145 -0.000879881 0 
v -0.00526687 -0.000760619 8e-05 
v -0.00526687 -0.000760619 0 
v -0.00534756 -0.00063811 8e-05 
v -0.00534756 -0.00063811 0 
v -0.0054234 -0.000512541 8e-05 
v -0.0054234 -0.000512541 0 
v -0.00549428 -0.000384104 8e-05 
v -0.00549428 -0.000384104 0 
vn -0.698535 -0.715576 0 
vn -0.698535 -0.715576 0 
vn -0.725968 -0.687728 0 
vn -0.725968 -0.687728 0 
vn -0.752292 -0.65883 0 
vn -0.752292 -0.65883 0 
vn -0.777467 -0.628924 0 
vn -0.777467 -0.628924 0 
vn -0.801453 -0.598058 0 
vn -0.801453 -0.598058 0 
vn -0.824215 -0.566278 0 
vn -0.824215 -0.566278 0 
vn -0.845717 -0.533632 0 
vn -0.845717 -0.533632 0 
vn -0.865927 -0.500171 0 
vn -0.865927 -0.500171 0 
vn -0.884813 -0.465946 0 
vn -0.884813 -0.465946 0 
f 423//423 424//424 425//425 
f 426//426 425//425 427//427 
f 428//428 427//427 429//429 
f 430//430 429//429 431//431 
f 432//432 431//431 433//433 
f 434//434 433//433 435//435 
f 436//436 435//435 437//437 
f 438//438 437//437 439//439 
f 439//439 440//440 438//438 
f 437//437 438//438 436//436 
f 435//435 436//436 434//434 
f 433//433 434//434 432//432 
f 431//431 432//432 430//430 
f 429//429 430//430 428//428 
f 427//427 428//428 426//426 
f 425//425 426//426 423//423 
o mesh38
v -0.004684 -0.00142139 0 
v -0.004684 -0.00142139 8e-05 
v -0.00472246 -0.00138944 8e-05 
v -0.00472246 -0.00138944 0 
v -0.00475956 -0.00135592 8e-05 
v -0.00475956 -0.00135592 0 
v -0.00479523 -0.00132089 8e-05 
v -0.00479523 -0.00132089 0 
vn -0.622893 -0.782307 0 
vn -0.622893 -0.782307 0 
vn -0.654843 -0.755765 0 
vn -0.654843 -0.755765 0 
vn -0.685663 -0.727919 0 
vn -0.685663 -0.727919 0 
vn -0.7153 -0.698818 0 
vn -0.7153 -0.698818 0 
f 441//441 442//442 443//443 
f 444//444 443//443 445//445 
f 446//446 445//445 447//447 
f 447//447 448//448 446//446 
f 445//445 446//446 444//444 
f 443//443 444//444 441//441 
o mesh39
v -0.004684 -0.00142139 8e-05 
v -0.004684 -0.00142139 0 
v -0.00467714 -0.00142681 0 
v -0.00467714 -0.00142681 8e-05 
vn -0.620051 -0.784561 0 
vn -0.620051 -0.784561 0 
vn -0.620051 -0.784561 0 
vn -0.620051 -0.784561 0 
f 449//449 450//450 451//451 
f 451//451 452//452 449//449 
o mesh40
v -0.00468851 -0.00121332 0 
v -0.00468851 -0.00121332 8e-05 
v -0.00468382 -0.00121715 8e-05 
v -0.00468382 -0.00121715 0 
v -0.00467929 -0.00122117 8e-05 
v -0.00467929 -0.00122117 0 
v -0.00467494 -0.00122538 8e-05 
v -0.00467494 -0.00122538 0 
v -0.00467078 -0.00122978 8e-05 
v -0.00467078 -0.00122978 0 
v -0.0046668 -0.00123435 8e-05 
v -0.0046668 -0.00123435 0 
v -0.00466302 -0.00123908 8e-05 
v -0.00466302 -0.00123908 0 
v -0.00465945 -0.00124397 8e-05 
v -0.00465945 -0.00124397 0 
v -0.0046561 -0.00124901 8e-05 
v -0.0046561 -0.00124901 0 
v -0.00465296 -0.00125419 8e-05 
v -0.00465296 -0.00125419 0 
v -0.00465004 -0.0012595 8e-05 
v -0.00465004 -0.0012595 0 
v -0.00464736 -0.00126493 8e-05 
v -0.00464736 -0.00126493 0 
v -0.00464491 -0.00127047 8e-05 
v -0.00464491 -0.00127047 0 
v -0.00464269 -0.0012761 8e-05 
v -0.00464269 -0.0012761 0 
v -0.00464073 -0.00128183 8e-05 
v -0.00464073 -0.00128183 0 
v -0.004639 -0.00128764 8e-05 
v -0.004639 -0.00128764 0 
v -0.00463753 -0.00129351 8e-05 
v -0.00463753 -0.00129351 0 
v -0.00463631 -0.00129944 8e-05 
v -0.00463631 -0.00129944 0 
v -0.00463535 -0.00130542 8e-05 
v -0.00463535 -0.00130542 0 
v -0.00463464 -0.00131143 8e-05 
v -0.00463464 -0.00131143 0 
v -0.00463418 -0.00131747 8e-05 
v -0.00463418 -0.00131747 0 
v -0.00463399 -0.00132353 8e-05 
v -0.00463399 -0.00132353 0 
v -0.00463406 -0.00132958 8e-05 
v -0.00463406 -0.00132958 0 
v -0.00463438 -0.00133563 8e-05 
v -0.00463438 -0.00133563 0 
v -0.00463497 -0.00134166 8e-05 
v -0.00463497 -0.00134166 0 
v -0.00463581 -0.00134765 8e-05 
v -0.00463581 -0.00134765 0 
v -0.0046369 -0.00135361 8e-05 
v -0.0046369 -0.00135361 0 
v -0.00463825 -0.00135951 8e-05 
v -0.00463825 -0.00135951 0 
v -0.00463985 -0.00136535 8e-05 
v -0.00463985 -0.00136535 0 
v -0.0046417 -0.00137112 8e-05 
v -0.0046417 -0.00137112 0 
v -0.0046438 -0.0013768 8e-05 
v -0.0046438 -0.0013768 0 
v -0.00464613 -0.00138239 8e-05 
v -0.00464613 -0.00138239 0 
v -0.0046487 -0.00138787 8e-05 
v -0.0046487 -0.00138787 0 
v -0.00465151 -0.00139324 8e-05 
v -0.00465151 -0.00139324 0 
v -0.00465454 -0.00139849 8e-05 
v -0.00465454 -0.00139849 0 
v -0.00465779 -0.00140359 8e-05 
v -0.00465779 -0.00140359 0 
v -0.00466125 -0.00140856 8e-05 
v -0.00466125 -0.00140856 0 
v -0.00466493 -0.00141337 8e-05 
v -0.00466493 -0.00141337 0 
v -0.00466881 -0.00141802 8e-05 
v -0.00466881 -0.00141802 0 
v -0.00467288 -0.0014225 8e-05 
v -0.00467288 -0.0014225 0 
v -0.00467714 -0.00142681 8e-05 
v -0.00467714 -0.00142681 0 
vn 0.615008 0.788521 0 
vn 0.615008 0.788521 0 
vn 0.648153 0.76151 0 
vn 0.648153 0.76151 0 
vn 0.680112 0.733108 0 
vn 0.680112 0.733108 0 
vn 0.710829 0.703365 0 
vn 0.710829 0.703365 0 
vn 0.740246 0.672337 0 
vn 0.740246 0.672337 0 
vn 0.768309 0.640079 0 
vn 0.768309 0.640079 0 
vn 0.794968 0.606651 0 
vn 0.794968 0.606651 0 
vn 0.820174 0.572114 0 
vn 0.820174 0.572114 0 
vn 0.84388 0.536532 0 
vn 0.84388 0.536532 0 
vn 0.866044 0.499968 0 
vn 0.866044 0.499968 0 
vn 0.886624 0.462491 0 
vn 0.886624 0.462491 0 
vn 0.905584 0.424167 0 
vn 0.905584 0.424167 0 
vn 0.922888 0.385069 0 
vn 0.922888 0.385069 0 
vn 0.938505 0.345267 0 
vn 0.938505 0.345267 0 
vn 0.952406 0.304833 0 
vn 0.952406 0.304833 0 
vn 0.964566 0.263842 0 
vn 0.964566 0.263842 0 
vn 0.974963 0.222369 0 
vn 0.974963 0.222369 0 
vn 0.983577 0.180489 0 
vn 0.983577 0.180489 0 
vn 0.990393 0.138279 0 
vn 0.990393 0.138279 0 
vn 0.995399 0.0958169 0 
vn 0.995399 0.0958169 0 
vn 0.998585 0.0531792 0 
vn 0.998585 0.0531792 0 
vn 0.999945 0.0104443 0 
vn 0.999945 0.0104443 0 
vn 0.999478 -0.0323096 0 
vn 0.999478 -0.0323096 0 
vn 0.997183 -0.0750045 0 
vn 0.997183 -0.0750045 0 
vn 0.993066 -0.117562 0 
vn 0.993066 -0.117562 0 
vn 0.987132 -0.159905 0 
vn 0.987132 -0.159905 0 
vn 0.979395 -0.201956 0 
vn 0.979395 -0.201956 0 
vn 0.969866 -0.243637 0 
vn 0.969866 -0.243637 0 
vn 0.958565 -0.284873 0 
vn 0.958565 -0.284873 0 
vn 0.945512 -0.325588 0 
vn 0.945512 -0.325588 0 
vn 0.93073 -0.365708 0 
vn 0.93073 -0.365708 0 
vn 0.914246 -0.40516 0 
vn 0.914246 -0.40516 0 
vn 0.896091 -0.44387 0 
vn 0.896091 -0.44387 0 
vn 0.876298 -0.481769 0 
vn 0.876298 -0.481769 0 
vn 0.854903 -0.518788 0 
vn 0.854903 -0.518788 0 
vn 0.831945 -0.554858 0 
vn 0.831945 -0.554858 0 
vn 0.807466 -0.589914 0 
vn 0.807466 -0.589914 0 
vn 0.781511 -0.623891 0 
vn 0.781511 -0.623891 0 
vn 0.754128 -0.656728 0 
vn 0.754128 -0.656728 0 
vn 0.725365 -0.688364 0 
vn 0.725365 -0.688364 0 
vn 0.695277 -0.718742 0 
vn 0.695277 -0.718742 0 
f 453//453 454//454 455//455 
f 456//456 455//455 457//457 
f 458//458 457//457 459//459 
f 460//460 459//459 461//461 
f 462//462 461//461 463//463 
f 464//464 463//463 465//465 
f 466//466 465//465 467//467 
f 468//468 467//467 469//469 
f 470//470 469//469 471//471 
f 472//472 471//471 473//473 
f 474//474 473//473 475//475 
f 476//476 475//475 477//477 
f 478//478 477//477 479//479 
f 480//480 479//479 481//481 
f 482//482 481//481 483//483 
f 484//484 483//483 485//485 
f 486//486 485//485 487//487 
f 488//488 487//487 489//489 
f 490//490 489//489 491//491 
f 492//492 491//491 493//493 
f 494//494 493//493 495//495 
f 496//496 495//495 497//497 
f 498//498 497//497 499//499 
f 500//500 499//499 501//501 
f 502//502 501//501 503//503 
f 504//504 503//503 505//505 
f 506//506 505//505 507//507 
f 508//508 507//507 509//509 
f 510//510 509//509 511//511 
f 512//512 511//511 513//513 
f 514//514 513//513 515//515 
f 516//516 515//515 517//517 
f 518//518 517//517 519//519 
f 520//520 519//519 521//521 
f 522//522 521//521 523//523 
f 524//524 523//523 525//525 
f 526//526 525//525 527//527 
f 528//528 527//527 529//529 
f 530//530 529//529 531//531 
f 532//532 531//531 533//533 
f 533//533 534//534 532//532 
f 531//531 532//532 530//530 
f 529//529 530//530 528//528 
f 527//527 528//528 526//526 
f 525//525 526//526 524//524 
f 523//523 524//524 522//522 
f 521//521 522//522 520//520 
f 519//519 520//520 518//518 
f 517//517 518//518 516//516 
f 515//515 516//516 514//514 
f 513//513 514//514 512//512 
f 511//511 512//512 510//510 
f 509//509 510//510 508//508 
f 507//507 508//508 506//506 
f 505//505 506//506 504//504 
f 503//503 504//504 502//502 
f 501//501 502//502 500//500 
f 499//499 500//500 498//498 
f 497//497 498//498 496//496 
f 495//495 496//496 494//494 
f 493//493 494//494 492//492 
f 491//491 492//492 490//490 
f 489//489 490//490 488//488 
f 487//487 488//488 486//486 
f 485//485 486//486 484//484 
f 483//483 484//484 482//482 
f 481//481 482//482 480//480 
f 479//479 480//480 478//478 
f 477//477 478//478 476//476 
f 475//475 476//476 474//474 
f 473//473 474//474 472//472 
f 471//471 472//472 470//470 
f 469//469 470//470 468//468 
f 467//467 468//468 466//466 
f 465//465 466//466 464//464 
f 463//463 464//464 462//462 
f 461//461 462//462 460//460 
f 459//459 460//460 458//458 
f 457//457 458//458 456//456 
f 455//455 456//456 453//453 
o mesh41
v -0.00528886 -0.000434293 0 
v -0.00535662 -0.000310725 0 
v -0.00535662 -0.000310725 8e-05 
v -0.00521637 -0.000555143 0 
v -0.00528886 -0.000434293 8e-05 
v -0.00513925 -0.000673093 0 
v -0.00521637 -0.000555143 8e-05 
v -0.00505762 -0.000787967 0 
v -0.00513925 -0.000673093 8e-05 
v -0.0049716 -0.000899592 0 
v -0.00505762 -0.000787967 8e-05 
v -0.00488131 -0.0010078 0 
v -0.0049716 -0.000899592 8e-05 
v -0.0047869 -0.00111243 0 
v -0.00488131 -0.0010078 8e-05 
v -0.00468851 -0.00121332 0 
v -0.0047869 -0.00111243 8e-05 
v -0.00468851 -0.00121332 8e-05 
vn 0.867353 0.497693 0 
vn 0.885985 0.463713 0 
vn 0.885985 0.463713 0 
vn 0.847419 0.530925 0 
vn 0.867353 0.497693 0 
vn 0.826211 0.56336 0 
vn 0.847419 0.530925 0 
vn 0.803763 0.594949 0 
vn 0.826211 0.56336 0 
vn 0.780108 0.625645 0 
vn 0.803763 0.594949 0 
vn 0.755281 0.655401 0 
vn 0.780108 0.625645 0 
vn 0.72932 0.684172 0 
vn 0.755281 0.655401 0 
vn 0.702264 0.711916 0 
vn 0.72932 0.684172 0 
vn 0.702264 0.711916 0 
f 535//535 536//536 537//537 
f 538//538 535//535 539//539 
f 540//540 538//538 541//541 
f 542//542 540//540 543//543 
f 544//544 542//542 545//545 
f 546//546 544//544 547//547 
f 548//548 546//546 549//549 
f 550//550 548//548 551//551 
f 551//551 552//552 550//550 
f 549//549 551//551 548//548 
f 547//547 549//549 546//546 
f 545//545 547//547 544//544 
f 543//543 545//545 542//542 
f 541//541 543//543 540//540 
f 539//539 541//541 538//538 
f 537//537 539//539 535//535 
o mesh42
v -0.00558344 0.000236777 0 
v -0.00562542 0.000379034 0 
v -0.00562542 0.000379034 8e-05 
v -0.00553548 9.64234e-05 0 
v -0.00558344 0.000236777 8e-05 
v -0.00548162 -4.17755e-05 0 
v -0.00553548 9.64234e-05 8e-05 
v -0.00542197 -0.000177573 0 
v -0.00548162 -4.17755e-05 8e-05 
v -0.00535662 -0.000310725 0 
v -0.00542197 -0.000177573 8e-05 
v -0.00535662 -0.000310725 8e-05 
vn 0.952902 0.303277 0 
vn 0.964878 0.262697 0 
vn 0.964878 0.262697 0 
vn 0.93922 0.343315 0 
vn 0.952902 0.303277 0 
vn 0.923857 0.382738 0 
vn 0.93922 0.343315 0 
vn 0.90684 0.421475 0 
vn 0.923857 0.382738 0 
vn 0.888199 0.459459 0 
vn 0.90684 0.421475 0 
vn 0.888199 0.459459 0 
f 553//553 554//554 555//555 
f 556//556 553//553 557//557 
f 558//558 556//556 559//559 
f 560//560 558//558 561//561 
f 562//562 560//560 563//563 
f 563//563 564//564 562//562 
f 561//561 563//563 560//560 
f 559//559 561//561 558//558 
f 557//557 559//559 556//556 
f 555//555 557//557 553//553 
o mesh43
v -0.00562542 0.000379034 8e-05 
v -0.00562542 0.000379034 0 
v -0.00566204 0.000515049 0 
v -0.00566204 0.000515049 8e-05 
vn 0.965615 0.259976 0 
vn 0.965615 0.259976 0 
vn 0.965615 0.259976 0 
vn 0.965615 0.259976 0 
f 565//565 566//566 567//567 
f 567//567 568//568 565//565 
o mesh44
v -0.00566679 0.000785071 0 
v -0.00566108 0.000811665 0 
v -0.00566108 0.000811665 8e-05 
v -0.00567138 0.000758261 0 
v -0.00566679 0.000785071 8e-05 
v -0.00567486 0.000731284 0 
v -0.00567138 0.000758261 8e-05 
v -0.00567721 0.000704185 0 
v -0.00567486 0.000731284 8e-05 
v -0.00567843 0.000677012 0 
v -0.00567721 0.000704185 8e-05 
v -0.00567852 0.000649812 0 
v -0.00567843 0.000677012 8e-05 
v -0.00567748 0.000622632 0 
v -0.00567852 0.000649812 8e-05 
v -0.0056753 0.000595518 0 
v -0.00567748 0.000622632 8e-05 
v -0.005672 0.000568519 0 
v -0.0056753 0.000595518 8e-05 
v -0.00566758 0.00054168 0 
v -0.005672 0.000568519 8e-05 
v -0.00566204 0.000515049 0 
v -0.00566758 0.00054168 8e-05 
v -0.00566204 0.000515049 8e-05 
vn 0.981882 -0.189495 0 
vn 0.973142 -0.230206 0 
vn 0.973142 -0.230206 0 
vn 0.988919 -0.148455 0 
vn 0.981882 -0.189495 0 
vn 0.994242 -0.107158 0 
vn 0.988919 -0.148455 0 
vn 0.997841 -0.0656751 0 
vn 0.994242 -0.107158 0 
vn 0.99971 -0.0240784 0 
vn 0.997841 -0.0656751 0 
vn 0.999846 0.0175601 0 
vn 0.99971 -0.0240784 0 
vn 0.998248 0.0591681 0 
vn 0.999846 0.0175601 0 
vn 0.99492 0.100674 0 
vn 0.998248 0.0591681 0 
vn 0.989866 0.142004 0 
vn 0.99492 0.100674 0 
vn 0.983096 0.183089 0 
vn 0.989866 0.142004 0 
vn 0.974622 0.223856 0 
vn 0.983096 0.183089 0 
vn 0.974622 0.223856 0 
f 569//569 570//570 571//571 
f 572//572 569//569 573//573 
f 574//574 572//572 575//575 
f 576//576 574//574 577//577 
f 578//578 576//576 579//579 
f 580//580 578//578 581//581 
f 582//582 580//580 583//583 
f 584//584 582//582 585//585 
f 586//586 584//584 587//587 
f 588//588 586//586 589//589 
f 590//590 588//588 591//591 
f 591//591 592//592 590//590 
f 589//589 591//591 588//588 
f 587//587 589//589 586//586 
f 585//585 587//587 584//584 
f 583//583 585//585 582//582 
f 581//581 583//583 580//580 
f 579//579 581//581 578//578 
f 577//577 579//579 576//576 
f 575//575 577//577 574//574 
f 573//573 575//575 572//572 
f 571//571 573//573 569//569 
o mesh45
v -0.00546614 0.00112719 0 
v -0.00544441 0.00114624 0 
v -0.00544441 0.00114624 8e-05 
v -0.00548704 0.00110724 0 
v -0.00546614 0.00112719 8e-05 
v -0.00550707 0.00108642 0 
v -0.00548704 0.00110724 8e-05 
v -0.0055262 0.00106477 0 
v -0.00550707 0.00108642 8e-05 
v -0.0055444 0.00104232 0 
v -0.0055262 0.00106477 8e-05 
v -0.00556162 0.00101911 0 
v -0.0055444 0.00104232 8e-05 
v -0.00557783 0.000995201 0 
v -0.00556162 0.00101911 8e-05 
v -0.00559302 0.000970619 0 
v -0.00557783 0.000995201 8e-05 
v -0.00560715 0.000945414 0 
v -0.00559302 0.000970619 8e-05 
v -0.00562019 0.000919631 0 
v -0.00560715 0.000945414 8e-05 
v -0.00563213 0.000893316 0 
v -0.00562019 0.000919631 8e-05 
v -0.00564293 0.000866518 0 
v -0.00563213 0.000893316 8e-05 
v -0.00565259 0.000839285 0 
v -0.00564293 0.000866518 8e-05 
v -0.00566108 0.000811665 0 
v -0.00565259 0.000839285 8e-05 
v -0.00566108 0.000811665 8e-05 
vn 0.674944 -0.737869 0 
vn 0.642955 -0.765904 0 
vn 0.642955 -0.765904 0 
vn 0.705711 -0.7085 0 
vn 0.674944 -0.737869 0 
vn 0.735202 -0.677848 0 
vn 0.705711 -0.7085 0 
vn 0.763362 -0.645971 0 
vn 0.735202 -0.677848 0 
vn 0.790142 -0.612924 0 
vn 0.763362 -0.645971 0 
vn 0.815491 -0.578769 0 
vn 0.790142 -0.612924 0 
vn 0.839366 -0.543567 0 
vn 0.815491 -0.578769 0 
vn 0.861722 -0.507381 0 
vn 0.839366 -0.543567 0 
vn 0.882519 -0.470277 0 
vn 0.861722 -0.507381 0 
vn 0.901719 -0.432323 0 
vn 0.882519 -0.470277 0 
vn 0.919288 -0.393586 0 
vn 0.901719 -0.432323 0 
vn 0.935194 -0.354137 0 
vn 0.919288 -0.393586 0 
vn 0.949407 -0.314047 0 
vn 0.935194 -0.354137 0 
vn 0.961903 -0.27339 0 
vn 0.949407 -0.314047 0 
vn 0.961903 -0.27339 0 
f 593//593 594//594 595//595 
f 596//596 593//593 597//597 
f 598//598 596//596 599//599 
f 600//600 598//598 601//601 
f 602//602 600//600 603//603 
f 604//604 602//602 605//605 
f 606//606 604//604 607//607 
f 608//608 606//606 609//609 
f 610//610 608//608 611//611 
f 612//612 610//610 613//613 
f 614//614 612//612 615//615 
f 616//616 614//614 617//617 
f 618//618 616//616 619//619 
f 620//620 618//618 621//621 
f 621//621 622//622 620//620 
f 619//619 621//621 618//618 
f 617//617 619//619 616//616 
f 615//615 617//617 614//614 
f 613//613 615//615 612//612 
f 611//611 613//613 610//610 
f 609//609 611//611 608//608 
f 607//607 609//609 606//606 
f 605//605 607//607 604//604 
f 603//603 605//605 602//602 
f 601//601 603//603 600//600 
f 599//599 601//601 598//598 
f 597//597 599//599 596//596 
f 595//595 597//597 593//593 
o mesh46
v -0.0052245 0.00129527 0 
v -0.00516633 0.00132743 0 
v -0.00516633 0.00132743 8e-05 
v -0.00528146 0.00126102 0 
v -0.0052245 0.00129527 8e-05 
v -0.00533715 0.00122474 0 
v -0.00528146 0.00126102 8e-05 
v -0.00539149 0.00118646 0 
v -0.00533715 0.00122474 8e-05 
v -0.00544441 0.00114624 0 
v -0.00539149 0.00118646 8e-05 
v -0.00544441 0.00114624 8e-05 
vn 0.499608 -0.866251 0 
vn 0.467915 -0.883773 0 
vn 0.467915 -0.883773 0 
vn 0.530646 -0.847593 0 
vn 0.499608 -0.866251 0 
vn 0.560988 -0.827824 0 
vn 0.530646 -0.847593 0 
vn 0.590595 -0.806968 0 
vn 0.560988 -0.827824 0 
vn 0.619426 -0.785055 0 
vn 0.590595 -0.806968 0 
vn 0.619426 -0.785055 0 
f 623//623 624//624 625//625 
f 626//626 623//623 627//627 
f 628//628 626//626 629//629 
f 630//630 628//628 631//631 
f 632//632 630//630 633//633 
f 633//633 634//634 632//632 
f 631//631 633//633 630//630 
f 629//629 631//631 628//628 
f 627//627 629//629 626//626 
f 625//625 627//627 623//623 
o mesh47
v -0.00496469 0.0015873 0 
v -0.00496469 0.0015873 8e-05 
v -0.00497155 0.00156748 8e-05 
v -0.00497155 0.00156748 0 
v -0.00497927 0.00154797 8e-05 
v -0.00497927 0.00154797 0 
v -0.00498783 0.00152881 8e-05 
v -0.00498783 0.00152881 0 
v -0.00499721 0.00151005 8e-05 
v -0.00499721 0.00151005 0 
v -0.0050074 0.00149172 8e-05 
v -0.0050074 0.00149172 0 
v -0.00501838 0.00147384 8e-05 
v -0.00501838 0.00147384 0 
v -0.00503013 0.00145646 8e-05 
v -0.00503013 0.00145646 0 
v -0.00504263 0.00143961 8e-05 
v -0.00504263 0.00143961 0 
v -0.00505585 0.00142332 8e-05 
v -0.00505585 0.00142332 0 
v -0.00506976 0.00140762 8e-05 
v -0.00506976 0.00140762 0 
v -0.00508435 0.00139254 8e-05 
v -0.00508435 0.00139254 0 
v -0.00509958 0.00137812 8e-05 
v -0.00509958 0.00137812 0 
v -0.00511542 0.00136436 8e-05 
v -0.00511542 0.00136436 0 
v -0.00513185 0.00135132 8e-05 
v -0.00513185 0.00135132 0 
v -0.00514883 0.001339 8e-05 
v -0.00514883 0.001339 0 
v -0.00516633 0.00132743 8e-05 
v -0.00516633 0.00132743 0 
vn 0.951948 -0.30626 0 
vn 0.951948 -0.30626 0 
vn 0.937703 -0.347437 0 
vn 0.937703 -0.347437 0 
vn 0.921678 -0.387955 0 
vn 0.921678 -0.387955 0 
vn 0.903904 -0.427736 0 
vn 0.903904 -0.427736 0 
vn 0.884413 -0.466704 0 
vn 0.884413 -0.466704 0 
vn 0.863244 -0.504787 0 
vn 0.863244 -0.504787 0 
vn 0.840435 -0.541912 0 
vn 0.840435 -0.541912 0 
vn 0.816032 -0.578007 0 
vn 0.816032 -0.578007 0 
vn 0.790078 -0.613006 0 
vn 0.790078 -0.613006 0 
vn 0.762625 -0.64684 0 
vn 0.762625 -0.64684 0 
vn 0.733725 -0.679447 0 
vn 0.733725 -0.679447 0 
vn 0.703431 -0.710764 0 
vn 0.703431 -0.710764 0 
vn 0.671802 -0.740731 0 
vn 0.671802 -0.740731 0 
vn 0.638897 -0.769292 0 
vn 0.638897 -0.769292 0 
vn 0.60478 -0.796393 0 
vn 0.60478 -0.796393 0 
vn 0.569514 -0.821982 0 
vn 0.569514 -0.821982 0 
vn 0.533167 -0.84601 0 
vn 0.533167 -0.84601 0 
f 635//635 636//636 637//637 
f 638//638 637//637 639//639 
f 640//640 639//639 641//641 
f 642//642 641//641 643//643 
f 644//644 643//643 645//645 
f 646//646 645//645 647//647 
f 648//648 647//647 649//649 
f 650//650 649//649 651//651 
f 652//652 651//651 653//653 
f 654//654 653//653 655//655 
f 656//656 655//655 657//657 
f 658//658 657//657 659//659 
f 660//660 659//659 661//661 
f 662//662 661//661 663//663 
f 664//664 663//663 665//665 
f 666//666 665//665 667//667 
f 667//667 668//668 666//666 
f 665//665 666//666 664//664 
f 663//663 664//664 662//662 
f 661//661 662//662 660//660 
f 659//659 660//660 658//658 
f 657//657 658//658 656//656 
f 655//655 656//656 654//654 
f 653//653 654//654 652//652 
f 651//651 652//652 650//650 
f 649//649 650//650 648//648 
f 647//647 648//648 646//646 
f 645//645 646//646 644//644 
f 643//643 644//644 642//642 
f 641//641 642//642 640//640 
f 639//639 640//640 638//638 
f 637//637 638//638 635//635 
o mesh48
v -0.00496469 0.0015873 0 
v -0.00484381 0.0019884 0 
v -0.00484381 0.0019884 8e-05 
v -0.00496469 0.0015873 8e-05 
vn 0.962657 -0.270724 0 
vn 0.951938 -0.306291 0 
vn 0.951938 -0.306291 0 
vn 0.962657 -0.270724 0 
f 669//669 670//670 671//671 
f 671//671 672//672 669//669 
o mesh49
v -0.00472863 0.00208516 0 
v -0.00472168 0.00208662 0 
v -0.00472168 0.00208662 8e-05 
v -0.0047355 0.0020834 0 
v -0.00472863 0.00208516 8e-05 
v -0.0047423 0.00208136 0 
v -0.0047355 0.0020834 8e-05 
v -0.004749 0.00207902 0 
v -0.0047423 0.00208136 8e-05 
v -0.00475559 0.0020764 0 
v -0.004749 0.00207902 8e-05 
v -0.00476207 0.0020735 0 
v -0.00475559 0.0020764 8e-05 
v -0.00476842 0.00207033 0 
v -0.00476207 0.0020735 8e-05 
v -0.00477462 0.00206689 0 
v -0.00476842 0.00207033 8e-05 
v -0.00478068 0.00206319 0 
v -0.00477462 0.00206689 8e-05 
v -0.00478657 0.00205923 0 
v -0.00478068 0.00206319 8e-05 
v -0.00479228 0.00205502 0 
v -0.00478657 0.00205923 8e-05 
v -0.00479781 0.00205057 0 
v -0.00479228 0.00205502 8e-05 
v -0.00480314 0.00204589 0 
v -0.00479781 0.00205057 8e-05 
v -0.00480827 0.00204099 0 
v -0.00480314 0.00204589 8e-05 
v -0.00481319 0.00203587 0 
v -0.00480827 0.00204099 8e-05 
v -0.00481788 0.00203055 0 
v -0.00481319 0.00203587 8e-05 
v -0.00482234 0.00202503 0 
v -0.00481788 0.00203055 8e-05 
v -0.00482656 0.00201933 0 
v -0.00482234 0.00202503 8e-05 
v -0.00483054 0.00201345 0 
v -0.00482656 0.00201933 8e-05 
v -0.00483425 0.0020074 0 
v -0.00483054 0.00201345 8e-05 
v -0.00483771 0.00200121 0 
v -0.00483425 0.0020074 8e-05 
v -0.0048409 0.00199487 0 
v -0.00483771 0.00200121 8e-05 
v -0.00484381 0.0019884 0 
v -0.0048409 0.00199487 8e-05 
v -0.00484381 0.0019884 8e-05 
vn 0.22645 -0.974023 0 
vn 0.184616 -0.982811 0 
vn 0.184616 -0.982811 0 
vn 0.26787 -0.963455 0 
vn 0.22645 -0.974023 0 
vn 0.3088 -0.951127 0 
vn 0.26787 -0.963455 0 
vn 0.349166 -0.937061 0 
vn 0.3088 -0.951127 0 
vn 0.388894 -0.921283 0 
vn 0.349166 -0.937061 0 
vn 0.427911 -0.903821 0 
vn 0.388894 -0.921283 0 
vn 0.466146 -0.884708 0 
vn 0.427911 -0.903821 0 
vn 0.50353 -0.863978 0 
vn 0.466146 -0.884708 0 
vn 0.539994 -0.841669 0 
vn 0.50353 -0.863978 0 
vn 0.575471 -0.817823 0 
vn 0.539994 -0.841669 0 
vn 0.609896 -0.792482 0 
vn 0.575471 -0.817823 0 
vn 0.643207 -0.765693 0 
vn 0.609896 -0.792482 0 
vn 0.675342 -0.737504 0 
vn 0.643207 -0.765693 0 
vn 0.706244 -0.707969 0 
vn 0.675342 -0.737504 0 
vn 0.735855 -0.677139 0 
vn 0.706244 -0.707969 0 
vn 0.764121 -0.645073 0 
vn 0.735855 -0.677139 0 
vn 0.790991 -0.611827 0 
vn 0.764121 -0.645073 0 
vn 0.816416 -0.577464 0 
vn 0.790991 -0.611827 0 
vn 0.840349 -0.542045 0 
vn 0.816416 -0.577464 0 
vn 0.862747 -0.505636 0 
vn 0.840349 -0.542045 0 
vn 0.883568 -0.468303 0 
vn 0.862747 -0.505636 0 
vn 0.902774 -0.430115 0 
vn 0.883568 -0.468303 0 
vn 0.920331 -0.39114 0 
vn 0.902774 -0.430115 0 
vn 0.920331 -0.39114 0 
f 673//673 674//674 675//675 
f 676//676 673//673 677//677 
f 678//678 676//676 679//679 
f 680//680 678//678 681//681 
f 682//682 680//680 683//683 
f 684//684 682//682 685//685 
f 686//686 684//684 687//687 
f 688//688 686//686 689//689 
f 690//690 688//688 691//691 
f 692//692 690//690 693//693 
f 694//694 692//692 695//695 
f 696//696 694//694 697//697 
f 698//698 696//696 699//699 
f 700//700 698//698 701//701 
f 702//702 700//700 703//703 
f 704//704 702//702 705//705 
f 706//706 704//704 707//707 
f 708//708 706//706 709//709 
f 710//710 708//708 711//711 
f 712//712 710//710 713//713 
f 714//714 712//712 715//715 
f 716//716 714//714 717//717 
f 718//718 716//716 719//719 
f 719//719 720//720 718//718 
f 717//717 719//719 716//716 
f 715//715 717//717 714//714 
f 713//713 715//715 712//712 
f 711//711 713//713 710//710 
f 709//709 711//711 708//708 
f 707//707 709//709 706//706 
f 705//705 707//707 704//704 
f 703//703 705//705 702//702 
f 701//701 703//703 700//700 
f 699//699 701//701 698//698 
f 697//697 699//699 696//696 
f 695//695 697//697 694//694 
f 693//693 695//695 692//692 
f 691//691 693//693 690//690 
f 689//689 691//691 688//688 
f 687//687 689//689 686//686 
f 685//685 687//687 684//684 
f 683//683 685//685 682//682 
f 681//681 683//683 680//680 
f 679//679 681//681 678//678 
f 677//677 679//679 676//676 
f 675//675 677//677 673//673 
o mesh50
v -0.00457213 0.00204766 0 
v -0.0045656 0.00204245 0 
v -0.0045656 0.00204245 8e-05 
v -0.00457887 0.00205259 0 
v -0.00457213 0.00204766 8e-05 
v -0.00458581 0.00205724 0 
v -0.00457887 0.00205259 8e-05 
v -0.00459294 0.00206159 0 
v -0.00458581 0.00205724 8e-05 
v -0.00460024 0.00206564 0 
v -0.00459294 0.00206159 8e-05 
v -0.00460771 0.00206938 0 
v -0.00460024 0.00206564 8e-05 
v -0.00461533 0.00207281 0 
v -0.00460771 0.00206938 8e-05 
v -0.00462308 0.00207591 0 
v -0.00461533 0.00207281 8e-05 
v -0.00463096 0.00207868 0 
v -0.00462308 0.00207591 8e-05 
v -0.00463895 0.00208113 0 
v -0.00463096 0.00207868 8e-05 
v -0.00464703 0.00208323 0 
v -0.00463895 0.00208113 8e-05 
v -0.00465519 0.002085 0 
v -0.00464703 0.00208323 8e-05 
v -0.00466342 0.00208642 0 
v -0.00465519 0.002085 8e-05 
v -0.00467171 0.00208749 0 
v -0.00466342 0.00208642 8e-05 
v -0.00468003 0.00208822 0 
v -0.00467171 0.00208749 8e-05 
v -0.00468837 0.0020886 0 
v -0.00468003 0.00208822 8e-05 
v -0.00469672 0.00208863 0 
v -0.00468837 0.0020886 8e-05 
v -0.00470507 0.00208831 0 
v -0.00469672 0.00208863 8e-05 
v -0.00471339 0.00208763 0 
v -0.00470507 0.00208831 8e-05 
v -0.00472168 0.00208662 0 
v -0.00471339 0.00208763 8e-05 
v -0.00472168 0.00208662 8e-05 
vn -0.607486 -0.79433 0 
vn -0.640227 -0.768185 0 
vn -0.640227 -0.768185 0 
vn -0.573678 -0.819081 0 
vn -0.607486 -0.79433 0 
vn -0.538863 -0.842393 0 
vn -0.573678 -0.819081 0 
vn -0.503102 -0.864227 0 
vn -0.538863 -0.842393 0 
vn -0.466458 -0.884543 0 
vn -0.503102 -0.864227 0 
vn -0.428995 -0.903307 0 
vn -0.466458 -0.884543 0 
vn -0.390778 -0.920485 0 
vn -0.428995 -0.903307 0 
vn -0.351876 -0.936047 0 
vn -0.390778 -0.920485 0 
vn -0.312356 -0.949965 0 
vn -0.351876 -0.936047 0 
vn -0.272288 -0.962216 0 
vn -0.312356 -0.949965 0 
vn -0.231741 -0.972778 0 
vn -0.272288 -0.962216 0 
vn -0.190788 -0.981631 0 
vn -0.231741 -0.972778 0 
vn -0.1495 -0.988762 0 
vn -0.190788 -0.981631 0 
vn -0.107949 -0.994156 0 
vn -0.1495 -0.988762 0 
vn -0.0662088 -0.997806 0 
vn -0.107949 -0.994156 0 
vn -0.0243524 -0.999703 0 
vn -0.0662088 -0.997806 0 
vn 0.0175468 -0.999846 0 
vn -0.0243524 -0.999703 0 
vn 0.0594151 -0.998233 0 
vn 0.0175468 -0.999846 0 
vn 0.101179 -0.994868 0 
vn 0.0594151 -0.998233 0 
vn 0.142766 -0.989757 0 
vn 0.101179 -0.994868 0 
vn 0.142766 -0.989757 0 
f 721//721 722//722 723//723 
f 724//724 721//721 725//725 
f 726//726 724//724 727//727 
f 728//728 726//726 729//729 
f 730//730 728//728 731//731 
f 732//732 730//730 733//733 
f 734//734 732//732 735//735 
f 736//736 734//734 737//737 
f 738//738 736//736 739//739 
f 740//740 738//738 741//741 
f 742//742 740//740 743//743 
f 744//744 742//742 745//745 
f 746//746 744//744 747//747 
f 748//748 746//746 749//749 
f 750//750 748//748 751//751 
f 752//752 750//750 753//753 
f 754//754 752//752 755//755 
f 756//756 754//754 757//757 
f 758//758 756//756 759//759 
f 760//760 758//758 761//761 
f 761//761 762//762 760//760 
f 759//759 761//761 758//758 
f 757//757 759//759 756//756 
f 755//755 757//757 754//754 
f 753//753 755//755 752//752 
f 751//751 753//753 750//750 
f 749//749 751//751 748//748 
f 747//747 749//749 746//746 
f 745//745 747//747 744//744 
f 743//743 745//745 742//742 
f 741//741 743//743 740//740 
f 739//739 741//741 738//738 
f 737//737 739//739 736//736 
f 735//735 737//737 734//734 
f 733//733 735//735 732//732 
f 731//731 733//733 730//730 
f 729//729 731//731 728//728 
f 727//727 729//729 726//726 
f 725//725 727//727 724//724 
f 723//723 725//725 721//721 
o mesh51
v -0.0045656 0.00204245 8e-05 
v -0.0045656 0.00204245 0 
v 0.000176629 -0.00278972 0 
v 0.000176629 -0.00278972 8e-05 
vn -0.713718 -0.700433 0 
vn -0.713718 -0.700433 0 
vn -0.713718 -0.700433 0 
vn -0.713718 -0.700433 0 
f 763//763 764//764 765//765 
f 765//765 766//766 763//763 
o mesh52
v 0.000176629 -0.00278972 8e-05 
v 0.000176629 -0.00278972 0 
v 0.000330139 -0.00277089 0 
v 0.000330139 -0.00277089 8e-05 
vn 0.121768 -0.992559 0 
vn 0.121768 -0.992559 0 
vn 0.121768 -0.992559 0 
vn 0.121768 -0.992559 0 
f 767//767 768//768 769//769 
f 769//769 770//770 767//767 
o mesh53
v 0.000330139 -0.00277089 8e-05 
v 0.000330139 -0.00277089 0 
v -0.00461687 0.00225519 0 
v -0.00461687 0.00225519 8e-05 
vn 0.712691 0.701478 0 
vn 0.712691 0.701478 0 
vn 0.712691 0.701478 0 
vn 0.712691 0.701478 0 
f 771//771 772//772 773//773 
f 773//773 774//774 771//771 
o mesh54
v -0.00461687 0.00225519 8e-05 
v -0.00461687 0.00225519 0 
v -0.00461891 0.00225729 0 
v -0.00461891 0.00225729 8e-05 
vn 0.715828 0.698277 0 
vn 0.715828 0.698277 0 
vn 0.715828 0.698277 0 
vn 0.715828 0.698277 0 
f 775//775 776//776 777//777 
f 777//777 778//778 775//775 
o mesh55
v -0.00463175 0.0022715 0 
v -0.00463773 0.00227898 0 
v -0.00463773 0.00227898 8e-05 
v -0.00462547 0.00226427 0 
v -0.00463175 0.0022715 8e-05 
v -0.00461891 0.00225729 0 
v -0.00462547 0.00226427 8e-05 
v -0.00461891 0.00225729 8e-05 
vn 0.768352 0.640027 0 
vn 0.793314 0.608812 0 
vn 0.793314 0.608812 0 
vn 0.742163 0.67022 0 
vn 0.768352 0.640027 0 
vn 0.714788 0.699342 0 
vn 0.742163 0.67022 0 
vn 0.714788 0.699342 0 
f 779//779 780//780 781//781 
f 782//782 779//779 783//783 
f 784//784 782//782 785//785 
f 785//785 786//786 784//784 
f 783//783 785//785 782//782 
f 781//781 783//783 779//779 
o mesh56
v -0.00464639 0.00229192 0 
v -0.00464891 0.00229646 0 
v -0.00464891 0.00229646 8e-05 
v -0.00464368 0.00228749 0 
v -0.00464639 0.00229192 8e-05 
v -0.00464079 0.00228317 0 
v -0.00464368 0.00228749 8e-05 
v -0.00463773 0.00227898 0 
v -0.00464079 0.00228317 8e-05 
v -0.00463773 0.00227898 8e-05 
vn 0.864217 0.503119 0 
vn 0.88449 0.46656 0 
vn 0.88449 0.46656 0 
vn 0.842434 0.538799 0 
vn 0.864217 0.503119 0 
vn 0.819179 0.573538 0 
vn 0.842434 0.538799 0 
vn 0.794493 0.607274 0 
vn 0.819179 0.573538 0 
vn 0.794493 0.607274 0 
f 787//787 788//788 789//789 
f 790//790 787//787 791//791 
f 792//792 790//790 793//793 
f 794//794 792//792 795//795 
f 795//795 796//796 794//794 
f 793//793 795//795 792//792 
f 791//791 793//793 790//790 
f 789//789 791//791 787//787 
o mesh57
v -0.00465448 0.00231225 0 
v -0.00465487 0.00231462 0 
v -0.00465487 0.00231462 8e-05 
v -0.00465398 0.0023099 0 
v -0.00465448 0.00231225 8e-05 
v -0.00465338 0.00230758 0 
v -0.00465398 0.0023099 8e-05 
v -0.00465268 0.00230528 0 
v -0.00465338 0.00230758 8e-05 
v -0.00465188 0.00230302 0 
v -0.00465268 0.00230528 8e-05 
v -0.00465098 0.00230079 0 
v -0.00465188 0.00230302 8e-05 
v -0.00464999 0.0022986 0 
v -0.00465098 0.00230079 8e-05 
v -0.00464891 0.00229646 0 
v -0.00464999 0.0022986 8e-05 
v -0.00464891 0.00229646 8e-05 
vn 0.982571 0.18589 0 
vn 0.989722 0.143008 0 
vn 0.989722 0.143008 0 
vn 0.973563 0.22842 0 
vn 0.982571 0.18589 0 
vn 0.962715 0.270519 0 
vn 0.973563 0.22842 0 
vn 0.950047 0.312106 0 
vn 0.962715 0.270519 0 
vn 0.935584 0.353104 0 
vn 0.950047 0.312106 0 
vn 0.919353 0.393434 0 
vn 0.935584 0.353104 0 
vn 0.901384 0.433021 0 
vn 0.919353 0.393434 0 
vn 0.881712 0.471789 0 
vn 0.901384 0.433021 0 
vn 0.881712 0.471789 0 
f 797//797 798//798 799//799 
f 800//800 797//797 801//801 
f 802//802 800//800 803//803 
f 804//804 802//802 805//805 
f 806//806 804//804 807//807 
f 808//808 806//806 809//809 
f 810//810 808//808 811//811 
f 812//812 810//810 813//813 
f 813//813 814//814 812//812 
f 811//811 813//813 810//810 
f 809//809 811//811 808//808 
f 807//807 809//809 806//806 
f 805//805 807//807 804//804 
f 803//803 805//805 802//802 
f 801//801 803//803 800//800 
f 799//799 801//801 797//797 
o mesh58
v -0.00464452 0.00234016 0 
v -0.0046436 0.00234085 0 
v -0.0046436 0.00234085 8e-05 
v -0.00464542 0.00233943 0 
v -0.00464452 0.00234016 8e-05 
v -0.00464629 0.00233867 0 
v -0.00464542 0.00233943 8e-05 
v -0.00464712 0.00233787 0 
v -0.00464629 0.00233867 8e-05 
v -0.00464792 0.00233704 0 
v -0.00464712 0.00233787 8e-05 
v -0.00464868 0.00233617 0 
v -0.00464792 0.00233704 8e-05 
v -0.00464941 0.00233527 0 
v -0.00464868 0.00233617 8e-05 
v -0.0046501 0.00233434 0 
v -0.00464941 0.00233527 8e-05 
v -0.00465074 0.00233339 0 
v -0.0046501 0.00233434 8e-05 
v -0.00465135 0.0023324 0 
v -0.00465074 0.00233339 8e-05 
v -0.00465191 0.0023314 0 
v -0.00465135 0.0023324 8e-05 
v -0.00465244 0.00233037 0 
v -0.00465191 0.0023314 8e-05 
v -0.00465291 0.00232932 0 
v -0.00465244 0.00233037 8e-05 
v -0.00465335 0.00232825 0 
v -0.00465291 0.00232932 8e-05 
v -0.00465374 0.00232716 0 
v -0.00465335 0.00232825 8e-05 
v -0.00465408 0.00232606 0 
v -0.00465374 0.00232716 8e-05 
v -0.00465437 0.00232494 0 
v -0.00465408 0.00232606 8e-05 
v -0.00465462 0.00232381 0 
v -0.00465437 0.00232494 8e-05 
v -0.00465482 0.00232267 0 
v -0.00465462 0.00232381 8e-05 
v -0.00465497 0.00232153 0 
v -0.00465482 0.00232267 8e-05 
v -0.00465508 0.00232038 0 
v -0.00465497 0.00232153 8e-05 
v -0.00465513 0.00231923 0 
v -0.00465508 0.00232038 8e-05 
v -0.00465514 0.00231807 0 
v -0.00465513 0.00231923 8e-05 
v -0.0046551 0.00231692 0 
v -0.00465514 0.00231807 8e-05 
v -0.00465501 0.00231577 0 
v -0.0046551 0.00231692 8e-05 
v -0.00465487 0.00231462 0 
v -0.00465501 0.00231577 8e-05 
v -0.00465487 0.00231462 8e-05 
vn 0.612908 -0.790154 0 
vn 0.579117 -0.815245 0 
vn 0.579117 -0.815245 0 
vn 0.645613 -0.763665 0 
vn 0.612908 -0.790154 0 
vn 0.677175 -0.735822 0 
vn 0.645613 -0.763665 0 
vn 0.707537 -0.706676 0 
vn 0.677175 -0.735822 0 
vn 0.736646 -0.676278 0 
vn 0.707537 -0.706676 0 
vn 0.76445 -0.644683 0 
vn 0.736646 -0.676278 0 
vn 0.7909 -0.611945 0 
vn 0.76445 -0.644683 0 
vn 0.815949 -0.578124 0 
vn 0.7909 -0.611945 0 
vn 0.839553 -0.543278 0 
vn 0.815949 -0.578124 0 
vn 0.861669 -0.50747 0 
vn 0.839553 -0.543278 0 
vn 0.88226 -0.470763 0 
vn 0.861669 -0.50747 0 
vn 0.901287 -0.433223 0 
vn 0.88226 -0.470763 0 
vn 0.918718 -0.394915 0 
vn 0.901287 -0.433223 0 
vn 0.934521 -0.355907 0 
vn 0.918718 -0.394915 0 
vn 0.94867 -0.316269 0 
vn 0.934521 -0.355907 0 
vn 0.961137 -0.276071 0 
vn 0.94867 -0.316269 0 
vn 0.971903 -0.235383 0 
vn 0.961137 -0.276071 0 
vn 0.980946 -0.194279 0 
vn 0.971903 -0.235383 0 
vn 0.988252 -0.152831 0 
vn 0.980946 -0.194279 0 
vn 0.993808 -0.111111 0 
vn 0.988252 -0.152831 0 
vn 0.997603 -0.0691956 0 
vn 0.993808 -0.111111 0 
vn 0.999631 -0.0271571 0 
vn 0.997603 -0.0691956 0 
vn 0.999889 0.0149295 0 
vn 0.999631 -0.0271571 0 
vn 0.998375 0.0569897 0 
vn 0.999889 0.0149295 0 
vn 0.995093 0.0989489 0 
vn 0.998375 0.0569897 0 
vn 0.990048 0.140733 0 
vn 0.995093 0.0989489 0 
vn 0.990048 0.140733 0 
f 815//815 816//816 817//817 
f 818//818 815//815 819//819 
f 820//820 818//818 821//821 
f 822//822 820//820 823//823 
f 824//824 822//822 825//825 
f 826//826 824//824 827//827 
f 828//828 826//826 829//829 
f 830//830 828//828 831//831 
f 832//832 830//830 833//833 
f 834//834 832//832 835//835 
f 836//836 834//834 837//837 
f 838//838 836//836 839//839 
f 840//840 838//838 841//841 
f 842//842 840//840 843//843 
f 844//844 842//842 845//845 
f 846//846 844//844 847//847 
f 848//848 846//846 849//849 
f 850//850 848//848 851//851 
f 852//852 850//850 853//853 
f 854//854 852//852 855//855 
f 856//856 854//854 857//857 
f 858//858 856//856 859//859 
f 860//860 858//858 861//861 
f 862//862 860//860 863//863 
f 864//864 862//862 865//865 
f 866//866 864//864 867//867 
f 867//867 868//868 866//866 
f 865//865 867//867 864//864 
f 863//863 865//865 862//862 
f 861//861 863//863 860//860 
f 859//859 861//861 858//858 
f 857//857 859//859 856//856 
f 855//855 857//857 854//854 
f 853//853 855//855 852//852 
f 851//851 853//853 850//850 
f 849//849 851//851 848//848 
f 847//847 849//849 846//846 
f 845//845 847//847 844//844 
f 843//843 845//845 842//842 
f 841//841 843//843 840//840 
f 839//839 841//841 838//838 
f 837//837 839//839 836//836 
f 835//835 837//837 834//834 
f 833//833 835//835 832//832 
f 831//831 833//833 830//830 
f 829//829 831//831 828//828 
f 827//827 829//829 826//826 
f 825//825 827//827 824//824 
f 823//823 825//825 822//822 
f 821//821 823//823 820//820 
f 819//819 821//821 818//818 
f 817//817 819//819 815//815 
o mesh59
v -0.00462689 0.00234973 0 
v -0.00462432 0.00235059 0 
v -0.00462432 0.00235059 8e-05 
v -0.00462943 0.00234877 0 
v -0.00462689 0.00234973 8e-05 
v -0.00463192 0.00234771 0 
v -0.00462943 0.00234877 8e-05 
v -0.00463437 0.00234653 0 
v -0.00463192 0.00234771 8e-05 
v -0.00463677 0.00234526 0 
v -0.00463437 0.00234653 8e-05 
v -0.0046391 0.00234389 0 
v -0.00463677 0.00234526 8e-05 
v -0.00464138 0.00234242 0 
v -0.0046391 0.00234389 8e-05 
v -0.0046436 0.00234085 0 
v -0.00464138 0.00234242 8e-05 
v -0.0046436 0.00234085 8e-05 
vn 0.33431 -0.942463 0 
vn 0.294195 -0.955745 0 
vn 0.294195 -0.955745 0 
vn 0.373828 -0.927498 0 
vn 0.33431 -0.942463 0 
vn 0.412679 -0.910877 0 
vn 0.373828 -0.927498 0 
vn 0.450792 -0.892629 0 
vn 0.412679 -0.910877 0 
vn 0.488101 -0.872787 0 
vn 0.450792 -0.892629 0 
vn 0.524538 -0.851387 0 
vn 0.488101 -0.872787 0 
vn 0.560038 -0.828467 0 
vn 0.524538 -0.851387 0 
vn 0.594539 -0.804067 0 
vn 0.560038 -0.828467 0 
vn 0.594539 -0.804067 0 
f 869//869 870//870 871//871 
f 872//872 869//869 873//873 
f 874//874 872//872 875//875 
f 876//876 874//874 877//877 
f 878//878 876//876 879//879 
f 880//880 878//878 881//881 
f 882//882 880//880 883//883 
f 884//884 882//882 885//885 
f 885//885 886//886 884//884 
f 883//883 885//885 882//882 
f 881//881 883//883 880//880 
f 879//879 881//881 878//878 
f 877//877 879//879 876//876 
f 875//875 877//877 874//874 
f 873//873 875//875 872//872 
f 871//871 873//873 869//869 
o mesh60
v -0.00460765 0.00235489 0 
v -0.00460199 0.00235588 0 
v -0.00460199 0.00235588 8e-05 
v -0.00461326 0.00235367 0 
v -0.00460765 0.00235489 8e-05 
v -0.00461882 0.00235224 0 
v -0.00461326 0.00235367 8e-05 
v -0.00462432 0.00235059 0 
v -0.00461882 0.00235224 8e-05 
v -0.00462432 0.00235059 8e-05 
vn 0.192933 -0.981212 0 
vn 0.154591 -0.987979 0 
vn 0.154591 -0.987979 0 
vn 0.230983 -0.972958 0 
vn 0.192933 -0.981212 0 
vn 0.268683 -0.963229 0 
vn 0.230983 -0.972958 0 
vn 0.305975 -0.95204 0 
vn 0.268683 -0.963229 0 
vn 0.305975 -0.95204 0 
f 887//887 888//888 889//889 
f 890//890 887//887 891//891 
f 892//892 890//890 893//893 
f 894//894 892//892 895//895 
f 895//895 896//896 894//894 
f 893//893 895//895 892//892 
f 891//891 893//893 890//890 
f 889//889 891//891 887//887 
o mesh61
v -0.00456521 0.00235934 0 
v -0.0045529 0.00235961 0 
v -0.0045529 0.00235961 8e-05 
v -0.00457751 0.00235864 0 
v -0.00456521 0.00235934 8e-05 
v -0.00458978 0.00235748 0 
v -0.00457751 0.00235864 8e-05 
v -0.00460199 0.00235588 0 
v -0.00458978 0.00235748 8e-05 
v -0.00460199 0.00235588 8e-05 
vn 0.0394667 -0.999221 0 
vn 0.00328494 -0.999995 0 
vn 0.00328494 -0.999995 0 
vn 0.0755968 -0.997138 0 
vn 0.0394667 -0.999221 0 
vn 0.111628 -0.99375 0 
vn 0.0755968 -0.997138 0 
vn 0.147513 -0.98906 0 
vn 0.111628 -0.99375 0 
vn 0.147513 -0.98906 0 
f 897//897 898//898 899//899 
f 900//900 897//897 901//901 
f 902//902 900//900 903//903 
f 904//904 902//902 905//905 
f 905//905 906//906 904//904 
f 903//903 905//905 902//902 
f 901//901 903//903 900//900 
f 899//899 901//901 897//897 
o mesh62
v -0.0045529 0.00235961 8e-05 
v -0.0045529 0.00235961 0 
v -0.00454947 0.00235964 0 
v -0.00454947 0.00235964 8e-05 
vn 0.00918732 -0.999958 0 
vn 0.00918732 -0.999958 0 
vn 0.00918732 -0.999958 0 
vn 0.00918732 -0.999958 0 
f 907//907 908//908 909//909 
f 909//909 910//910 907//907 
o mesh63
v -0.00454947 0.00235964 8e-05 
v -0.00454947 0.00235964 0 
v 0.000769601 0.00235964 0 
v 0.000769601 0.00235964 8e-05 
vn -5.54509e-07 -1 0 
vn -5.54509e-07 -1 0 
vn -5.54509e-07 -1 0 
vn -5.54509e-07 -1 0 
f 911//911 912//912 913//913 
f 913//913 914//914 911//911 
o mesh64
v 0.000769601 0.00235964 8e-05 
v 0.000769601 0.00235964 0 
v 0.000854201 0.00235961 0 
v 0.000854201 0.00235961 8e-05 
vn -0.00030233 -1 0 
vn -0.00030233 -1 0 
vn -0.00030233 -1 0 
vn -0.00030233 -1 0 
f 915//915 916//916 917//917 
f 917//917 918//918 915//915 
o mesh65
v 0.000921218 0.00235677 0 
v 0.000943433 0.00235414 0 
v 0.000943433 0.00235414 8e-05 
v 0.00089892 0.00235856 0 
v 0.000921218 0.00235677 8e-05 
v 0.00087657 0.00235951 0 
v 0.00089892 0.00235856 8e-05 
v 0.000854201 0.00235961 0 
v 0.00087657 0.00235951 8e-05 
v 0.000854201 0.00235961 8e-05 
vn -0.0987141 -0.995116 0 
vn -0.136123 -0.990692 0 
vn -0.136123 -0.990692 0 
vn -0.0611646 -0.998128 0 
vn -0.0987141 -0.995116 0 
vn -0.0235283 -0.999723 0 
vn -0.0611646 -0.998128 0 
vn 0.0141413 -0.9999 0 
vn -0.0235283 -0.999723 0 
vn 0.0141413 -0.9999 0 
f 919//919 920//920 921//921 
f 922//922 919//919 923//923 
f 924//924 922//922 925//925 
f 926//926 924//924 927//927 
f 927//927 928//928 926//926 
f 925//925 927//927 924//924 
f 923//923 925//925 922//922 
f 921//921 923//923 919//919 
o mesh66
v 0.000996787 0.00234078 0 
v 0.00100708 0.00233685 0 
v 0.00100708 0.00233685 8e-05 
v 0.000986347 0.0023443 0 
v 0.000996787 0.00234078 8e-05 
v 0.000975775 0.0023474 0 
v 0.000986347 0.0023443 8e-05 
v 0.000965087 0.00235008 0 
v 0.000975775 0.0023474 8e-05 
v 0.000954301 0.00235233 0 
v 0.000965087 0.00235008 8e-05 
v 0.000943433 0.00235414 0 
v 0.000954301 0.00235233 8e-05 
v 0.000943433 0.00235414 8e-05 
vn -0.338347 -0.941021 0 
vn -0.375641 -0.926765 0 
vn -0.375641 -0.926765 0 
vn -0.300514 -0.953777 0 
vn -0.338347 -0.941021 0 
vn -0.262202 -0.965013 0 
vn -0.300514 -0.953777 0 
vn -0.223472 -0.97471 0 
vn -0.262202 -0.965013 0 
vn -0.184385 -0.982854 0 
vn -0.223472 -0.97471 0 
vn -0.145005 -0.989431 0 
vn -0.184385 -0.982854 0 
vn -0.145005 -0.989431 0 
f 929//929 930//930 931//931 
f 932//932 929//929 933//933 
f 934//934 932//932 935//935 
f 936//936 934//934 937//937 
f 938//938 936//936 939//939 
f 940//940 938//938 941//941 
f 941//941 942//942 940//940 
f 939//939 941//941 938//938 
f 937//937 939//939 936//936 
f 935//935 937//937 934//934 
f 933//933 935//935 932//932 
f 931//931 933//933 929//929 
o mesh67
v 0.00107961 0.00228977 0 
v 0.0010865 0.002283 0 
v 0.0010865 0.002283 8e-05 
v 0.00107245 0.00229626 0 
v 0.00107961 0.00228977 8e-05 
v 0.00106504 0.00230245 0 
v 0.00107245 0.00229626 8e-05 
v 0.00105738 0.00230835 0 
v 0.00106504 0.00230245 8e-05 
v 0.0010495 0.00231393 0 
v 0.00105738 0.00230835 8e-05 
v 0.0010414 0.00231918 0 
v 0.0010495 0.00231393 8e-05 
v 0.00103309 0.00232411 0 
v 0.0010414 0.00231918 8e-05 
v 0.00102459 0.00232871 0 
v 0.00103309 0.00232411 8e-05 
v 0.00101592 0.00233295 0 
v 0.00102459 0.00232871 8e-05 
v 0.00100708 0.00233685 0 
v 0.00101592 0.00233295 8e-05 
v 0.00100708 0.00233685 8e-05 
vn -0.686317 -0.727302 0 
vn -0.714956 -0.699169 0 
vn -0.714956 -0.699169 0 
vn -0.656572 -0.754263 0 
vn -0.686317 -0.727302 0 
vn -0.625769 -0.780009 0 
vn -0.656572 -0.754263 0 
vn -0.593957 -0.804497 0 
vn -0.625769 -0.780009 0 
vn -0.561187 -0.827689 0 
vn -0.593957 -0.804497 0 
vn -0.527514 -0.849547 0 
vn -0.561187 -0.827689 0 
vn -0.49299 -0.870035 0 
vn -0.527514 -0.849547 0 
vn -0.457671 -0.889121 0 
vn -0.49299 -0.870035 0 
vn -0.421615 -0.906775 0 
vn -0.457671 -0.889121 0 
vn -0.38488 -0.922967 0 
vn -0.421615 -0.906775 0 
vn -0.38488 -0.922967 0 
f 943//943 944//944 945//945 
f 946//946 943//943 947//947 
f 948//948 946//946 949//949 
f 950//950 948//948 951//951 
f 952//952 950//950 953//953 
f 954//954 952//952 955//955 
f 956//956 954//954 957//957 
f 958//958 956//956 959//959 
f 960//960 958//958 961//961 
f 962//962 960//960 963//963 
f 963//963 964//964 962//962 
f 961//961 963//963 960//960 
f 959//959 961//961 958//958 
f 957//957 959//959 956//956 
f 955//955 957//957 954//954 
f 953//953 955//955 952//952 
f 951//951 953//953 950//950 
f 949//949 951//951 948//948 
f 947//947 949//949 946//946 
f 945//945 947//947 943//943 
o mesh68
v 0.0010865 0.002283 0 
v 0.00112719 0.00224118 0 
v 0.00112719 0.00224118 8e-05 
v 0.0010865 0.002283 8e-05 
vn -0.716276 -0.697817 0 
vn -0.717153 -0.696916 0 
vn -0.717153 -0.696916 0 
vn -0.716276 -0.697817 0 
f 965//965 966//966 967//967 
f 967//967 968//968 965//965 
o mesh69
v 0.00112719 0.00224118 8e-05 
v 0.00112719 0.00224118 0 
v 0.00478538 -0.00152086 0 
v 0.00478538 -0.00152086 8e-05 
vn -0.716933 -0.697142 0 
vn -0.716933 -0.697142 0 
vn -0.716933 -0.697142 0 
vn -0.716933 -0.697142 0 
f 969//969 970//970 971//971 
f 971//971 972//972 969//969 
o mesh70
v 0.00478538 -0.00152086 8e-05 
v 0.00478538 -0.00152086 0 
v 0.0049129 -0.001458 0 
v 0.0049129 -0.001458 8e-05 
vn 0.442139 -0.896946 0 
vn 0.442139 -0.896946 0 
vn 0.442139 -0.896946 0 
vn 0.442139 -0.896946 0 
f 973//973 974//974 975//975 
f 975//975 976//976 973//973 
o mesh71
v 0.0049129 -0.001458 8e-05 
v 0.0049129 -0.001458 0 
v 0.00124275 0.00225992 0 
v 0.00124275 0.00225992 8e-05 
vn 0.711664 0.70252 0 
vn 0.711664 0.70252 0 
vn 0.711664 0.70252 0 
vn 0.711664 0.70252 0 
f 977//977 978//978 979//979 
f 979//979 980//980 977//977 
o mesh72
v 0.00123964 0.00226315 0 
v 0.00123663 0.00226646 0 
v 0.00123663 0.00226646 8e-05 
v 0.00124275 0.00225992 0 
v 0.00123964 0.00226315 8e-05 
v 0.00124275 0.00225992 8e-05 
vn 0.730025 0.68342 0 
vn 0.748814 0.662781 0 
vn 0.748814 0.662781 0 
vn 0.710669 0.703527 0 
vn 0.730025 0.68342 0 
vn 0.710669 0.703527 0 
f 981//981 982//982 983//983 
f 984//984 981//981 985//985 
f 985//985 986//986 984//984 
f 983//983 985//985 981//981 
o mesh73
v 0.00122856 0.00227667 0 
v 0.00122617 0.0022803 0 
v 0.00122617 0.0022803 8e-05 
v 0.0012311 0.00227315 0 
v 0.00122856 0.00227667 8e-05 
v 0.00123379 0.00226975 0 
v 0.0012311 0.00227315 8e-05 
v 0.00123663 0.00226646 0 
v 0.00123379 0.00226975 8e-05 
v 0.00123663 0.00226646 8e-05 
vn 0.822881 0.568213 0 
vn 0.846486 0.532411 0 
vn 0.846486 0.532411 0 
vn 0.797763 0.602971 0 
vn 0.822881 0.568213 0 
vn 0.771178 0.636619 0 
vn 0.797763 0.602971 0 
vn 0.743175 0.669097 0 
vn 0.771178 0.636619 0 
vn 0.743175 0.669097 0 
f 987//987 988//988 989//989 
f 990//990 987//987 991//991 
f 992//992 990//990 993//993 
f 994//994 992//992 995//995 
f 995//995 996//996 994//994 
f 993//993 995//995 992//992 
f 991//991 993//993 990//990 
f 989//989 991//991 987//987 
o mesh74
v 0.00122069 0.00229235 0 
v 0.0012202 0.00229418 0 
v 0.0012202 0.00229418 8e-05 
v 0.00122126 0.00229054 0 
v 0.00122069 0.00229235 8e-05 
v 0.0012219 0.00228875 0 
v 0.00122126 0.00229054 8e-05 
v 0.00122262 0.00228699 0 
v 0.0012219 0.00228875 8e-05 
v 0.0012234 0.00228527 0 
v 0.00122262 0.00228699 8e-05 
v 0.00122426 0.00228357 0 
v 0.0012234 0.00228527 8e-05 
v 0.00122518 0.00228192 0 
v 0.00122426 0.00228357 8e-05 
v 0.00122617 0.0022803 0 
v 0.00122518 0.00228192 8e-05 
v 0.00122617 0.0022803 8e-05 
vn 0.959898 0.28035 0 
vn 0.970501 0.241098 0 
vn 0.970501 0.241098 0 
vn 0.947708 0.319139 0 
vn 0.959898 0.28035 0 
vn 0.933951 0.3574 0 
vn 0.947708 0.319139 0 
vn 0.918651 0.39507 0 
vn 0.933951 0.3574 0 
vn 0.901832 0.432087 0 
vn 0.918651 0.39507 0 
vn 0.883522 0.46839 0 
vn 0.901832 0.432087 0 
vn 0.863751 0.503918 0 
vn 0.883522 0.46839 0 
vn 0.842553 0.538614 0 
vn 0.863751 0.503918 0 
vn 0.842553 0.538614 0 
f 997//997 998//998 999//999 
f 1000//1000 997//997 1001//1001 
f 1002//1002 1000//1000 1003//1003 
f 1004//1004 1002//1002 1005//1005 
f 1006//1006 1004//1004 1007//1007 
f 1008//1008 1006//1006 1009//1009 
f 1010//1010 1008//1008 1011//1011 
f 1012//1012 1010//1010 1013//1013 
f 1013//1013 1014//1014 1012//1012 
f 1011//1011 1013//1013 1010//1010 
f 1009//1009 1011//1011 1008//1008 
f 1007//1007 1009//1009 1006//1006 
f 1005//1005 1007//1007 1004//1004 
f 1003//1003 1005//1005 1002//1002 
f 1001//1001 1003//1003 1000//1000 
f 999//999 1001//1001 997//997 
o mesh75
v 0.0012202 0.00229418 8e-05 
v 0.0012202 0.00229418 0 
v 0.00121996 0.00229535 0 
v 0.00121996 0.00229535 8e-05 
vn 0.980406 0.19699 0 
vn 0.980406 0.19699 0 
vn 0.980406 0.19699 0 
vn 0.980406 0.19699 0 
f 1015//1015 1016//1016 1017//1017 
f 1017//1017 1018//1018 1015//1015 
o mesh76
v 0.00122048 0.00230631 0 
v 0.00122077 0.00230719 0 
v 0.00122077 0.00230719 8e-05 
v 0.00122023 0.00230543 0 
v 0.00122048 0.00230631 8e-05 
v 0.00122002 0.00230453 0 
v 0.00122023 0.00230543 8e-05 
v 0.00121984 0.00230362 0 
v 0.00122002 0.00230453 8e-05 
v 0.0012197 0.00230271 0 
v 0.00121984 0.00230362 8e-05 
v 0.0012196 0.00230179 0 
v 0.0012197 0.00230271 8e-05 
v 0.00121954 0.00230086 0 
v 0.0012196 0.00230179 8e-05 
v 0.00121951 0.00229994 0 
v 0.00121954 0.00230086 8e-05 
v 0.00121953 0.00229902 0 
v 0.00121951 0.00229994 8e-05 
v 0.00121958 0.00229809 0 
v 0.00121953 0.00229902 8e-05 
v 0.00121967 0.00229717 0 
v 0.00121958 0.00229809 8e-05 
v 0.0012198 0.00229626 0 
v 0.00121967 0.00229717 8e-05 
v 0.00121996 0.00229535 0 
v 0.0012198 0.00229626 8e-05 
v 0.00121996 0.00229535 8e-05 
vn 0.956711 -0.29104 0 
vn 0.943852 -0.330369 0 
vn 0.943852 -0.330369 0 
vn 0.967932 -0.251213 0 
vn 0.956711 -0.29104 0 
vn 0.977495 -0.210957 0 
vn 0.967932 -0.251213 0 
vn 0.985386 -0.170338 0 
vn 0.977495 -0.210957 0 
vn 0.991589 -0.129429 0 
vn 0.985386 -0.170338 0 
vn 0.996094 -0.0882975 0 
vn 0.991589 -0.129429 0 
vn 0.998894 -0.0470151 0 
vn 0.996094 -0.0882975 0 
vn 0.999984 -0.00565212 0 
vn 0.998894 -0.0470151 0 
vn 0.999362 0.0357205 0 
vn 0.999984 -0.00565212 0 
vn 0.997029 0.077032 0 
vn 0.999362 0.0357205 0 
vn 0.992988 0.118212 0 
vn 0.997029 0.077032 0 
vn 0.987248 0.159189 0 
vn 0.992988 0.118212 0 
vn 0.979818 0.199893 0 
vn 0.987248 0.159189 0 
vn 0.979818 0.199893 0 
f 1019//1019 1020//1020 1021//1021 
f 1022//1022 1019//1019 1023//1023 
f 1024//1024 1022//1022 1025//1025 
f 1026//1026 1024//1024 1027//1027 
f 1028//1028 1026//1026 1029//1029 
f 1030//1030 1028//1028 1031//1031 
f 1032//1032 1030//1030 1033//1033 
f 1034//1034 1032//1032 1035//1035 
f 1036//1036 1034//1034 1037//1037 
f 1038//1038 1036//1036 1039//1039 
f 1040//1040 1038//1038 1041//1041 
f 1042//1042 1040//1040 1043//1043 
f 1044//1044 1042//1042 1045//1045 
f 1045//1045 1046//1046 1044//1044 
f 1043//1043 1045//1045 1042//1042 
f 1041//1041 1043//1043 1040//1040 
f 1039//1039 1041//1041 1038//1038 
f 1037//1037 1039//1039 1036//1036 
f 1035//1035 1037//1037 1034//1034 
f 1033//1033 1035//1035 1032//1032 
f 1031//1031 1033//1033 1030//1030 
f 1029//1029 1031//1031 1028//1028 
f 1027//1027 1029//1029 1026//1026 
f 1025//1025 1027//1027 1024//1024 
f 1023//1023 1025//1025 1022//1022 
f 1021//1021 1023//1023 1019//1019 
o mesh77
v 0.00125531 0.002345 0 
v 0.00125808 0.00234635 0 
v 0.00125808 0.00234635 8e-05 
v 0.0012526 0.00234354 0 
v 0.00125531 0.002345 8e-05 
v 0.00124996 0.00234197 0 
v 0.0012526 0.00234354 8e-05 
v 0.00124738 0.00234029 0 
v 0.00124996 0.00234197 8e-05 
v 0.00124487 0.0023385 0 
v 0.00124738 0.00234029 8e-05 
v 0.00124245 0.00233661 0 
v 0.00124487 0.0023385 8e-05 
v 0.0012401 0.00233462 0 
v 0.00124245 0.00233661 8e-05 
v 0.00123784 0.00233253 0 
v 0.0012401 0.00233462 8e-05 
v 0.00123567 0.00233035 0 
v 0.00123784 0.00233253 8e-05 
v 0.0012336 0.00232807 0 
v 0.00123567 0.00233035 8e-05 
v 0.00123162 0.00232572 0 
v 0.0012336 0.00232807 8e-05 
v 0.00122974 0.00232328 0 
v 0.00123162 0.00232572 8e-05 
v 0.00122797 0.00232076 0 
v 0.00122974 0.00232328 8e-05 
v 0.0012263 0.00231817 0 
v 0.00122797 0.00232076 8e-05 
v 0.00122474 0.00231552 0 
v 0.0012263 0.00231817 8e-05 
v 0.0012233 0.0023128 0 
v 0.00122474 0.00231552 8e-05 
v 0.00122198 0.00231002 0 
v 0.0012233 0.0023128 8e-05 
v 0.00122077 0.00230719 0 
v 0.00122198 0.00231002 8e-05 
v 0.00122077 0.00230719 8e-05 
vn 0.455336 -0.89032 0 
vn 0.417473 -0.90869 0 
vn 0.417473 -0.90869 0 
vn 0.492392 -0.870373 0 
vn 0.455336 -0.89032 0 
vn 0.528577 -0.848885 0 
vn 0.492392 -0.870373 0 
vn 0.563825 -0.825894 0 
vn 0.528577 -0.848885 0 
vn 0.598075 -0.80144 0 
vn 0.563825 -0.825894 0 
vn 0.631266 -0.775566 0 
vn 0.598075 -0.80144 0 
vn 0.663339 -0.748319 0 
vn 0.631266 -0.775566 0 
vn 0.694236 -0.719747 0 
vn 0.663339 -0.748319 0 
vn 0.723905 -0.6899 0 
vn 0.694236 -0.719747 0 
vn 0.752291 -0.658831 0 
vn 0.723905 -0.6899 0 
vn 0.779345 -0.626595 0 
vn 0.752291 -0.658831 0 
vn 0.805019 -0.59325 0 
vn 0.779345 -0.626595 0 
vn 0.829266 -0.558853 0 
vn 0.805019 -0.59325 0 
vn 0.852046 -0.523467 0 
vn 0.829266 -0.558853 0 
vn 0.873316 -0.487154 0 
vn 0.852046 -0.523467 0 
vn 0.893039 -0.449979 0 
vn 0.873316 -0.487154 0 
vn 0.911181 -0.412006 0 
vn 0.893039 -0.449979 0 
vn 0.927709 -0.373303 0 
vn 0.911181 -0.412006 0 
vn 0.927709 -0.373303 0 
f 1047//1047 1048//1048 1049//1049 
f 1050//1050 1047//1047 1051//1051 
f 1052//1052 1050//1050 1053//1053 
f 1054//1054 1052//1052 1055//1055 
f 1056//1056 1054//1054 1057//1057 
f 1058//1058 1056//1056 1059//1059 
f 1060//1060 1058//1058 1061//1061 
f 1062//1062 1060//1060 1063//1063 
f 1064//1064 1062//1062 1065//1065 
f 1066//1066 1064//1064 1067//1067 
f 1068//1068 1066//1066 1069//1069 
f 1070//1070 1068//1068 1071//1071 
f 1072//1072 1070//1070 1073//1073 
f 1074//1074 1072//1072 1075//1075 
f 1076//1076 1074//1074 1077//1077 
f 1078//1078 1076//1076 1079//1079 
f 1080//1080 1078//1078 1081//1081 
f 1082//1082 1080//1080 1083//1083 
f 1083//1083 1084//1084 1082//1082 
f 1081//1081 1083//1083 1080//1080 
f 1079//1079 1081//1081 1078//1078 
f 1077//1077 1079//1079 1076//1076 
f 1075//1075 1077//1077 1074//1074 
f 1073//1073 1075//1075 1072//1072 
f 1071//1071 1073//1073 1070//1070 
f 1069//1069 1071//1071 1068//1068 
f 1067//1067 1069//1069 1066//1066 
f 1065//1065 1067//1067 1064//1064 
f 1063//1063 1065//1065 1062//1062 
f 1061//1061 1063//1063 1060//1060 
f 1059//1059 1061//1061 1058//1058 
f 1057//1057 1059//1059 1056//1056 
f 1055//1055 1057//1057 1054//1054 
f 1053//1053 1055//1055 1052//1052 
f 1051//1051 1053//1053 1050//1050 
f 1049//1049 1051//1051 1047//1047 
o mesh78
v 0.00128638 0.00235528 0 
v 0.00129127 0.00235612 0 
v 0.00129127 0.00235612 8e-05 
v 0.00128153 0.00235425 0 
v 0.00128638 0.00235528 8e-05 
v 0.00127673 0.00235304 0 
v 0.00128153 0.00235425 8e-05 
v 0.00127197 0.00235164 0 
v 0.00127673 0.00235304 8e-05 
v 0.00126727 0.00235005 0 
v 0.00127197 0.00235164 8e-05 
v 0.00126264 0.00234829 0 
v 0.00126727 0.00235005 8e-05 
v 0.00125808 0.00234635 0 
v 0.00126264 0.00234829 8e-05 
v 0.00125808 0.00234635 8e-05 
vn 0.188602 -0.982054 0 
vn 0.150458 -0.988616 0 
vn 0.150458 -0.988616 0 
vn 0.226464 -0.97402 0 
vn 0.188602 -0.982054 0 
vn 0.263986 -0.964527 0 
vn 0.226464 -0.97402 0 
vn 0.301113 -0.953589 0 
vn 0.263986 -0.964527 0 
vn 0.337789 -0.941222 0 
vn 0.301113 -0.953589 0 
vn 0.373958 -0.927445 0 
vn 0.337789 -0.941222 0 
vn 0.409568 -0.91228 0 
vn 0.373958 -0.927445 0 
vn 0.409568 -0.91228 0 
f 1085//1085 1086//1086 1087//1087 
f 1088//1088 1085//1085 1089//1089 
f 1090//1090 1088//1088 1091//1091 
f 1092//1092 1090//1090 1093//1093 
f 1094//1094 1092//1092 1095//1095 
f 1096//1096 1094//1094 1097//1097 
f 1098//1098 1096//1096 1099//1099 
f 1099//1099 1100//1100 1098//1098 
f 1097//1097 1099//1099 1096//1096 
f 1095//1095 1097//1097 1094//1094 
f 1093//1093 1095//1095 1092//1092 
f 1091//1091 1093//1093 1090//1090 
f 1089//1089 1091//1091 1088//1088 
f 1087//1087 1089//1089 1085//1085 
o mesh79
v 0.00130404 0.00235803 0 
v 0.00131689 0.00235939 0 
v 0.00131689 0.00235939 8e-05 
v 0.00129127 0.00235612 0 
v 0.00130404 0.00235803 8e-05 
v 0.00129127 0.00235612 8e-05 
vn 0.126458 -0.991972 0 
vn 0.0843791 -0.996434 0 
vn 0.0843791 -0.996434 0 
vn 0.168311 -0.985734 0 
vn 0.126458 -0.991972 0 
vn 0.168311 -0.985734 0 
f 1101//1101 1102//1102 1103//1103 
f 1104//1104 1101//1101 1105//1105 
f 1105//1105 1106//1106 1104//1104 
f 1103//1103 1105//1105 1101//1101 
o mesh80
v 0.00133563 0.00236065 0 
v 0.00135441 0.00236127 0 
v 0.00135441 0.00236127 8e-05 
v 0.00131689 0.00235939 0 
v 0.00133563 0.00236065 8e-05 
v 0.00131689 0.00235939 8e-05 
vn 0.0500295 -0.998748 0 
vn 0.0154471 -0.999881 0 
vn 0.0154471 -0.999881 0 
vn 0.084552 -0.996419 0 
vn 0.0500295 -0.998748 0 
vn 0.084552 -0.996419 0 
f 1107//1107 1108//1108 1109//1109 
f 1110//1110 1107//1107 1111//1111 
f 1111//1111 1112//1112 1110//1110 
f 1109//1109 1111//1111 1107//1107 
o mesh81
v -0.00461687 0.00225519 8e-05 
v -0.00462308 0.00207591 8e-05 
v -0.00461533 0.00207281 8e-05 
v -0.00463895 0.00208113 8e-05 
v -0.00463096 0.00207868 8e-05 
v -0.00465519 0.002085 8e-05 
v -0.00464703 0.00208323 8e-05 
v -0.00461891 0.00225729 8e-05 
v -0.00466342 0.00208642 8e-05 
v -0.00462547 0.00226427 8e-05 
v -0.00463175 0.0022715 8e-05 
v -0.00463773 0.00227898 8e-05 
v -0.00468003 0.00208822 8e-05 
v -0.00467171 0.00208749 8e-05 
v -0.00478545 0.00249951 8e-05 
v -0.00465191 0.0023314 8e-05 
v -0.00465135 0.0023324 8e-05 
v -0.00460024 0.00206564 8e-05 
v -0.00459294 0.00206159 8e-05 
v -0.00468837 0.0020886 8e-05 
v -0.0046501 0.00233434 8e-05 
v -0.00464941 0.00233527 8e-05 
v -0.00465074 0.00233339 8e-05 
v -0.00460771 0.00206938 8e-05 
v -0.00471339 0.00208763 8e-05 
v -0.00470507 0.00208831 8e-05 
v 0.000946009 0.00249965 8e-05 
v -0.0047631 0.00249965 8e-05 
v -0.00454947 0.00235964 8e-05 
v -0.00464868 0.00233617 8e-05 
v -0.00464792 0.00233704 8e-05 
v -0.00465335 0.00232825 8e-05 
v -0.00465291 0.00232932 8e-05 
v -0.00469672 0.00208863 8e-05 
v 0.00471964 0.00217049 8e-05 
v 0.00468344 0.00203526 8e-05 
v 0.00490811 0.0019718 8e-05 
v 0.00448895 0.00222813 8e-05 
v 0.00445694 0.00209182 8e-05 
v 0.000769601 0.00235964 8e-05 
v -0.00465244 0.00233037 8e-05 
v 0.00494847 0.00210587 8e-05 
v 0.00511263 0.00190711 8e-05 
v 0.000854201 0.00235961 8e-05 
v -0.00465408 0.00232606 8e-05 
v -0.00465374 0.00232716 8e-05 
v -0.00465482 0.00232267 8e-05 
v -0.00465462 0.00232381 8e-05 
v -0.00465487 0.00231462 8e-05 
v -0.00465501 0.00231577 8e-05 
v -0.00472168 0.00208662 8e-05 
v -0.00464079 0.00228317 8e-05 
v -0.00464368 0.00228749 8e-05 
v -0.00458581 0.00205724 8e-05 
v -0.00457887 0.00205259 8e-05 
v 0.00414226 0.00230312 8e-05 
v 0.00411546 0.00216526 8e-05 
v -0.0045529 0.00235961 8e-05 
v -0.00460199 0.00235588 8e-05 
v -0.00458978 0.00235748 8e-05 
v -0.00463677 0.00234526 8e-05 
v -0.00463437 0.00234653 8e-05 
v -0.00464138 0.00234242 8e-05 
v -0.0046391 0.00234389 8e-05 
v -0.00464452 0.00234016 8e-05 
v -0.0046436 0.00234085 8e-05 
v -0.00464542 0.00233943 8e-05 
v -0.00464712 0.00233787 8e-05 
v -0.00464629 0.00233867 8e-05 
v -0.00465437 0.00232494 8e-05 
v -0.00465508 0.00232038 8e-05 
v -0.00465497 0.00232153 8e-05 
v -0.00465514 0.00231807 8e-05 
v -0.00465513 0.00231923 8e-05 
v -0.0046551 0.00231692 8e-05 
v -0.00464639 0.00229192 8e-05 
v -0.00464891 0.00229646 8e-05 
v -0.00480827 0.00204099 8e-05 
v -0.00522299 0.00222187 8e-05 
v -0.00522898 0.00220596 8e-05 
v -0.00520118 0.00226794 8e-05 
v -0.00520907 0.00225288 8e-05 
v 0.00379297 0.00236482 8e-05 
v 0.00377146 0.00222589 8e-05 
v -0.00456521 0.00235934 8e-05 
v -0.00457751 0.00235864 8e-05 
v -0.00457213 0.00204766 8e-05 
v -0.00521635 0.00223752 8e-05 
v -0.00519269 0.00228266 8e-05 
v -0.00515941 0.00232769 8e-05 
v -0.00517394 0.002311 8e-05 
v 0.00674897 0.000947723 8e-05 
v 0.00671411 0.000892622 8e-05 
v 0.00672037 0.000893208 8e-05 
v 0.00670154 0.00089227 8e-05 
v 0.00670783 0.000892309 8e-05 
v 0.006689 0.000893011 8e-05 
v 0.00669526 0.000892504 8e-05 
v 0.00344158 0.00241313 8e-05 
v 0.00342544 0.00227362 8e-05 
v 0.00122198 0.00231002 8e-05 
v 0.0012233 0.0023128 8e-05 
v -0.00462689 0.00234973 8e-05 
v -0.00462432 0.00235059 8e-05 
v -0.00463192 0.00234771 8e-05 
v -0.0045656 0.00204245 8e-05 
v -0.0051836 0.00229702 8e-05 
v 0.00670537 0.00102568 8e-05 
v 0.00659597 0.000940536 8e-05 
v 0.00660026 0.000935937 8e-05 
v 0.00672797 0.000987146 8e-05 
v 0.0066524 0.000901697 8e-05 
v 0.00665832 0.00089959 8e-05 
v 0.00668276 0.00089379 8e-05 
v 0.00666433 0.000897742 8e-05 
v 0.00667041 0.000896158 8e-05 
v 0.0030886 0.002448 8e-05 
v 0.00307789 0.0023084 8e-05 
v 0.00135441 0.00236127 8e-05 
v 0.00139668 0.00236184 8e-05 
v 0.0012401 0.00233462 8e-05 
v 0.00124245 0.00233661 8e-05 
v 0.00123162 0.00232572 8e-05 
v 0.0012336 0.00232807 8e-05 
v 0.0012263 0.00231817 8e-05 
v 0.00122797 0.00232076 8e-05 
v 0.00122474 0.00231552 8e-05 
v 0.00087657 0.00235951 8e-05 
v -0.00461326 0.00235367 8e-05 
v -0.00460765 0.00235489 8e-05 
v -0.00461882 0.00235224 8e-05 
v -0.00462943 0.00234877 8e-05 
v -0.00465398 0.0023099 8e-05 
v -0.00465448 0.00231225 8e-05 
v -0.00464999 0.0022986 8e-05 
v 0.0012196 0.00230179 8e-05 
v 0.0010495 0.00231393 8e-05 
v 0.00105738 0.00230835 8e-05 
v 0.00660941 0.000927322 8e-05 
v 0.00661426 0.000923321 8e-05 
v 0.00660474 0.00093153 8e-05 
v 0.00658437 0.000955386 8e-05 
v 0.00658802 0.000950269 8e-05 
v 0.00664657 0.00090406 8e-05 
v 0.00663526 0.000909534 8e-05 
v 0.00664085 0.000906673 8e-05 
v 0.00661928 0.000919535 8e-05 
v 0.00662446 0.00091597 8e-05 
v 0.00667656 0.000894839 8e-05 
v 0.00515859 0.00203937 8e-05 
v 0.00531429 0.00183399 8e-05 
v 0.00179435 0.00250472 8e-05 
v 0.00128638 0.00235528 8e-05 
v 0.00129127 0.00235612 8e-05 
v 0.0012526 0.00234354 8e-05 
v 0.00125531 0.002345 8e-05 
v 0.00124738 0.00234029 8e-05 
v 0.00124996 0.00234197 8e-05 
v 0.00124487 0.0023385 8e-05 
v 0.00123567 0.00233035 8e-05 
v 0.00123784 0.00233253 8e-05 
v 0.00122974 0.00232328 8e-05 
v 0.000954301 0.00235233 8e-05 
v 0.00122077 0.00230719 8e-05 
v 0.00089892 0.00235856 8e-05 
v -0.00465188 0.00230302 8e-05 
v -0.00465268 0.00230528 8e-05 
v -0.00465098 0.00230079 8e-05 
v -0.00523433 0.00218983 8e-05 
v 0.0012197 0.00230271 8e-05 
v 0.00103309 0.00232411 8e-05 
v 0.0010414 0.00231918 8e-05 
v 0.00121954 0.00230086 8e-05 
v 0.00106504 0.00230245 8e-05 
v 0.00659189 0.000945316 8e-05 
v 0.00662979 0.000912634 8e-05 
v 0.00673891 0.000896588 8e-05 
v 0.00674497 0.000898249 8e-05 
v 0.0067266 0.000894065 8e-05 
v 0.00673278 0.000895192 8e-05 
v 0.00570767 0.00166302 8e-05 
v 0.0058149 0.0016087 8e-05 
v 0.00586673 0.00173991 8e-05 
v 0.00556965 0.00188052 8e-05 
v 0.00551275 0.00175258 8e-05 
v 0.00536577 0.00196421 8e-05 
v 0.00133563 0.00236065 8e-05 
v 0.00128153 0.00235425 8e-05 
v 0.00127197 0.00235164 8e-05 
v 0.00127673 0.00235304 8e-05 
v 0.00126264 0.00234829 8e-05 
v 0.00126727 0.00235005 8e-05 
v 0.000943433 0.00235414 8e-05 
v 0.000921218 0.00235677 8e-05 
v -0.00465338 0.00230758 8e-05 
v -0.00523901 0.00217349 8e-05 
v -0.00511213 0.00237425 8e-05 
v -0.00512849 0.00235934 8e-05 
v 0.00121984 0.00230362 8e-05 
v 0.00101592 0.00233295 8e-05 
v 0.00102459 0.00232871 8e-05 
v 0.00121951 0.00229994 8e-05 
v -0.0057784 0.000335921 8e-05 
v -0.00562542 0.000379034 8e-05 
v -0.00566204 0.000515049 8e-05 
v -0.00573359 0.000187461 8e-05 
v -0.00558344 0.000236777 8e-05 
v -0.00518145 -0.000879881 8e-05 
v -0.00509144 -0.000995713 8e-05 
v -0.0049716 -0.000899592 8e-05 
v -0.00499697 -0.00110794 8e-05 
v -0.00488131 -0.0010078 8e-05 
v 0.00675686 0.000902353 8e-05 
v 0.00676265 0.000904788 8e-05 
v 0.00612116 0.00141879 8e-05 
v 0.00623387 0.00151044 8e-05 
v 0.00614539 0.00157295 8e-05 
v 0.00576988 0.00178845 8e-05 
v 0.00131689 0.00235939 8e-05 
v 0.00125808 0.00234635 8e-05 
v -0.00524633 0.0021458 8e-05 
v -0.00525007 0.00213476 8e-05 
v -0.00484381 0.0019884 8e-05 
v -0.0047423 0.00208136 8e-05 
v -0.0047355 0.0020834 8e-05 
v -0.00485221 0.00249348 8e-05 
v -0.004749 0.00207902 8e-05 
v -0.00487422 0.00248963 8e-05 
v -0.00476842 0.00207033 8e-05 
v -0.00476207 0.0020735 8e-05 
v -0.00493905 0.0024726 8e-05 
v -0.00478657 0.00205923 8e-05 
v -0.00478068 0.00206319 8e-05 
v -0.00502121 0.00243758 8e-05 
v -0.00479228 0.00205502 8e-05 
v -0.00504075 0.00242672 8e-05 
v -0.00507778 0.00240212 8e-05 
v -0.00479781 0.00205057 8e-05 
v -0.00514425 0.00234381 8e-05 
v -0.00480314 0.00204589 8e-05 
v 0.00100708 0.00233685 8e-05 
v 0.00122002 0.00230453 8e-05 
v 0.00107245 0.00229626 8e-05 
v -0.00568268 4.09795e-05 8e-05 
v -0.00553548 9.64234e-05 8e-05 
v -0.00489818 -0.00121639 8e-05 
v -0.0047869 -0.00111243 8e-05 
v -0.00472246 -0.00138944 8e-05 
v -0.0046369 -0.00135361 8e-05 
v -0.00463581 -0.00134765 8e-05 
v 0.00658094 0.000960657 8e-05 
v 0.00675096 0.000900171 8e-05 
v 0.00668122 0.00106325 8e-05 
v 0.00665554 0.0010998 8e-05 
v 0.00658747 0.00118699 8e-05 
v 0.00647895 0.00109758 8e-05 
v 0.00651693 0.00105054 8e-05 
v 0.00654444 0.00123697 8e-05 
v 0.00643927 0.00114319 8e-05 
v 0.00602183 0.00148648 8e-05 
v 0.00591968 0.00154982 8e-05 
v 0.00605462 0.00163208 8e-05 
v 0.00596169 0.00168776 8e-05 
v 0.00130404 0.00235803 8e-05 
v -0.0048409 0.00199487 8e-05 
v -0.00524303 0.00215697 8e-05 
v -0.00472863 0.00208516 8e-05 
v -0.00489606 0.00248485 8e-05 
v -0.00475559 0.0020764 8e-05 
v -0.00491768 0.00247917 8e-05 
v -0.00496012 0.00246514 8e-05 
v -0.00505982 0.00241505 8e-05 
v -0.00509522 0.00238852 8e-05 
v 0.00121953 0.00229902 8e-05 
v 0.00107961 0.00228977 8e-05 
v 0.00121958 0.00229809 8e-05 
v 0.0010865 0.002283 8e-05 
v 0.0012202 0.00229418 8e-05 
v 0.00121996 0.00229535 8e-05 
v 0.00122069 0.00229235 8e-05 
v 0.00112719 0.00224118 8e-05 
v 0.00122262 0.00228699 8e-05 
v 0.0012219 0.00228875 8e-05 
v 0.00122518 0.00228192 8e-05 
v 0.00122426 0.00228357 8e-05 
v -0.00538295 0.00173313 8e-05 
v -0.00504263 0.00143961 8e-05 
v -0.00503013 0.00145646 8e-05 
v -0.00508435 0.00139254 8e-05 
v -0.00506976 0.00140762 8e-05 
v -0.00496469 0.0015873 8e-05 
v -0.00533117 0.0020038 8e-05 
v -0.00533491 0.00199635 8e-05 
v -0.0053228 0.00201819 8e-05 
v -0.00532713 0.00201108 8e-05 
v -0.00603498 0.00109077 8e-05 
v -0.00548704 0.00110724 8e-05 
v -0.00546614 0.00112719 8e-05 
v -0.0055262 0.00106477 8e-05 
v -0.00550707 0.00108642 8e-05 
v -0.00556162 0.00101911 8e-05 
v -0.0055444 0.00104232 8e-05 
v -0.0058665 0.000652817 8e-05 
v -0.00567843 0.000677012 8e-05 
v -0.00567721 0.000704185 8e-05 
v -0.00567748 0.000622632 8e-05 
v -0.00567852 0.000649812 8e-05 
v -0.00583497 0.000539714 8e-05 
v -0.0056753 0.000595518 8e-05 
v -0.00566758 0.00054168 8e-05 
v -0.00562576 -0.000103272 8e-05 
v -0.00548162 -4.17755e-05 8e-05 
v -0.00534756 -0.00063811 8e-05 
v -0.00526687 -0.000760619 8e-05 
v -0.00513925 -0.000673093 8e-05 
v -0.00505762 -0.000787967 8e-05 
v -0.00479523 -0.00132089 8e-05 
v -0.00468851 -0.00121332 8e-05 
v -0.00463418 -0.00131747 8e-05 
v -0.00463464 -0.00131143 8e-05 
v -0.00463406 -0.00132958 8e-05 
v -0.00463399 -0.00132353 8e-05 
v -0.00463497 -0.00134166 8e-05 
v -0.004684 -0.00142139 8e-05 
v -0.00463985 -0.00136535 8e-05 
v -0.00475956 -0.00135592 8e-05 
v -0.00465004 -0.0012595 8e-05 
v -0.00465296 -0.00125419 8e-05 
v -0.00463753 -0.00129351 8e-05 
v -0.0046668 -0.00123435 8e-05 
v -0.00467078 -0.00122978 8e-05 
v 0.00649938 0.00128514 8e-05 
v 0.00639795 0.00118732 8e-05 
v 0.00645236 0.0013314 8e-05 
v 0.00635504 0.00122991 8e-05 
v 0.00640348 0.00137568 8e-05 
v 0.0063106 0.0012709 8e-05 
v 0.00631994 0.00144465 8e-05 
v 0.00621748 0.00134689 8e-05 
v -0.00483054 0.00201345 8e-05 
v -0.00482656 0.00201933 8e-05 
v -0.00483771 0.00200121 8e-05 
v -0.00483425 0.0020074 8e-05 
v -0.00480778 0.00249843 8e-05 
v -0.00483005 0.00249642 8e-05 
v -0.00498086 0.0024568 8e-05 
v -0.00477462 0.00206689 8e-05 
v -0.00500124 0.00244761 8e-05 
v 0.00121967 0.00229717 8e-05 
v 0.0012198 0.00229626 8e-05 
v 0.00122126 0.00229054 8e-05 
v 0.0012234 0.00228527 8e-05 
v 0.00478538 -0.00152086 8e-05 
v 0.0049129 -0.001458 8e-05 
v 0.00124275 0.00225992 8e-05 
v -0.00501838 0.00147384 8e-05 
v -0.00505585 0.00142332 8e-05 
v -0.00533834 0.00198876 8e-05 
v -0.00534146 0.00198104 8e-05 
v -0.0053081 0.00203839 8e-05 
v -0.00531328 0.00203186 8e-05 
v -0.00557783 0.000995201 8e-05 
v -0.00560715 0.000945414 8e-05 
v -0.00559302 0.000970619 8e-05 
v -0.00563213 0.000893316 8e-05 
v -0.00598663 0.000983773 8e-05 
v -0.00565259 0.000839285 8e-05 
v -0.00594239 0.000875008 8e-05 
v -0.00590233 0.000764636 8e-05 
v -0.005672 0.000568519 8e-05 
v -0.00556292 -0.000245047 8e-05 
v -0.00542197 -0.000177573 8e-05 
v -0.00549428 -0.000384104 8e-05 
v -0.0054234 -0.000512541 8e-05 
v -0.00528886 -0.000434293 8e-05 
v -0.00521637 -0.000555143 8e-05 
v -0.00465779 -0.00140359 8e-05 
v -0.00465454 -0.00139849 8e-05 
v -0.00467714 -0.00142681 8e-05 
v -0.00467288 -0.0014225 8e-05 
v -0.00463535 -0.00130542 8e-05 
v -0.00463631 -0.00129944 8e-05 
v -0.00463438 -0.00133563 8e-05 
v -0.00463825 -0.00135951 8e-05 
v -0.00464736 -0.00126493 8e-05 
v -0.00464269 -0.0012761 8e-05 
v -0.00464491 -0.00127047 8e-05 
v -0.004639 -0.00128764 8e-05 
v -0.00467494 -0.00122538 8e-05 
v -0.00467929 -0.00122117 8e-05 
v -0.00466302 -0.00123908 8e-05 
v -0.0046561 -0.00124901 8e-05 
v 0.00676834 0.000907474 8e-05 
v 0.00179321 0.00236471 8e-05 
v -0.00482234 0.00202503 8e-05 
v 0.00122023 0.00230543 8e-05 
v 0.000986347 0.0023443 8e-05 
v 0.000996787 0.00234078 8e-05 
v 0.00122856 0.00227667 8e-05 
v 0.00122617 0.0022803 8e-05 
v 0.00123964 0.00226315 8e-05 
v 0.00123663 0.00226646 8e-05 
v -0.00498783 0.00152881 8e-05 
v -0.00497927 0.00154797 8e-05 
v -0.0050074 0.00149172 8e-05 
v -0.00499721 0.00151005 8e-05 
v -0.00511542 0.00136436 8e-05 
v -0.00509958 0.00137812 8e-05 
v -0.00534673 0.00196524 8e-05 
v -0.00534888 0.00195719 8e-05 
v -0.00534426 0.00197319 8e-05 
v -0.00531818 0.00202512 8e-05 
v -0.00530267 0.0020447 8e-05 
v -0.00528154 0.00207252 8e-05 
v -0.00562019 0.000919631 8e-05 
v -0.00564293 0.000866518 8e-05 
v -0.00566108 0.000811665 8e-05 
v -0.00566679 0.000785071 8e-05 
v -0.00567486 0.000731284 8e-05 
v -0.00535662 -0.000310725 8e-05 
v -0.0046487 -0.00138787 8e-05 
v -0.00464613 -0.00138239 8e-05 
v -0.00465151 -0.00139324 8e-05 
v -0.00466493 -0.00141337 8e-05 
v -0.00466125 -0.00140856 8e-05 
v -0.00466881 -0.00141802 8e-05 
v -0.00464073 -0.00128183 8e-05 
v -0.00465945 -0.00124397 8e-05 
v 0.0066284 0.00113527 8e-05 
v -0.00481788 0.00203055 8e-05 
v -0.00481319 0.00203587 8e-05 
v 0.000975775 0.0023474 8e-05 
v 0.000965087 0.00235008 8e-05 
v 0.00123379 0.00226975 8e-05 
v 0.0012311 0.00227315 8e-05 
v -0.00527526 0.00208234 8e-05 
v -0.00567138 0.000758261 8e-05 
v 0.00122048 0.00230631 8e-05 
v -0.00497155 0.00156748 8e-05 
v -0.00526939 0.0020924 8e-05 
v -0.0046438 -0.0013768 8e-05 
v -0.0046417 -0.00137112 8e-05 
v -0.00468382 -0.00121715 8e-05 
v -0.00566689 0.00152247 8e-05 
v -0.00614252 0.00124492 8e-05 
v -0.00611332 0.00120805 8e-05 
v -0.00591419 0.0015591 8e-05 
v -0.00535069 0.00194906 8e-05 
v -0.00526392 0.00210269 8e-05 
v -0.00525425 0.00212389 8e-05 
v -0.00525887 0.00211319 8e-05 
v -0.00623872 0.00134805 8e-05 
v -0.00616149 0.00159574 8e-05 
v -0.00544441 0.00114624 8e-05 
v -0.00605951 0.00113091 8e-05 
v -0.00617319 0.00128059 8e-05 
v -0.00514883 0.001339 8e-05 
v -0.00513185 0.00135132 8e-05 
v -0.0052245 0.00129527 8e-05 
v -0.00516633 0.00132743 8e-05 
v -0.00535218 0.00194086 8e-05 
v -0.00528821 0.00206296 8e-05 
v -0.00627348 0.00137974 8e-05 
v -0.00640879 0.00163238 8e-05 
v -0.00608563 0.00117002 8e-05 
v -0.00620527 0.00131498 8e-05 
v -0.00528146 0.00126102 8e-05 
v -0.00533715 0.00122474 8e-05 
v -0.00563025 0.00176977 8e-05 
v 0.000330139 -0.00277089 8e-05 
v -0.00529525 0.00205369 8e-05 
v -0.00665609 0.00166902 8e-05 
v -0.00584678 0.00201414 8e-05 
v -0.00539149 0.00118646 8e-05 
v -0.00609408 0.00205078 8e-05 
v 0.000176629 -0.00278972 8e-05 
v -0.00637215 0.00187968 8e-05 
v -0.00661946 0.00191632 8e-05 
vn 0 0 1 
vn 0 0 1 
vn 0 0 1 
vn 0 0 1 
vn 0 0 1 
vn 0 0 1 
vn 0 0 1 
vn 0 0 1 
vn 0 0 1 
vn 0 0 1 
vn 0 0 1 
vn 0 0 1 
vn 0 0 1 
vn 0 0 1 
vn 0 0 1 
vn 0 0 1 
vn 0 0 1 
vn 0 0 1 
vn 0 0 1 
vn 0 0 1 
vn 0 0 1 
vn 0 0 1 
vn 0 0 1 
vn 0 0 1 
vn 0 0 1 
vn 0 0 1 
vn 0 0 1 
vn 0 0 1 
vn 0 0 1 
vn 0 0 1 
vn 0 0 1 
vn 0 0 1 
vn 0 0 1 
vn 0 0 1 
vn 0 0 1 
vn 0 0 1 
vn 0 0 1 
vn 0 0 1 
vn 0 0 1 
vn 0 0 1 
vn 0 0 1 
vn 0 0 1 
vn 0 0 1 
vn 0 0 1 
vn 0 0 1 
vn 0 0 1 
vn 0 0 1 
vn 0 0 1 
vn 0 0 1 
vn 0 0 1 
vn 0 0 1 
vn 0 0 1 
vn 0 0 1 
vn 0 0 1 
vn 0 0 1 
vn 0 0 1 
vn 0 0 1 
vn 0 0 1 
vn 0 0 1 
vn 0 0 1 
vn 0 0 1 
vn 0 0 1 
vn 0 0 1 
vn 0 0 1 
vn 0 0 1 
vn 0 0 1 
vn 0 0 1 
vn 0 0 1 
vn 0 0 1 
vn 0 0 1 
vn 0 0 1 
vn 0 0 1 
vn 0 0 1 
vn 0 0 1 
vn 0 0 1 
vn 0 0 1 
vn 0 0 1 
vn 0 0 1 
vn 0 0 1 
vn 0 0 1 
vn 0 0 1 
vn 0 0 1 
vn 0 0 1 
vn 0 0 1 
vn 0 0 1 
vn 0 0 1 
vn 0 0 1 
vn 0 0 1 
vn 0 0 1 
vn 0 0 1 
vn 0 0 1 
vn 0 0 1 
vn 0 0 1 
vn 0 0 1 
vn 0 0 1 
vn 0 0 1 
vn 0 0 1 
vn 0 0 1 
vn 0 0 1 
vn 0 0 1 
vn 0 0 1 
vn 0 0 1 
vn 0 0 1 
vn 0 0 1 
vn 0 0 1 
vn 0 0 1 
vn 0 0 1 
vn 0 0 1 
vn 0 0 1 
vn 0 0 1 
vn 0 0 1 
vn 0 0 1 
vn 0 0 1 
vn 0 0 1 
vn 0 0 1 
vn 0 0 1 
vn 0 0 1 
vn 0 0 1 
vn 0 0 1 
vn 0 0 1 
vn 0 0 1 
vn 0 0 1 
vn 0 0 1 
vn 0 0 1 
vn 0 0 1 
vn 0 0 1 
vn 0 0 1 
vn 0 0 1 
vn 0 0 1 
vn 0 0 1 
vn 0 0 1 
vn 0 0 1 
vn 0 0 1 
vn 0 0 1 
vn 0 0 1 
vn 0 0 1 
vn 0 0 1 
vn 0 0 1 
vn 0 0 1 
vn 0 0 1 
vn 0 0 1 
vn 0 0 1 
vn 0 0 1 
vn 0 0 1 
vn 0 0 1 
vn 0 0 1 
vn 0 0 1 
vn 0 0 1 
vn 0 0 1 
vn 0 0 1 
vn 0 0 1 
vn 0 0 1 
vn 0 0 1 
vn 0 0 1 
vn 0 0 1 
vn 0 0 1 
vn 0 0 1 
vn 0 0 1 
vn 0 0 1 
vn 0 0 1 
vn 0 0 1 
vn 0 0 1 
vn 0 0 1 
vn 0 0 1 
vn 0 0 1 
vn 0 0 1 
vn 0 0 1 
vn 0 0 1 
vn 0 0 1 
vn 0 0 1 
vn 0 0 1 
vn 0 0 1 
vn 0 0 1 
vn 0 0 1 
vn 0 0 1 
vn 0 0 1 
vn 0 0 1 
vn 0 0 1 
vn 0 0 1 
vn 0 0 1 
vn 0 0 1 
vn 0 0 1 
vn 0 0 1 
vn 0 0 1 
vn 0 0 1 
vn 0 0 1 
vn 0 0 1 
vn 0 0 1 
vn 0 0 1 
vn 0 0 1 
vn 0 0 1 
vn 0 0 1 
vn 0 0 1 
vn 0 0 1 
vn 0 0 1 
vn 0 0 1 
vn 0 0 1 
vn 0 0 1 
vn 0 0 1 
vn 0 0 1 
vn 0 0 1 
vn 0 0 1 
vn 0 0 1 
vn 0 0 1 
vn 0 0 1 
vn 0 0 1 
vn 0 0 1 
vn 0 0 1 
vn 0 0 1 
vn 0 0 1 
vn 0 0 1 
vn 0 0 1 
vn 0 0 1 
vn 0 0 1 
vn 0 0 1 
vn 0 0 1 
vn 0 0 1 
vn 0 0 1 
vn 0 0 1 
vn 0 0 1 
vn 0 0 1 
vn 0 0 1 
vn 0 0 1 
vn 0 0 1 
vn 0 0 1 
vn 0 0 1 
vn 0 0 1 
vn 0 0 1 
vn 0 0 1 
vn 0 0 1 
vn 0 0 1 
vn 0 0 1 
vn 0 0 1 
vn 0 0 1 
vn 0 0 1 
vn 0 0 1 
vn 0 0 1 
vn 0 0 1 
vn 0 0 1 
vn 0 0 1 
vn 0 0 1 
vn 0 0 1 
vn 0 0 1 
vn 0 0 1 
vn 0 0 1 
vn 0 0 1 
vn 0 0 1 
vn 0 0 1 
vn 0 0 1 
vn 0 0 1 
vn 0 0 1 
vn 0 0 1 
vn 0 0 1 
vn 0 0 1 
vn 0 0 1 
vn 0 0 1 
vn 0 0 1 
vn 0 0 1 
vn 0 0 1 
vn 0 0 1 
vn 0 0 1 
vn 0 0 1 
vn 0 0 1 
vn 0 0 1 
vn 0 0 1 
vn 0 0 1 
vn 0 0 1 
vn 0 0 1 
vn 0 0 1 
vn 0 0 1 
vn 0 0 1 
vn 0 0 1 
vn 0 0 1 
vn 0 0 1 
vn 0 0 1 
vn 0 0 1 
vn 0 0 1 
vn 0 0 1 
vn 0 0 1 
vn 0 0 1 
vn 0 0 1 
vn 0 0 1 
vn 0 0 1 
vn 0 0 1 
vn 0 0 1 
vn 0 0 1 
vn 0 0 1 
vn 0 0 1 
vn 0 0 1 
vn 0 0 1 
vn 0 0 1 
vn 0 0 1 
vn 0 0 1 
vn 0 0 1 
vn 0 0 1 
vn 0 0 1 
vn 0 0 1 
vn 0 0 1 
vn 0 0 1 
vn 0 0 1 
vn 0 0 1 
vn 0 0 1 
vn 0 0 1 
vn 0 0 1 
vn 0 0 1 
vn 0 0 1 
vn 0 0 1 
vn 0 0 1 
vn 0 0 1 
vn 0 0 1 
vn 0 0 1 
vn 0 0 1 
vn 0 0 1 
vn 0 0 1 
vn 0 0 1 
vn 0 0 1 
vn 0 0 1 
vn 0 0 1 
vn 0 0 1 
vn 0 0 1 
vn 0 0 1 
vn 0 0 1 
vn 0 0 1 
vn 0 0 1 
vn 0 0 1 
vn 0 0 1 
vn 0 0 1 
vn 0 0 1 
vn 0 0 1 
vn 0 0 1 
vn 0 0 1 
vn 0 0 1 
vn 0 0 1 
vn 0 0 1 
vn 0 0 1 
vn 0 0 1 
vn 0 0 1 
vn 0 0 1 
vn 0 0 1 
vn 0 0 1 
vn 0 0 1 
vn 0 0 1 
vn 0 0 1 
vn 0 0 1 
vn 0 0 1 
vn 0 0 1 
vn 0 0 1 
vn 0 0 1 
vn 0 0 1 
vn 0 0 1 
vn 0 0 1 
vn 0 0 1 
vn 0 0 1 
vn 0 0 1 
vn 0 0 1 
vn 0 0 1 
vn 0 0 1 
vn 0 0 1 
vn 0 0 1 
vn 0 0 1 
vn 0 0 1 
vn 0 0 1 
vn 0 0 1 
vn 0 0 1 
vn 0 0 1 
vn 0 0 1 
vn 0 0 1 
vn 0 0 1 
vn 0 0 1 
vn 0 0 1 
vn 0 0 1 
vn 0 0 1 
vn 0 0 1 
vn 0 0 1 
vn 0 0 1 
vn 0 0 1 
vn 0 0 1 
vn 0 0 1 
vn 0 0 1 
vn 0 0 1 
vn 0 0 1 
vn 0 0 1 
vn 0 0 1 
vn 0 0 1 
vn 0 0 1 
vn 0 0 1 
vn 0 0 1 
vn 0 0 1 
vn 0 0 1 
vn 0 0 1 
vn 0 0 1 
vn 0 0 1 
vn 0 0 1 
vn 0 0 1 
vn 0 0 1 
vn 0 0 1 
vn 0 0 1 
vn 0 0 1 
vn 0 0 1 
vn 0 0 1 
vn 0 0 1 
vn 0 0 1 
vn 0 0 1 
vn 0 0 1 
vn 0 0 1 
vn 0 0 1 
vn 0 0 1 
vn 0 0 1 
vn 0 0 1 
vn 0 0 1 
vn 0 0 1 
vn 0 0 1 
vn 0 0 1 
vn 0 0 1 
vn 0 0 1 
vn 0 0 1 
vn 0 0 1 
vn 0 0 1 
vn 0 0 1 
vn 0 0 1 
vn 0 0 1 
vn 0 0 1 
vn 0 0 1 
vn 0 0 1 
vn 0 0 1 
vn 0 0 1 
vn 0 0 1 
vn 0 0 1 
vn 0 0 1 
vn 0 0 1 
vn 0 0 1 
vn 0 0 1 
vn 0 0 1 
vn 0 0 1 
vn 0 0 1 
vn 0 0 1 
vn 0 0 1 
vn 0 0 1 
vn 0 0 1 
vn 0 0 1 
vn 0 0 1 
vn 0 0 1 
vn 0 0 1 
vn 0 0 1 
vn 0 0 1 
vn 0 0 1 
vn 0 0 1 
vn 0 0 1 
vn 0 0 1 
vn 0 0 1 
vn 0 0 1 
vn 0 0 1 
vn 0 0 1 
vn 0 0 1 
vn 0 0 1 
vn 0 0 1 
vn 0 0 1 
vn 0 0 1 
vn 0 0 1 
vn 0 0 1 
vn 0 0 1 
vn 0 0 1 
vn 0 0 1 
vn 0 0 1 
vn 0 0 1 
vn 0 0 1 
vn 0 0 1 
vn 0 0 1 
vn 0 0 1 
vn 0 0 1 
vn 0 0 1 
vn 0 0 1 
vn 0 0 1 
vn 0 0 1 
vn 0 0 1 
vn 0 0 1 
vn 0 0 1 
vn 0 0 1 
f 1113//1113 1114//1114 1115//1115 
f 1113//1113 1116//1116 1117//1117 
f 1118//1118 1119//1119 1113//1113 
f 1117//1117 1114//1114 1113//1113 
f 1113//1113 1120//1120 1118//1118 
f 1121//1121 1122//1122 1123//1123 
f 1121//1121 1118//1118 1120//1120 
f 1119//1119 1116//1116 1113//1113 
f 1120//1120 1122//1122 1121//1121 
f 1124//1124 1125//1125 1126//1126 
f 1127//1127 1128//1128 1129//1129 
f 1113//1113 1130//1130 1131//1131 
f 1123//1123 1124//1124 1121//1121 
f 1124//1124 1132//1132 1125//1125 
f 1127//1127 1133//1133 1134//1134 
f 1129//1129 1135//1135 1127//1127 
f 1113//1113 1136//1136 1130//1130 
f 1126//1126 1121//1121 1124//1124 
f 1124//1124 1137//1137 1138//1138 
f 1139//1139 1140//1140 1141//1141 
f 1127//1127 1142//1142 1143//1143 
f 1135//1135 1133//1133 1127//1127 
f 1127//1127 1144//1144 1145//1145 
f 1115//1115 1136//1136 1113//1113 
f 1138//1138 1146//1146 1124//1124 
f 1147//1147 1148//1148 1149//1149 
f 1150//1150 1151//1151 1148//1148 
f 1141//1141 1152//1152 1139//1139 
f 1134//1134 1142//1142 1127//1127 
f 1145//1145 1153//1153 1127//1127 
f 1146//1146 1132//1132 1124//1124 
f 1154//1154 1149//1149 1155//1155 
f 1148//1148 1147//1147 1150//1150 
f 1152//1152 1156//1156 1139//1139 
f 1153//1153 1128//1128 1127//1127 
f 1127//1127 1157//1157 1158//1158 
f 1127//1127 1159//1159 1160//1160 
f 1127//1127 1161//1161 1162//1162 
f 1163//1163 1164//1164 1165//1165 
f 1113//1113 1166//1166 1167//1167 
f 1124//1124 1163//1163 1137//1137 
f 1149//1149 1154//1154 1147//1147 
f 1150//1150 1168//1168 1169//1169 
f 1140//1140 1170//1170 1141//1141 
f 1140//1140 1171//1171 1172//1172 
f 1140//1140 1173//1173 1174//1174 
f 1140//1140 1175//1175 1176//1176 
f 1140//1140 1177//1177 1178//1178 
f 1179//1179 1177//1177 1140//1140 
f 1127//1127 1180//1180 1181//1181 
f 1158//1158 1144//1144 1127//1127 
f 1160//1160 1182//1182 1127//1127 
f 1127//1127 1183//1183 1184//1184 
f 1127//1127 1185//1185 1186//1186 
f 1162//1162 1187//1187 1127//1127 
f 1163//1163 1188//1188 1189//1189 
f 1163//1163 1124//1124 1164//1164 
f 1131//1131 1166//1166 1113//1113 
f 1190//1190 1191//1191 1192//1192 
f 1190//1190 1193//1193 1194//1194 
f 1169//1169 1151//1151 1150//1150 
f 1168//1168 1195//1195 1196//1196 
f 1140//1140 1197//1197 1170//1170 
f 1172//1172 1198//1198 1140//1140 
f 1176//1176 1173//1173 1140//1140 
f 1140//1140 1127//1127 1179//1179 
f 1143//1143 1180//1180 1127//1127 
f 1184//1184 1159//1159 1127//1127 
f 1187//1187 1185//1185 1127//1127 
f 1165//1165 1188//1188 1163//1163 
f 1167//1167 1199//1199 1113//1113 
f 1190//1190 1200//1200 1191//1191 
f 1190//1190 1201//1201 1193//1193 
f 1190//1190 1202//1202 1203//1203 
f 1204//1204 1205//1205 1206//1206 
f 1204//1204 1207//1207 1208//1208 
f 1204//1204 1209//1209 1210//1210 
f 1196//1196 1169//1169 1168//1168 
f 1195//1195 1211//1211 1212//1212 
f 1139//1139 1213//1213 1214//1214 
f 1198//1198 1197//1197 1140//1140 
f 1140//1140 1215//1215 1216//1216 
f 1174//1174 1217//1217 1140//1140 
f 1181//1181 1179//1179 1127//1127 
f 1186//1186 1183//1183 1127//1127 
f 1199//1199 1218//1218 1113//1113 
f 1194//1194 1200//1200 1190//1190 
f 1203//1203 1219//1219 1190//1190 
f 1220//1220 1221//1221 1222//1222 
f 1223//1223 1224//1224 1225//1225 
f 1208//1208 1205//1205 1204//1204 
f 1204//1204 1226//1226 1209//1209 
f 1204//1204 1227//1227 1228//1228 
f 1212//1212 1196//1196 1195//1195 
f 1211//1211 1229//1229 1230//1230 
f 1139//1139 1231//1231 1232//1232 
f 1139//1139 1233//1233 1234//1234 
f 1139//1139 1235//1235 1236//1236 
f 1139//1139 1237//1237 1238//1238 
f 1214//1214 1239//1239 1139//1139 
f 1156//1156 1240//1240 1139//1139 
f 1140//1140 1241//1241 1242//1242 
f 1216//1216 1243//1243 1140//1140 
f 1217//1217 1244//1244 1140//1140 
f 1182//1182 1157//1157 1127//1127 
f 1163//1163 1245//1245 1246//1246 
f 1189//1189 1247//1247 1163//1163 
f 1219//1219 1201//1201 1190//1190 
f 1248//1248 1249//1249 1250//1250 
f 1220//1220 1251//1251 1252//1252 
f 1222//1222 1253//1253 1220//1220 
f 1220//1220 1254//1254 1255//1255 
f 1223//1223 1256//1256 1224//1224 
f 1223//1223 1257//1257 1258//1258 
f 1223//1223 1259//1259 1260//1260 
f 1210//1210 1207//1207 1204//1204 
f 1228//1228 1261//1261 1204//1204 
f 1262//1262 1155//1155 1263//1263 
f 1230//1230 1212//1212 1211//1211 
f 1232//1232 1264//1264 1139//1139 
f 1139//1139 1265//1265 1266//1266 
f 1139//1139 1267//1267 1268//1268 
f 1139//1139 1269//1269 1270//1270 
f 1234//1234 1271//1271 1139//1139 
f 1139//1139 1272//1272 1273//1273 
f 1139//1139 1274//1274 1235//1235 
f 1239//1239 1237//1237 1139//1139 
f 1139//1139 1275//1275 1276//1276 
f 1240//1240 1277//1277 1139//1139 
f 1243//1243 1241//1241 1140//1140 
f 1178//1178 1175//1175 1140//1140 
f 1246//1246 1127//1127 1163//1163 
f 1163//1163 1278//1278 1279//1279 
f 1247//1247 1280//1280 1163//1163 
f 1192//1192 1281//1281 1190//1190 
f 1282//1282 1283//1283 1284//1284 
f 1248//1248 1284//1284 1249//1249 
f 1285//1285 1250//1250 1286//1286 
f 1253//1253 1251//1251 1220//1220 
f 1255//1255 1287//1287 1220//1220 
f 1258//1258 1256//1256 1223//1223 
f 1260//1260 1288//1288 1223//1223 
f 1204//1204 1289//1289 1290//1290 
f 1204//1204 1291//1291 1292//1292 
f 1261//1261 1226//1226 1204//1204 
f 1293//1293 1294//1294 1295//1295 
f 1296//1296 1297//1297 1293//1293 
f 1298//1298 1263//1263 1297//1297 
f 1155//1155 1262//1262 1154//1154 
f 1139//1139 1299//1299 1231//1231 
f 1139//1139 1300//1300 1265//1265 
f 1139//1139 1301//1301 1302//1302 
f 1139//1139 1303//1303 1304//1304 
f 1270//1270 1267//1267 1139//1139 
f 1273//1273 1233//1233 1139//1139 
f 1238//1238 1274//1274 1139//1139 
f 1139//1139 1305//1305 1275//1275 
f 1277//1277 1306//1306 1139//1139 
f 1244//1244 1215//1215 1140//1140 
f 1163//1163 1307//1307 1245//1245 
f 1280//1280 1278//1278 1163//1163 
f 1281//1281 1308//1308 1190//1190 
f 1309//1309 1310//1310 1190//1190 
f 1311//1311 1312//1312 1313//1313 
f 1282//1282 1313//1313 1283//1283 
f 1286//1286 1314//1314 1285//1285 
f 1315//1315 1316//1316 1317//1317 
f 1315//1315 1318//1318 1319//1319 
f 1320//1320 1321//1321 1322//1322 
f 1323//1323 1324//1324 1322//1322 
f 1287//1287 1221//1221 1220//1220 
f 1288//1288 1257//1257 1223//1223 
f 1204//1204 1325//1325 1326//1326 
f 1292//1292 1289//1289 1204//1204 
f 1204//1204 1225//1225 1227//1227 
f 1327//1327 1328//1328 1329//1329 
f 1293//1293 1330//1330 1296//1296 
f 1263//1263 1298//1298 1262//1262 
f 1139//1139 1331//1331 1299//1299 
f 1302//1302 1300//1300 1139//1139 
f 1139//1139 1332//1332 1303//1303 
f 1271//1271 1269//1269 1139//1139 
f 1276//1276 1213//1213 1139//1139 
f 1242//1242 1171//1171 1140//1140 
f 1279//1279 1307//1307 1163//1163 
f 1333//1333 1334//1334 1335//1335 
f 1336//1336 1337//1337 1338//1338 
f 1339//1339 1336//1336 1340//1340 
f 1341//1341 1342//1342 1343//1343 
f 1344//1344 1345//1345 1346//1346 
f 1347//1347 1344//1344 1348//1348 
f 1349//1349 1350//1350 1347//1347 
f 1190//1190 1351//1351 1202//1202 
f 1190//1190 1352//1352 1309//1309 
f 1353//1353 1311//1311 1354//1354 
f 1311//1311 1353//1353 1312//1312 
f 1250//1250 1285//1285 1248//1248 
f 1314//1314 1286//1286 1355//1355 
f 1319//1319 1316//1316 1315//1315 
f 1318//1318 1356//1356 1357//1357 
f 1322//1322 1321//1321 1323//1323 
f 1358//1358 1359//1359 1324//1324 
f 1360//1360 1361//1361 1362//1362 
f 1220//1220 1363//1363 1254//1254 
f 1223//1223 1252//1252 1259//1259 
f 1204//1204 1364//1364 1325//1325 
f 1206//1206 1291//1291 1204//1204 
f 1363//1363 1365//1365 1366//1366 
f 1367//1367 1368//1368 1369//1369 
f 1370//1370 1371//1371 1368//1368 
f 1329//1329 1372//1372 1327//1327 
f 1373//1373 1372//1372 1374//1374 
f 1294//1294 1373//1373 1375//1375 
f 1297//1297 1296//1296 1298//1298 
f 1139//1139 1376//1376 1331//1331 
f 1304//1304 1301//1301 1139//1139 
f 1236//1236 1272//1272 1139//1139 
f 1246//1246 1161//1161 1127//1127 
f 1377//1377 1378//1378 1333//1333 
f 1379//1379 1163//1163 1127//1127 
f 1340//1340 1380//1380 1339//1339 
f 1381//1381 1339//1339 1380//1380 
f 1342//1342 1381//1381 1382//1382 
f 1343//1343 1383//1383 1341//1341 
f 1348//1348 1384//1384 1347//1347 
f 1347//1347 1384//1384 1349//1349 
f 1385//1385 1309//1309 1352//1352 
f 1310//1310 1351//1351 1190//1190 
f 1313//1313 1282//1282 1311//1311 
f 1355//1355 1386//1386 1314//1314 
f 1386//1386 1355//1355 1387//1387 
f 1388//1388 1387//1387 1389//1389 
f 1389//1389 1390//1390 1391//1391 
f 1392//1392 1389//1389 1393//1393 
f 1393//1393 1394//1394 1395//1395 
f 1393//1393 1396//1396 1397//1397 
f 1398//1398 1399//1399 1400//1400 
f 1398//1398 1401//1401 1402//1402 
f 1403//1403 1404//1404 1405//1405 
f 1403//1403 1406//1406 1407//1407 
f 1408//1408 1409//1409 1410//1410 
f 1408//1408 1411//1411 1412//1412 
f 1408//1408 1413//1413 1414//1414 
f 1415//1415 1416//1416 1417//1417 
f 1415//1415 1418//1418 1419//1419 
f 1415//1415 1420//1420 1421//1421 
f 1420//1420 1317//1317 1422//1422 
f 1357//1357 1319//1319 1318//1318 
f 1356//1356 1423//1423 1424//1424 
f 1425//1425 1426//1426 1427//1427 
f 1426//1426 1320//1320 1428//1428 
f 1324//1324 1323//1323 1358//1358 
f 1429//1429 1430//1430 1359//1359 
f 1360//1360 1431//1431 1432//1432 
f 1360//1360 1433//1433 1434//1434 
f 1362//1362 1435//1435 1360//1360 
f 1360//1360 1436//1436 1437//1437 
f 1438//1438 1439//1439 1440//1440 
f 1438//1438 1360//1360 1441//1441 
f 1429//1429 1442//1442 1443//1443 
f 1225//1225 1204//1204 1223//1223 
f 1290//1290 1364//1364 1204//1204 
f 1366//1366 1369//1369 1363//1363 
f 1368//1368 1367//1367 1370//1370 
f 1444//1444 1445//1445 1371//1371 
f 1446//1446 1447//1447 1445//1445 
f 1446//1446 1448//1448 1449//1449 
f 1449//1449 1448//1448 1450//1450 
f 1451//1451 1450//1450 1328//1328 
f 1374//1374 1375//1375 1373//1373 
f 1295//1295 1330//1330 1293//1293 
f 1266//1266 1376//1376 1139//1139 
f 1306//1306 1305//1305 1139//1139 
f 1378//1378 1452//1452 1453//1453 
f 1378//1378 1454//1454 1455//1455 
f 1335//1335 1377//1377 1333//1333 
f 1127//1127 1456//1456 1379//1379 
f 1337//1337 1379//1379 1457//1457 
f 1380//1380 1382//1382 1381//1381 
f 1383//1383 1458//1458 1341//1341 
f 1459//1459 1341//1341 1458//1458 
f 1345//1345 1459//1459 1460//1460 
f 1349//1349 1385//1385 1350//1350 
f 1308//1308 1378//1378 1190//1190 
f 1284//1284 1248//1248 1282//1282 
f 1389//1389 1461//1461 1388//1388 
f 1391//1391 1462//1462 1389//1389 
f 1395//1395 1463//1463 1393//1393 
f 1397//1397 1464//1464 1393//1393 
f 1465//1465 1466//1466 1467//1467 
f 1400//1400 1468//1468 1398//1398 
f 1402//1402 1469//1469 1398//1398 
f 1403//1403 1470//1470 1471//1471 
f 1407//1407 1404//1404 1403//1403 
f 1403//1403 1472//1472 1473//1473 
f 1412//1412 1409//1409 1408//1408 
f 1408//1408 1474//1474 1413//1413 
f 1408//1408 1475//1475 1476//1476 
f 1477//1477 1408//1408 1478//1478 
f 1479//1479 1478//1478 1480//1480 
f 1417//1417 1481//1481 1415//1415 
f 1421//1421 1418//1418 1415//1415 
f 1422//1422 1482//1482 1420//1420 
f 1424//1424 1357//1357 1356//1356 
f 1423//1423 1483//1483 1484//1484 
f 1485//1485 1486//1486 1487//1487 
f 1486//1486 1425//1425 1488//1488 
f 1428//1428 1427//1427 1426//1426 
f 1359//1359 1358//1358 1429//1429 
f 1436//1436 1489//1489 1490//1490 
f 1436//1436 1491//1491 1492//1492 
f 1360//1360 1493//1493 1494//1494 
f 1434//1434 1431//1431 1360//1360 
f 1435//1435 1495//1495 1360//1360 
f 1437//1437 1496//1496 1360//1360 
f 1438//1438 1497//1497 1439//1439 
f 1438//1438 1498//1498 1499//1499 
f 1441//1441 1500//1500 1438//1438 
f 1429//1429 1501//1501 1502//1502 
f 1429//1429 1503//1503 1442//1442 
f 1429//1429 1438//1438 1504//1504 
f 1326//1326 1505//1505 1204//1204 
f 1363//1363 1220//1220 1365//1365 
f 1371//1371 1370//1370 1444//1444 
f 1449//1449 1447//1447 1446//1446 
f 1328//1328 1327//1327 1451//1451 
f 1375//1375 1295//1295 1294//1294 
f 1229//1229 1264//1264 1506//1506 
f 1268//1268 1332//1332 1139//1139 
f 1453//1453 1507//1507 1378//1378 
f 1377//1377 1454//1454 1378//1378 
f 1457//1457 1338//1338 1337//1337 
f 1382//1382 1343//1343 1342//1342 
f 1460//1460 1346//1346 1345//1345 
f 1352//1352 1350//1350 1385//1385 
f 1354//1354 1508//1508 1353//1353 
f 1462//1462 1461//1461 1389//1389 
f 1276//1276 1509//1509 1510//1510 
f 1464//1464 1394//1394 1393//1393 
f 1393//1393 1511//1511 1512//1512 
f 1393//1393 1513//1513 1514//1514 
f 1467//1467 1393//1393 1465//1465 
f 1398//1398 1515//1515 1516//1516 
f 1398//1398 1517//1517 1518//1518 
f 1469//1469 1399//1399 1398//1398 
f 1398//1398 1519//1519 1520//1520 
f 1403//1403 1521//1521 1522//1522 
f 1471//1471 1523//1523 1403//1403 
f 1403//1403 1524//1524 1406//1406 
f 1403//1403 1525//1525 1472//1472 
f 1403//1403 1335//1335 1526//1526 
f 1414//1414 1411//1411 1408//1408 
f 1408//1408 1527//1527 1475//1475 
f 1478//1478 1528//1528 1477//1477 
f 1480//1480 1529//1529 1479//1479 
f 1530//1530 1480//1480 1481//1481 
f 1417//1417 1531//1531 1481//1481 
f 1482//1482 1421//1421 1420//1420 
f 1484//1484 1424//1424 1423//1423 
f 1483//1483 1485//1485 1532//1532 
f 1488//1488 1487//1487 1486//1486 
f 1322//1322 1428//1428 1320//1320 
f 1436//1436 1533//1533 1534//1534 
f 1490//1490 1535//1535 1436//1436 
f 1436//1436 1536//1536 1537//1537 
f 1492//1492 1538//1538 1436//1436 
f 1432//1432 1493//1493 1360//1360 
f 1496//1496 1361//1361 1360//1360 
f 1499//1499 1497//1497 1438//1438 
f 1500//1500 1539//1539 1438//1438 
f 1443//1443 1501//1501 1429//1429 
f 1504//1504 1540//1540 1429//1429 
f 1366//1366 1541//1541 1369//1369 
f 1445//1445 1444//1444 1446//1446 
f 1329//1329 1374//1374 1372//1372 
f 1232//1232 1506//1506 1264//1264 
f 1378//1378 1542//1542 1543//1543 
f 1455//1455 1452//1452 1378//1378 
f 1338//1338 1340//1340 1336//1336 
f 1346//1346 1348//1348 1344//1344 
f 1387//1387 1388//1388 1386//1386 
f 1276//1276 1544//1544 1509//1509 
f 1276//1276 1275//1275 1545//1545 
f 1512//1512 1396//1396 1393//1393 
f 1393//1393 1546//1546 1547//1547 
f 1467//1467 1513//1513 1393//1393 
f 1518//1518 1515//1515 1398//1398 
f 1520//1520 1401//1401 1398//1398 
f 1523//1523 1521//1521 1403//1403 
f 1473//1473 1524//1524 1403//1403 
f 1335//1335 1548//1548 1526//1526 
f 1476//1476 1474//1474 1408//1408 
f 1479//1479 1528//1528 1478//1478 
f 1481//1481 1549//1549 1530//1530 
f 1419//1419 1416//1416 1415//1415 
f 1532//1532 1484//1484 1483//1483 
f 1427//1427 1488//1488 1425//1425 
f 1535//1535 1533//1533 1436//1436 
f 1538//1538 1536//1536 1436//1436 
f 1495//1495 1433//1433 1360//1360 
f 1539//1539 1498//1498 1438//1438 
f 1540//1540 1503//1503 1429//1429 
f 1369//1369 1541//1541 1367//1367 
f 1506//1506 1230//1230 1229//1229 
f 1507//1507 1542//1542 1378//1378 
f 1458//1458 1460//1460 1459//1459 
f 1508//1508 1550//1550 1353//1353 
f 1545//1545 1544//1544 1276//1276 
f 1393//1393 1463//1463 1392//1392 
f 1514//1514 1546//1546 1393//1393 
f 1398//1398 1551//1551 1403//1403 
f 1468//1468 1517//1517 1398//1398 
f 1405//1405 1470//1470 1403//1403 
f 1335//1335 1552//1552 1548//1548 
f 1477//1477 1527//1527 1408//1408 
f 1531//1531 1549//1549 1481//1481 
f 1487//1487 1532//1532 1485//1485 
f 1436//1436 1553//1553 1554//1554 
f 1537//1537 1489//1489 1436//1436 
f 1440//1440 1504//1504 1438//1438 
f 1502//1502 1555//1555 1429//1429 
f 1556//1556 1557//1557 1558//1558 
f 1557//1557 1556//1556 1559//1559 
f 1450//1450 1451//1451 1449//1449 
f 1456//1456 1457//1457 1379//1379 
f 1510//1510 1353//1353 1276//1276 
f 1547//1547 1511//1511 1393//1393 
f 1516//1516 1551//1551 1398//1398 
f 1522//1522 1560//1560 1403//1403 
f 1335//1335 1561//1561 1552//1552 
f 1335//1335 1562//1562 1563//1563 
f 1564//1564 1559//1559 1565//1565 
f 1410//1410 1566//1566 1408//1408 
f 1317//1317 1420//1420 1315//1315 
f 1534//1534 1553//1553 1436//1436 
f 1555//1555 1430//1430 1429//1429 
f 1556//1556 1567//1567 1408//1408 
f 1559//1559 1568//1568 1557//1557 
f 1398//1398 1569//1569 1570//1570 
f 1398//1398 1571//1571 1572//1572 
f 1543//1543 1190//1190 1378//1378 
f 1392//1392 1390//1390 1389//1389 
f 1560//1560 1573//1573 1403//1403 
f 1526//1526 1574//1574 1403//1403 
f 1335//1335 1334//1334 1562//1562 
f 1565//1565 1575//1575 1564//1564 
f 1575//1575 1565//1565 1576//1576 
f 1530//1530 1529//1529 1480//1480 
f 1494//1494 1441//1441 1360//1360 
f 1556//1556 1577//1577 1567//1567 
f 1559//1559 1578//1578 1568//1568 
f 1572//1572 1569//1569 1398//1398 
f 1579//1579 1571//1571 1398//1398 
f 1580//1580 1581//1581 1556//1556 
f 1582//1582 1113//1113 1218//1218 
f 1550//1550 1276//1276 1353//1353 
f 1403//1403 1583//1583 1525//1525 
f 1563//1563 1561//1561 1335//1335 
f 1576//1576 1584//1584 1575//1575 
f 1565//1565 1559//1559 1585//1585 
f 1554//1554 1437//1437 1436//1436 
f 1558//1558 1577//1577 1556//1556 
f 1398//1398 1581//1581 1579//1579 
f 1556//1556 1586//1586 1580//1580 
f 1252//1252 1223//1223 1220//1220 
f 1574//1574 1583//1583 1403//1403 
f 1585//1585 1587//1587 1565//1565 
f 1408//1408 1586//1586 1556//1556 
f 1580//1580 1579//1579 1581//1581 
f 1403//1403 1573//1573 1398//1398 
f 1566//1566 1586//1586 1408//1408 
f 1218//1218 1588//1588 1582//1582 
f 1589//1589 1590//1590 1584//1584 
f 1570//1570 1519//1519 1398//1398 
f 1564//1564 1578//1578 1559//1559 
f 1584//1584 1576//1576 1589//1589 
o mesh82
v -0.00478545 0.00249951 0 
v -0.00465074 0.00233339 0 
v -0.00465135 0.0023324 0 
v -0.0046501 0.00233434 0 
v -0.00464868 0.00233617 0 
v -0.00464941 0.00233527 0 
v -0.00465268 0.00230528 0 
v -0.00462308 0.00207591 0 
v -0.00463096 0.00207868 0 
v -0.00460771 0.00206938 0 
v -0.00461533 0.00207281 0 
v -0.00465191 0.0023314 0 
v -0.00465244 0.00233037 0 
v -0.00464712 0.00233787 0 
v -0.00464792 0.00233704 0 
v -0.00468003 0.00208822 0 
v -0.00465338 0.00230758 0 
v -0.00463895 0.00208113 0 
v -0.00464703 0.00208323 0 
v -0.00465291 0.00232932 0 
v 0.000946009 0.00249965 0 
v 0.000769601 0.00235964 0 
v -0.00454947 0.00235964 0 
v -0.00466342 0.00208642 0 
v -0.00467171 0.00208749 0 
v -0.00465408 0.00232606 0 
v -0.00465437 0.00232494 0 
v -0.00465335 0.00232825 0 
v -0.00465374 0.00232716 0 
v 0.000854201 0.00235961 0 
v -0.00465519 0.002085 0 
v -0.00458581 0.00205724 0 
v -0.00459294 0.00206159 0 
v -0.00465514 0.00231807 0 
v -0.0046551 0.00231692 0 
v -0.00465508 0.00232038 0 
v -0.00465513 0.00231923 0 
v -0.00465482 0.00232267 0 
v -0.00465497 0.00232153 0 
v -0.00465462 0.00232381 0 
v -0.00464542 0.00233943 0 
v -0.00464629 0.00233867 0 
v -0.0047631 0.00249965 0 
v -0.00464138 0.00234242 0 
v -0.0046436 0.00234085 0 
v 0.00087657 0.00235951 0 
v -0.00480827 0.00204099 0 
v -0.00521635 0.00223752 0 
v -0.00520907 0.00225288 0 
v -0.00523433 0.00218983 0 
v -0.00522898 0.00220596 0 
v -0.00469672 0.00208863 0 
v -0.00470507 0.00208831 0 
v -0.00460024 0.00206564 0 
v -0.00464452 0.00234016 0 
v 0.00122198 0.00231002 0 
v 0.00122077 0.00230719 0 
v 0.00448895 0.00222813 0 
v 0.00471964 0.00217049 0 
v 0.00468344 0.00203526 0 
v 0.00494847 0.00210587 0 
v 0.00490811 0.0019718 0 
v 0.00674897 0.000947723 0 
v 0.00670154 0.00089227 0 
v 0.00669526 0.000892504 0 
v 0.00671411 0.000892622 0 
v 0.00670783 0.000892309 0 
v 0.0067266 0.000894065 0 
v 0.00672037 0.000893208 0 
v -0.00520118 0.00226794 0 
v -0.00522299 0.00222187 0 
v -0.00468837 0.0020886 0 
v -0.00457213 0.00204766 0 
v -0.00457887 0.00205259 0 
v -0.00463677 0.00234526 0 
v -0.0046391 0.00234389 0 
v -0.00463192 0.00234771 0 
v -0.00463437 0.00234653 0 
v -0.00461882 0.00235224 0 
v -0.00462432 0.00235059 0 
v -0.0045529 0.00235961 0 
v 0.000954301 0.00235233 0 
v 0.00515859 0.00203937 0 
v 0.00511263 0.00190711 0 
v 0.00667656 0.000894839 0 
v 0.00667041 0.000896158 0 
v 0.006689 0.000893011 0 
v -0.0045656 0.00204245 0 
v -0.00461326 0.00235367 0 
v -0.00460199 0.00235588 0 
v -0.00460765 0.00235489 0 
v -0.00456521 0.00235934 0 
v 0.0012233 0.0023128 0 
v 0.00445694 0.00209182 0 
v 0.00411546 0.00216526 0 
v 0.00668276 0.00089379 0 
v -0.00519269 0.00228266 0 
v -0.00524303 0.00215697 0 
v -0.00523901 0.00217349 0 
v -0.00465501 0.00231577 0 
v -0.00462943 0.00234877 0 
v -0.00457751 0.00235864 0 
v 0.000943433 0.00235414 0 
v 0.000921218 0.00235677 0 
v 0.00122474 0.00231552 0 
v 0.00124487 0.0023385 0 
v 0.00124245 0.00233661 0 
v 0.00130404 0.00235803 0 
v 0.00129127 0.00235612 0 
v 0.00179435 0.00250472 0 
v 0.00139668 0.00236184 0 
v 0.00414226 0.00230312 0 
v 0.00377146 0.00222589 0 
v 0.00556965 0.00188052 0 
v 0.00576988 0.00178845 0 
v 0.00570767 0.00166302 0 
v 0.00586673 0.00173991 0 
v 0.00673891 0.000896588 0 
v 0.00673278 0.000895192 0 
v 0.00675096 0.000900171 0 
v 0.00674497 0.000898249 0 
v 0.00672797 0.000987146 0 
v 0.00665832 0.00089959 0 
v -0.0051836 0.00229702 0 
v -0.00517394 0.002311 0 
v -0.00471339 0.00208763 0 
v -0.00472168 0.00208662 0 
v -0.00465448 0.00231225 0 
v -0.00465398 0.0023099 0 
v -0.00462689 0.00234973 0 
v -0.00458978 0.00235748 0 
v 0.00089892 0.00235856 0 
v 0.0012263 0.00231817 0 
v 0.00122974 0.00232328 0 
v 0.00122797 0.00232076 0 
v 0.00123567 0.00233035 0 
v 0.0012336 0.00232807 0 
v 0.0012401 0.00233462 0 
v 0.00123784 0.00233253 0 
v 0.00124738 0.00234029 0 
v 0.0012526 0.00234354 0 
v 0.00124996 0.00234197 0 
v 0.00125808 0.00234635 0 
v 0.00125531 0.002345 0 
v 0.00128153 0.00235425 0 
v 0.00127673 0.00235304 0 
v 0.00128638 0.00235528 0 
v 0.00179321 0.00236471 0 
v 0.00379297 0.00236482 0 
v 0.00342544 0.00227362 0 
v 0.00536577 0.00196421 0 
v 0.00551275 0.00175258 0 
v 0.0058149 0.0016087 0 
v 0.00666433 0.000897742 0 
v 0.00662979 0.000912634 0 
v 0.00662446 0.00091597 0 
v 0.00664657 0.00090406 0 
v 0.00664085 0.000906673 0 
v 0.0066524 0.000901697 0 
v 0.00112719 0.00224118 0 
v 0.00122518 0.00228192 0 
v 0.00122617 0.0022803 0 
v 0.00107245 0.00229626 0 
v 0.0012196 0.00230179 0 
v 0.00121954 0.00230086 0 
v 0.00103309 0.00232411 0 
v 0.00102459 0.00232871 0 
v -0.00511213 0.00237425 0 
v -0.00480314 0.00204589 0 
v -0.00465487 0.00231462 0 
v 0.00123162 0.00232572 0 
v 0.00127197 0.00235164 0 
v 0.00126727 0.00235005 0 
v 0.00135441 0.00236127 0 
v 0.00344158 0.00241313 0 
v 0.00307789 0.0023084 0 
v 0.00531429 0.00183399 0 
v 0.00676265 0.000904788 0 
v 0.00675686 0.000902353 0 
v 0.00663526 0.000909534 0 
v 0.00670537 0.00102568 0 
v 0.00658802 0.000950269 0 
v 0.00658437 0.000955386 0 
v 0.00660474 0.00093153 0 
v 0.00660026 0.000935937 0 
v 0.00122426 0.00228357 0 
v 0.00122069 0.00229235 0 
v 0.00122126 0.00229054 0 
v 0.0012197 0.00230271 0 
v 0.00122023 0.00230543 0 
v 0.00122002 0.00230453 0 
v 0.0010414 0.00231918 0 
v 0.00105738 0.00230835 0 
v 0.0010495 0.00231393 0 
v 0.00122048 0.00230631 0 
v -0.00514425 0.00234381 0 
v -0.00512849 0.00235934 0 
v -0.00515941 0.00232769 0 
v -0.00507778 0.00240212 0 
v -0.00505982 0.00241505 0 
v -0.00479228 0.00205502 0 
v -0.00504075 0.00242672 0 
v -0.00478657 0.00205923 0 
v -0.00502121 0.00243758 0 
v -0.00476842 0.00207033 0 
v -0.00496012 0.00246514 0 
v -0.00493905 0.0024726 0 
v -0.004749 0.00207902 0 
v -0.00489606 0.00248485 0 
v -0.00487422 0.00248963 0 
v -0.0047423 0.00208136 0 
v -0.00485221 0.00249348 0 
v 0.00133563 0.00236065 0 
v 0.00612116 0.00141879 0 
v 0.00602183 0.00148648 0 
v 0.00614539 0.00157295 0 
v 0.00659189 0.000945316 0 
v 0.00660941 0.000927322 0 
v 0.00661426 0.000923321 0 
v -0.00496469 0.0015873 0 
v -0.00533117 0.0020038 0 
v -0.00532713 0.00201108 0 
v -0.00533834 0.00198876 0 
v -0.00533491 0.00199635 0 
v -0.00534426 0.00197319 0 
v -0.00534146 0.00198104 0 
v -0.00538295 0.00173313 0 
v -0.00505585 0.00142332 0 
v -0.00506976 0.00140762 0 
v -0.00501838 0.00147384 0 
v -0.00503013 0.00145646 0 
v 0.0012234 0.00228527 0 
v 0.0012219 0.00228875 0 
v 0.0010865 0.002283 0 
v 0.0012202 0.00229418 0 
v 0.00121951 0.00229994 0 
v 0.00121984 0.00230362 0 
v 0.00106504 0.00230245 0 
v -0.00509522 0.00238852 0 
v -0.00479781 0.00205057 0 
v -0.00478068 0.00206319 0 
v -0.00498086 0.0024568 0 
v -0.00476207 0.0020735 0 
v -0.00491768 0.00247917 0 
v -0.00475559 0.0020764 0 
v -0.0047355 0.0020834 0 
v -0.00472863 0.00208516 0 
v -0.00480778 0.00249843 0 
v -0.00483054 0.00201345 0 
v -0.00483425 0.0020074 0 
v -0.00482234 0.00202503 0 
v -0.00482656 0.00201933 0 
v 0.00126264 0.00234829 0 
v 0.00131689 0.00235939 0 
v 0.00596169 0.00168776 0 
v 0.00591968 0.00154982 0 
v 0.00605462 0.00163208 0 
v 0.00645236 0.0013314 0 
v 0.00635504 0.00122991 0 
v 0.0063106 0.0012709 0 
v 0.00649938 0.00128514 0 
v 0.00639795 0.00118732 0 
v 0.00654444 0.00123697 0 
v 0.00643927 0.00114319 0 
v 0.00658747 0.00118699 0 
v 0.00647895 0.00109758 0 
v 0.00658094 0.000960657 0 
v 0.00651693 0.00105054 0 
v 0.00665554 0.0010998 0 
v 0.00676834 0.000907474 0 
v 0.00661928 0.000919535 0 
v 0.00659597 0.000940536 0 
v -0.00479523 -0.00132089 0 
v -0.00489818 -0.00121639 0 
v -0.0047869 -0.00111243 0 
v -0.00499697 -0.00110794 0 
v -0.00488131 -0.0010078 0 
v -0.00509144 -0.000995713 0 
v -0.0049716 -0.000899592 0 
v -0.00518145 -0.000879881 0 
v -0.00505762 -0.000787967 0 
v -0.00568268 4.09795e-05 0 
v -0.00553548 9.64234e-05 0 
v -0.00548162 -4.17755e-05 0 
v -0.00573359 0.000187461 0 
v -0.00558344 0.000236777 0 
v -0.0057784 0.000335921 0 
v -0.00562542 0.000379034 0 
v -0.00583497 0.000539714 0 
v -0.00566204 0.000515049 0 
v -0.00603498 0.00109077 0 
v -0.0055262 0.00106477 0 
v -0.0055444 0.00104232 0 
v -0.00548704 0.00110724 0 
v -0.00550707 0.00108642 0 
v -0.00544441 0.00114624 0 
v -0.00546614 0.00112719 0 
v -0.00531328 0.00203186 0 
v -0.0053081 0.00203839 0 
v -0.00534673 0.00196524 0 
v -0.00535069 0.00194906 0 
v -0.00534888 0.00195719 0 
v -0.00504263 0.00143961 0 
v -0.0050074 0.00149172 0 
v -0.00498783 0.00152881 0 
v -0.00499721 0.00151005 0 
v -0.00497155 0.00156748 0 
v -0.00497927 0.00154797 0 
v 0.00122262 0.00228699 0 
v 0.0012198 0.00229626 0 
v 0.00121996 0.00229535 0 
v 0.00121958 0.00229809 0 
v 0.00121967 0.00229717 0 
v 0.00121953 0.00229902 0 
v 0.00107961 0.00228977 0 
v -0.00500124 0.00244761 0 
v -0.00477462 0.00206689 0 
v -0.00483005 0.00249642 0 
v -0.00483771 0.00200121 0 
v -0.00481788 0.00203055 0 
v 0.00623387 0.00151044 0 
v 0.00621748 0.00134689 0 
v 0.00631994 0.00144465 0 
v 0.0066284 0.00113527 0 
v 0.000330139 -0.00277089 0 
v 0.000176629 -0.00278972 0 
v -0.00467494 -0.00122538 0 
v -0.00467078 -0.00122978 0 
v -0.00468382 -0.00121715 0 
v -0.00467929 -0.00122117 0 
v -0.00475956 -0.00135592 0 
v -0.004639 -0.00128764 0 
v -0.00463753 -0.00129351 0 
v -0.0046561 -0.00124901 0 
v -0.00465296 -0.00125419 0 
v -0.00472246 -0.00138944 0 
v -0.00463497 -0.00134166 0 
v -0.00463581 -0.00134765 0 
v -0.00526687 -0.000760619 0 
v -0.00513925 -0.000673093 0 
v -0.00534756 -0.00063811 0 
v -0.00521637 -0.000555143 0 
v -0.005672 0.000568519 0 
v -0.00566758 0.00054168 0 
v -0.0058665 0.000652817 0 
v -0.00567748 0.000622632 0 
v -0.0056753 0.000595518 0 
v -0.00567843 0.000677012 0 
v -0.00567852 0.000649812 0 
v -0.00590233 0.000764636 0 
v -0.00567721 0.000704185 0 
v -0.00563213 0.000893316 0 
v -0.00564293 0.000866518 0 
v -0.00598663 0.000983773 0 
v -0.00557783 0.000995201 0 
v -0.00559302 0.000970619 0 
v -0.00556162 0.00101911 0 
v -0.00528821 0.00206296 0 
v -0.00528154 0.00207252 0 
v -0.00531818 0.00202512 0 
v -0.0053228 0.00201819 0 
v -0.00508435 0.00139254 0 
v -0.00509958 0.00137812 0 
v -0.00535218 0.00194086 0 
v 0.00478538 -0.00152086 0 
v 0.00124275 0.00225992 0 
v 0.000996787 0.00234078 0 
v 0.000986347 0.0023443 0 
v 0.00101592 0.00233295 0 
v -0.00524633 0.0021458 0 
v -0.0048409 0.00199487 0 
v -0.00484381 0.0019884 0 
v -0.00481319 0.00203587 0 
v 0.0030886 0.002448 0 
v 0.00640348 0.00137568 0 
v 0.00668122 0.00106325 0 
v -0.00461891 0.00225729 0 
v -0.00461687 0.00225519 0 
v -0.00465945 -0.00124397 0 
v -0.0046668 -0.00123435 0 
v -0.00468851 -0.00121332 0 
v -0.00464073 -0.00128183 0 
v -0.00464736 -0.00126493 0 
v -0.00464491 -0.00127047 0 
v -0.00465004 -0.0012595 0 
v -0.00463825 -0.00135951 0 
v -0.00463985 -0.00136535 0 
v -0.00463438 -0.00133563 0 
v -0.00463418 -0.00131747 0 
v -0.00463399 -0.00132353 0 
v -0.00463535 -0.00130542 0 
v -0.00463464 -0.00131143 0 
v -0.004684 -0.00142139 0 
v -0.00466881 -0.00141802 0 
v -0.00467288 -0.0014225 0 
v -0.00465151 -0.00139324 0 
v -0.00465454 -0.00139849 0 
v -0.0054234 -0.000512541 0 
v -0.00528886 -0.000434293 0 
v -0.00549428 -0.000384104 0 
v -0.00535662 -0.000310725 0 
v -0.00562576 -0.000103272 0 
v -0.00542197 -0.000177573 0 
v -0.00567486 0.000731284 0 
v -0.00562019 0.000919631 0 
v -0.00560715 0.000945414 0 
v 0.00123964 0.00226315 0 
v 0.00123379 0.00226975 0 
v 0.00123663 0.00226646 0 
v 0.00122856 0.00227667 0 
v 0.000975775 0.0023474 0 
v 0.000965087 0.00235008 0 
v 0.00100708 0.00233685 0 
v -0.00525007 0.00213476 0 
v -0.00462547 0.00226427 0 
v -0.00464999 0.0022986 0 
v -0.00464891 0.00229646 0 
v -0.00466302 -0.00123908 0 
v -0.00464269 -0.0012761 0 
v -0.0046369 -0.00135361 0 
v -0.00463406 -0.00132958 0 
v -0.00463631 -0.00129944 0 
v -0.00466493 -0.00141337 0 
v -0.00465779 -0.00140359 0 
v -0.00466125 -0.00140856 0 
v -0.0046487 -0.00138787 0 
v -0.0046438 -0.0013768 0 
v -0.00464613 -0.00138239 0 
v -0.00556292 -0.000245047 0 
v -0.00567138 0.000758261 0 
v -0.00566679 0.000785071 0 
v -0.00527526 0.00208234 0 
v 0.0012311 0.00227315 0 
v -0.00463175 0.0022715 0 
v -0.00464639 0.00229192 0 
v -0.00464368 0.00228749 0 
v -0.00465098 0.00230079 0 
v -0.00614252 0.00124492 0 
v -0.00617319 0.00128059 0 
v -0.00591419 0.0015591 0 
v -0.00566689 0.00152247 0 
v -0.00608563 0.00117002 0 
v -0.00611332 0.00120805 0 
v -0.00594239 0.000875008 0 
v -0.00566108 0.000811665 0 
v -0.00565259 0.000839285 0 
v -0.00526939 0.0020924 0 
v -0.00511542 0.00136436 0 
v -0.00463773 0.00227898 0 
v -0.00464079 0.00228317 0 
v -0.00465188 0.00230302 0 
v -0.0046417 -0.00137112 0 
v -0.00526392 0.00210269 0 
v -0.00525887 0.00211319 0 
v -0.00529525 0.00205369 0 
v -0.00530267 0.0020447 0 
v -0.00514883 0.001339 0 
v -0.00516633 0.00132743 0 
v -0.00513185 0.00135132 0 
v -0.00539149 0.00118646 0 
v -0.00623872 0.00134805 0 
v -0.00627348 0.00137974 0 
v -0.00616149 0.00159574 0 
v -0.00525425 0.00212389 0 
v -0.00533715 0.00122474 0 
v -0.00528146 0.00126102 0 
v -0.00563025 0.00176977 0 
v -0.00605951 0.00113091 0 
v -0.00467714 -0.00142681 0 
v -0.00665609 0.00166902 0 
v -0.00640879 0.00163238 0 
v -0.00620527 0.00131498 0 
v -0.0052245 0.00129527 0 
v -0.00609408 0.00205078 0 
v -0.00584678 0.00201414 0 
v 0.0049129 -0.001458 0 
v -0.00637215 0.00187968 0 
v -0.00661946 0.00191632 0 
vn 0 0 -1 
vn 0 0 -1 
vn 0 0 -1 
vn 0 0 -1 
vn 0 0 -1 
vn 0 0 -1 
vn 0 0 -1 
vn 0 0 -1 
vn 0 0 -1 
vn 0 0 -1 
vn 0 0 -1 
vn 0 0 -1 
vn 0 0 -1 
vn 0 0 -1 
vn 0 0 -1 
vn 0 0 -1 
vn 0 0 -1 
vn 0 0 -1 
vn 0 0 -1 
vn 0 0 -1 
vn 0 0 -1 
vn 0 0 -1 
vn 0 0 -1 
vn 0 0 -1 
vn 0 0 -1 
vn 0 0 -1 
vn 0 0 -1 
vn 0 0 -1 
vn 0 0 -1 
vn 0 0 -1 
vn 0 0 -1 
vn 0 0 -1 
vn 0 0 -1 
vn 0 0 -1 
vn 0 0 -1 
vn 0 0 -1 
vn 0 0 -1 
vn 0 0 -1 
vn 0 0 -1 
vn 0 0 -1 
vn 0 0 -1 
vn 0 0 -1 
vn 0 0 -1 
vn 0 0 -1 
vn 0 0 -1 
vn 0 0 -1 
vn 0 0 -1 
vn 0 0 -1 
vn 0 0 -1 
vn 0 0 -1 
vn 0 0 -1 
vn 0 0 -1 
vn 0 0 -1 
vn 0 0 -1 
vn 0 0 -1 
vn 0 0 -1 
vn 0 0 -1 
vn 0 0 -1 
vn 0 0 -1 
vn 0 0 -1 
vn 0 0 -1 
vn 0 0 -1 
vn 0 0 -1 
vn 0 0 -1 
vn 0 0 -1 
vn 0 0 -1 
vn 0 0 -1 
vn 0 0 -1 
vn 0 0 -1 
vn 0 0 -1 
vn 0 0 -1 
vn 0 0 -1 
vn 0 0 -1 
vn 0 0 -1 
vn 0 0 -1 
vn 0 0 -1 
vn 0 0 -1 
vn 0 0 -1 
vn 0 0 -1 
vn 0 0 -1 
vn 0 0 -1 
vn 0 0 -1 
vn 0 0 -1 
vn 0 0 -1 
vn 0 0 -1 
vn 0 0 -1 
vn 0 0 -1 
vn 0 0 -1 
vn 0 0 -1 
vn 0 0 -1 
vn 0 0 -1 
vn 0 0 -1 
vn 0 0 -1 
vn 0 0 -1 
vn 0 0 -1 
vn 0 0 -1 
vn 0 0 -1 
vn 0 0 -1 
vn 0 0 -1 
vn 0 0 -1 
vn 0 0 -1 
vn 0 0 -1 
vn 0 0 -1 
vn 0 0 -1 
vn 0 0 -1 
vn 0 0 -1 
vn 0 0 -1 
vn 0 0 -1 
vn 0 0 -1 
vn 0 0 -1 
vn 0 0 -1 
vn 0 0 -1 
vn 0 0 -1 
vn 0 0 -1 
vn 0 0 -1 
vn 0 0 -1 
vn 0 0 -1 
vn 0 0 -1 
vn 0 0 -1 
vn 0 0 -1 
vn 0 0 -1 
vn 0 0 -1 
vn 0 0 -1 
vn 0 0 -1 
vn 0 0 -1 
vn 0 0 -1 
vn 0 0 -1 
vn 0 0 -1 
vn 0 0 -1 
vn 0 0 -1 
vn 0 0 -1 
vn 0 0 -1 
vn 0 0 -1 
vn 0 0 -1 
vn 0 0 -1 
vn 0 0 -1 
vn 0 0 -1 
vn 0 0 -1 
vn 0 0 -1 
vn 0 0 -1 
vn 0 0 -1 
vn 0 0 -1 
vn 0 0 -1 
vn 0 0 -1 
vn 0 0 -1 
vn 0 0 -1 
vn 0 0 -1 
vn 0 0 -1 
vn 0 0 -1 
vn 0 0 -1 
vn 0 0 -1 
vn 0 0 -1 
vn 0 0 -1 
vn 0 0 -1 
vn 0 0 -1 
vn 0 0 -1 
vn 0 0 -1 
vn 0 0 -1 
vn 0 0 -1 
vn 0 0 -1 
vn 0 0 -1 
vn 0 0 -1 
vn 0 0 -1 
vn 0 0 -1 
vn 0 0 -1 
vn 0 0 -1 
vn 0 0 -1 
vn 0 0 -1 
vn 0 0 -1 
vn 0 0 -1 
vn 0 0 -1 
vn 0 0 -1 
vn 0 0 -1 
vn 0 0 -1 
vn 0 0 -1 
vn 0 0 -1 
vn 0 0 -1 
vn 0 0 -1 
vn 0 0 -1 
vn 0 0 -1 
vn 0 0 -1 
vn 0 0 -1 
vn 0 0 -1 
vn 0 0 -1 
vn 0 0 -1 
vn 0 0 -1 
vn 0 0 -1 
vn 0 0 -1 
vn 0 0 -1 
vn 0 0 -1 
vn 0 0 -1 
vn 0 0 -1 
vn 0 0 -1 
vn 0 0 -1 
vn 0 0 -1 
vn 0 0 -1 
vn 0 0 -1 
vn 0 0 -1 
vn 0 0 -1 
vn 0 0 -1 
vn 0 0 -1 
vn 0 0 -1 
vn 0 0 -1 
vn 0 0 -1 
vn 0 0 -1 
vn 0 0 -1 
vn 0 0 -1 
vn 0 0 -1 
vn 0 0 -1 
vn 0 0 -1 
vn 0 0 -1 
vn 0 0 -1 
vn 0 0 -1 
vn 0 0 -1 
vn 0 0 -1 
vn 0 0 -1 
vn 0 0 -1 
vn 0 0 -1 
vn 0 0 -1 
vn 0 0 -1 
vn 0 0 -1 
vn 0 0 -1 
vn 0 0 -1 
vn 0 0 -1 
vn 0 0 -1 
vn 0 0 -1 
vn 0 0 -1 
vn 0 0 -1 
vn 0 0 -1 
vn 0 0 -1 
vn 0 0 -1 
vn 0 0 -1 
vn 0 0 -1 
vn 0 0 -1 
vn 0 0 -1 
vn 0 0 -1 
vn 0 0 -1 
vn 0 0 -1 
vn 0 0 -1 
vn 0 0 -1 
vn 0 0 -1 
vn 0 0 -1 
vn 0 0 -1 
vn 0 0 -1 
vn 0 0 -1 
vn 0 0 -1 
vn 0 0 -1 
vn 0 0 -1 
vn 0 0 -1 
vn 0 0 -1 
vn 0 0 -1 
vn 0 0 -1 
vn 0 0 -1 
vn 0 0 -1 
vn 0 0 -1 
vn 0 0 -1 
vn 0 0 -1 
vn 0 0 -1 
vn 0 0 -1 
vn 0 0 -1 
vn 0 0 -1 
vn 0 0 -1 
vn 0 0 -1 
vn 0 0 -1 
vn 0 0 -1 
vn 0 0 -1 
vn 0 0 -1 
vn 0 0 -1 
vn 0 0 -1 
vn 0 0 -1 
vn 0 0 -1 
vn 0 0 -1 
vn 0 0 -1 
vn 0 0 -1 
vn 0 0 -1 
vn 0 0 -1 
vn 0 0 -1 
vn 0 0 -1 
vn 0 0 -1 
vn 0 0 -1 
vn 0 0 -1 
vn 0 0 -1 
vn 0 0 -1 
vn 0 0 -1 
vn 0 0 -1 
vn 0 0 -1 
vn 0 0 -1 
vn 0 0 -1 
vn 0 0 -1 
vn 0 0 -1 
vn 0 0 -1 
vn 0 0 -1 
vn 0 0 -1 
vn 0 0 -1 
vn 0 0 -1 
vn 0 0 -1 
vn 0 0 -1 
vn 0 0 -1 
vn 0 0 -1 
vn 0 0 -1 
vn 0 0 -1 
vn 0 0 -1 
vn 0 0 -1 
vn 0 0 -1 
vn 0 0 -1 
vn 0 0 -1 
vn 0 0 -1 
vn 0 0 -1 
vn 0 0 -1 
vn 0 0 -1 
vn 0 0 -1 
vn 0 0 -1 
vn 0 0 -1 
vn 0 0 -1 
vn 0 0 -1 
vn 0 0 -1 
vn 0 0 -1 
vn 0 0 -1 
vn 0 0 -1 
vn 0 0 -1 
vn 0 0 -1 
vn 0 0 -1 
vn 0 0 -1 
vn 0 0 -1 
vn 0 0 -1 
vn 0 0 -1 
vn 0 0 -1 
vn 0 0 -1 
vn 0 0 -1 
vn 0 0 -1 
vn 0 0 -1 
vn 0 0 -1 
vn 0 0 -1 
vn 0 0 -1 
vn 0 0 -1 
vn 0 0 -1 
vn 0 0 -1 
vn 0 0 -1 
vn 0 0 -1 
vn 0 0 -1 
vn 0 0 -1 
vn 0 0 -1 
vn 0 0 -1 
vn 0 0 -1 
vn 0 0 -1 
vn 0 0 -1 
vn 0 0 -1 
vn 0 0 -1 
vn 0 0 -1 
vn 0 0 -1 
vn 0 0 -1 
vn 0 0 -1 
vn 0 0 -1 
vn 0 0 -1 
vn 0 0 -1 
vn 0 0 -1 
vn 0 0 -1 
vn 0 0 -1 
vn 0 0 -1 
vn 0 0 -1 
vn 0 0 -1 
vn 0 0 -1 
vn 0 0 -1 
vn 0 0 -1 
vn 0 0 -1 
vn 0 0 -1 
vn 0 0 -1 
vn 0 0 -1 
vn 0 0 -1 
vn 0 0 -1 
vn 0 0 -1 
vn 0 0 -1 
vn 0 0 -1 
vn 0 0 -1 
vn 0 0 -1 
vn 0 0 -1 
vn 0 0 -1 
vn 0 0 -1 
vn 0 0 -1 
vn 0 0 -1 
vn 0 0 -1 
vn 0 0 -1 
vn 0 0 -1 
vn 0 0 -1 
vn 0 0 -1 
vn 0 0 -1 
vn 0 0 -1 
vn 0 0 -1 
vn 0 0 -1 
vn 0 0 -1 
vn 0 0 -1 
vn 0 0 -1 
vn 0 0 -1 
vn 0 0 -1 
vn 0 0 -1 
vn 0 0 -1 
vn 0 0 -1 
vn 0 0 -1 
vn 0 0 -1 
vn 0 0 -1 
vn 0 0 -1 
vn 0 0 -1 
vn 0 0 -1 
vn 0 0 -1 
vn 0 0 -1 
vn 0 0 -1 
vn 0 0 -1 
vn 0 0 -1 
vn 0 0 -1 
vn 0 0 -1 
vn 0 0 -1 
vn 0 0 -1 
vn 0 0 -1 
vn 0 0 -1 
vn 0 0 -1 
vn 0 0 -1 
vn 0 0 -1 
vn 0 0 -1 
vn 0 0 -1 
vn 0 0 -1 
vn 0 0 -1 
vn 0 0 -1 
vn 0 0 -1 
vn 0 0 -1 
vn 0 0 -1 
vn 0 0 -1 
vn 0 0 -1 
vn 0 0 -1 
vn 0 0 -1 
vn 0 0 -1 
vn 0 0 -1 
vn 0 0 -1 
vn 0 0 -1 
vn 0 0 -1 
vn 0 0 -1 
vn 0 0 -1 
vn 0 0 -1 
vn 0 0 -1 
vn 0 0 -1 
vn 0 0 -1 
vn 0 0 -1 
vn 0 0 -1 
vn 0 0 -1 
vn 0 0 -1 
vn 0 0 -1 
vn 0 0 -1 
vn 0 0 -1 
vn 0 0 -1 
vn 0 0 -1 
vn 0 0 -1 
vn 0 0 -1 
vn 0 0 -1 
vn 0 0 -1 
vn 0 0 -1 
vn 0 0 -1 
vn 0 0 -1 
vn 0 0 -1 
vn 0 0 -1 
vn 0 0 -1 
vn 0 0 -1 
vn 0 0 -1 
vn 0 0 -1 
vn 0 0 -1 
vn 0 0 -1 
vn 0 0 -1 
vn 0 0 -1 
vn 0 0 -1 
vn 0 0 -1 
vn 0 0 -1 
vn 0 0 -1 
vn 0 0 -1 
vn 0 0 -1 
vn 0 0 -1 
vn 0 0 -1 
vn 0 0 -1 
vn 0 0 -1 
vn 0 0 -1 
vn 0 0 -1 
f 1591//1591 1592//1592 1593//1593 
f 1591//1591 1594//1594 1592//1592 
f 1591//1591 1595//1595 1596//1596 
f 1597//1597 1598//1598 1599//1599 
f 1597//1597 1600//1600 1601//1601 
f 1591//1591 1602//1602 1603//1603 
f 1596//1596 1594//1594 1591//1591 
f 1591//1591 1604//1604 1605//1605 
f 1606//1606 1607//1607 1597//1597 
f 1597//1597 1608//1608 1609//1609 
f 1601//1601 1598//1598 1597//1597 
f 1603//1603 1610//1610 1591//1591 
f 1605//1605 1595//1595 1591//1591 
f 1611//1611 1612//1612 1613//1613 
f 1597//1597 1614//1614 1615//1615 
f 1599//1599 1608//1608 1597//1597 
f 1591//1591 1616//1616 1617//1617 
f 1591//1591 1618//1618 1619//1619 
f 1593//1593 1602//1602 1591//1591 
f 1611//1611 1620//1620 1612//1612 
f 1597//1597 1615//1615 1606//1606 
f 1609//1609 1621//1621 1597//1597 
f 1597//1597 1622//1622 1623//1623 
f 1591//1591 1624//1624 1625//1625 
f 1591//1591 1626//1626 1627//1627 
f 1591//1591 1628//1628 1629//1629 
f 1617//1617 1630//1630 1591//1591 
f 1610//1610 1618//1618 1591//1591 
f 1591//1591 1631//1631 1632//1632 
f 1631//1631 1591//1591 1633//1633 
f 1633//1633 1634//1634 1635//1635 
f 1611//1611 1636//1636 1620//1620 
f 1637//1637 1638//1638 1639//1639 
f 1637//1637 1640//1640 1641//1641 
f 1607//1607 1642//1642 1643//1643 
f 1621//1621 1614//1614 1597//1597 
f 1623//1623 1644//1644 1597//1597 
f 1627//1627 1624//1624 1591//1591 
f 1630//1630 1628//1628 1591//1591 
f 1632//1632 1604//1604 1591//1591 
f 1635//1635 1645//1645 1633//1633 
f 1613//1613 1633//1633 1611//1611 
f 1611//1611 1646//1646 1647//1647 
f 1648//1648 1649//1649 1650//1650 
f 1649//1649 1651//1651 1652//1652 
f 1653//1653 1654//1654 1655//1655 
f 1653//1653 1656//1656 1657//1657 
f 1653//1653 1658//1658 1659//1659 
f 1639//1639 1660//1660 1637//1637 
f 1641//1641 1661//1661 1637//1637 
f 1607//1607 1662//1662 1642//1642 
f 1644//1644 1600//1600 1597//1597 
f 1597//1597 1663//1663 1664//1664 
f 1629//1629 1626//1626 1591//1591 
f 1633//1633 1645//1645 1631//1631 
f 1633//1633 1665//1665 1666//1666 
f 1633//1633 1667//1667 1668//1668 
f 1633//1633 1669//1669 1670//1670 
f 1613//1613 1671//1671 1633//1633 
f 1647//1647 1672//1672 1611//1611 
f 1652//1652 1650//1650 1649//1649 
f 1651//1651 1673//1673 1674//1674 
f 1653//1653 1675//1675 1676//1676 
f 1655//1655 1677//1677 1653//1653 
f 1659//1659 1656//1656 1653//1653 
f 1661//1661 1638//1638 1637//1637 
f 1606//1606 1662//1662 1607//1607 
f 1597//1597 1678//1678 1663//1663 
f 1619//1619 1616//1616 1591//1591 
f 1668//1668 1665//1665 1633//1633 
f 1633//1633 1679//1679 1669//1669 
f 1633//1633 1680//1680 1681//1681 
f 1671//1671 1682//1682 1633//1633 
f 1611//1611 1683//1683 1646//1646 
f 1648//1648 1684//1684 1685//1685 
f 1674//1674 1652//1652 1651//1651 
f 1653//1653 1686//1686 1675//1675 
f 1657//1657 1654//1654 1653//1653 
f 1660//1660 1687//1687 1637//1637 
f 1637//1637 1688//1688 1689//1689 
f 1664//1664 1622//1622 1597//1597 
f 1625//1625 1690//1690 1591//1591 
f 1633//1633 1691//1691 1667//1667 
f 1681//1681 1679//1679 1633//1633 
f 1682//1682 1692//1692 1633//1633 
f 1611//1611 1693//1693 1694//1694 
f 1611//1611 1695//1695 1683//1683 
f 1611//1611 1696//1696 1697//1697 
f 1611//1611 1698//1698 1699//1699 
f 1611//1611 1700//1700 1701//1701 
f 1702//1702 1685//1685 1703//1703 
f 1650//1650 1684//1684 1648//1648 
f 1704//1704 1705//1705 1706//1706 
f 1706//1706 1705//1705 1707//1707 
f 1677//1677 1686//1686 1653//1653 
f 1653//1653 1708//1708 1709//1709 
f 1653//1653 1710//1710 1711//1711 
f 1712//1712 1653//1653 1713//1713 
f 1637//1637 1714//1714 1715//1715 
f 1689//1689 1640//1640 1637//1637 
f 1643//1643 1716//1716 1607//1607 
f 1717//1717 1718//1718 1719//1719 
f 1666//1666 1634//1634 1633//1633 
f 1670//1670 1720//1720 1633//1633 
f 1692//1692 1721//1721 1633//1633 
f 1694//1694 1722//1722 1611//1611 
f 1611//1611 1723//1723 1695//1695 
f 1611//1611 1724//1724 1725//1725 
f 1611//1611 1726//1726 1727//1727 
f 1611//1611 1728//1728 1729//1729 
f 1611//1611 1730//1730 1696//1696 
f 1611//1611 1731//1731 1732//1732 
f 1611//1611 1733//1733 1734//1734 
f 1611//1611 1735//1735 1736//1736 
f 1699//1699 1737//1737 1611//1611 
f 1700//1700 1738//1738 1701//1701 
f 1739//1739 1703//1703 1740//1740 
f 1685//1685 1702//1702 1648//1648 
f 1741//1741 1704//1704 1742//1742 
f 1707//1707 1743//1743 1706//1706 
f 1676//1676 1744//1744 1653//1653 
f 1711//1711 1708//1708 1653//1653 
f 1712//1712 1745//1745 1746//1746 
f 1712//1712 1747//1747 1748//1748 
f 1713//1713 1749//1749 1712//1712 
f 1750//1750 1751//1751 1752//1752 
f 1753//1753 1754//1754 1755//1755 
f 1647//1647 1756//1756 1757//1757 
f 1758//1758 1759//1759 1637//1637 
f 1687//1687 1714//1714 1637//1637 
f 1719//1719 1607//1607 1717//1717 
f 1717//1717 1591//1591 1760//1760 
f 1720//1720 1691//1691 1633//1633 
f 1722//1722 1636//1636 1611//1611 
f 1725//1725 1723//1723 1611//1611 
f 1727//1727 1761//1761 1611//1611 
f 1697//1697 1728//1728 1611//1611 
f 1734//1734 1731//1731 1611//1611 
f 1611//1611 1762//1762 1763//1763 
f 1737//1737 1735//1735 1611//1611 
f 1701//1701 1764//1764 1611//1611 
f 1765//1765 1740//1740 1766//1766 
f 1703//1703 1739//1739 1702//1702 
f 1673//1673 1741//1741 1767//1767 
f 1706//1706 1742//1742 1704//1704 
f 1709//1709 1658//1658 1653//1653 
f 1653//1653 1768//1768 1769//1769 
f 1712//1712 1770//1770 1745//1745 
f 1749//1749 1747//1747 1712//1712 
f 1771//1771 1772//1772 1773//1773 
f 1771//1771 1774//1774 1775//1775 
f 1750//1750 1776//1776 1751//1751 
f 1777//1777 1778//1778 1750//1750 
f 1753//1753 1779//1779 1754//1754 
f 1753//1753 1780//1780 1781//1781 
f 1647//1647 1782//1782 1756//1756 
f 1647//1647 1783//1783 1784//1784 
f 1647//1647 1785//1785 1753//1753 
f 1637//1637 1786//1786 1787//1787 
f 1715//1715 1788//1788 1637//1637 
f 1789//1789 1790//1790 1791//1791 
f 1791//1791 1790//1790 1792//1792 
f 1793//1793 1792//1792 1794//1794 
f 1795//1795 1796//1796 1797//1797 
f 1798//1798 1799//1799 1800//1800 
f 1801//1801 1800//1800 1802//1802 
f 1760//1760 1718//1718 1717//1717 
f 1721//1721 1680//1680 1633//1633 
f 1761//1761 1724//1724 1611//1611 
f 1732//1732 1730//1730 1611//1611 
f 1736//1736 1762//1762 1611//1611 
f 1764//1764 1803//1803 1611//1611 
f 1740//1740 1765//1765 1739//1739 
f 1742//1742 1767//1767 1741//1741 
f 1804//1804 1805//1805 1806//1806 
f 1769//1769 1710//1710 1653//1653 
f 1748//1748 1770//1770 1712//1712 
f 1771//1771 1807//1807 1772//1772 
f 1771//1771 1808//1808 1774//1774 
f 1771//1771 1712//1712 1809//1809 
f 1810//1810 1811//1811 1812//1812 
f 1810//1810 1813//1813 1814//1814 
f 1810//1810 1815//1815 1816//1816 
f 1817//1817 1818//1818 1819//1819 
f 1817//1817 1820//1820 1821//1821 
f 1750//1750 1822//1822 1776//1776 
f 1750//1750 1778//1778 1823//1823 
f 1824//1824 1825//1825 1777//1777 
f 1755//1755 1826//1826 1753//1753 
f 1781//1781 1827//1827 1753//1753 
f 1784//1784 1782//1782 1647//1647 
f 1753//1753 1828//1828 1647//1647 
f 1788//1788 1786//1786 1637//1637 
f 1829//1829 1830//1830 1759//1759 
f 1830//1830 1829//1829 1789//1789 
f 1794//1794 1831//1831 1793//1793 
f 1795//1795 1832//1832 1796//1796 
f 1833//1833 1797//1797 1834//1834 
f 1835//1835 1834//1834 1799//1799 
f 1802//1802 1836//1836 1801//1801 
f 1837//1837 1838//1838 1591//1591 
f 1688//1688 1839//1839 1840//1840 
f 1688//1688 1841//1841 1842//1842 
f 1690//1690 1760//1760 1591//1591 
f 1729//1729 1726//1726 1611//1611 
f 1763//1763 1843//1843 1611//1611 
f 1803//1803 1844//1844 1611//1611 
f 1767//1767 1674//1674 1673//1673 
f 1743//1743 1707//1707 1845//1845 
f 1846//1846 1845//1845 1847//1847 
f 1805//1805 1847//1847 1806//1806 
f 1848//1848 1849//1849 1850//1850 
f 1848//1848 1851//1851 1852//1852 
f 1851//1851 1853//1853 1854//1854 
f 1853//1853 1855//1855 1856//1856 
f 1857//1857 1858//1858 1859//1859 
f 1653//1653 1860//1860 1768//1768 
f 1746//1746 1861//1861 1712//1712 
f 1771//1771 1862//1862 1807//1807 
f 1809//1809 1808//1808 1771//1771 
f 1863//1863 1864//1864 1865//1865 
f 1864//1864 1866//1866 1867//1867 
f 1866//1866 1868//1868 1869//1869 
f 1870//1870 1871//1871 1869//1869 
f 1872//1872 1873//1873 1874//1874 
f 1875//1875 1876//1876 1873//1873 
f 1877//1877 1878//1878 1876//1876 
f 1877//1877 1879//1879 1880//1880 
f 1881//1881 1882//1882 1883//1883 
f 1881//1881 1884//1884 1885//1885 
f 1881//1881 1886//1886 1887//1887 
f 1810//1810 1888//1888 1889//1889 
f 1814//1814 1811//1811 1810//1810 
f 1810//1810 1890//1890 1815//1815 
f 1810//1810 1891//1891 1892//1892 
f 1817//1817 1893//1893 1818//1818 
f 1817//1817 1894//1894 1820//1820 
f 1817//1817 1895//1895 1896//1896 
f 1817//1817 1897//1897 1898//1898 
f 1750//1750 1899//1899 1822//1822 
f 1750//1750 1824//1824 1777//1777 
f 1824//1824 1900//1900 1901//1901 
f 1902//1902 1903//1903 1824//1824 
f 1904//1904 1902//1902 1905//1905 
f 1827//1827 1779//1779 1753//1753 
f 1828//1828 1783//1783 1647//1647 
f 1759//1759 1758//1758 1829//1829 
f 1792//1792 1793//1793 1791//1791 
f 1831//1831 1794//1794 1906//1906 
f 1907//1907 1906//1906 1832//1832 
f 1834//1834 1835//1835 1833//1833 
f 1800//1800 1801//1801 1798//1798 
f 1836//1836 1802//1802 1908//1908 
f 1837//1837 1908//1908 1838//1838 
f 1840//1840 1909//1909 1688//1688 
f 1688//1688 1910//1910 1841//1841 
f 1672//1672 1693//1693 1611//1611 
f 1844//1844 1698//1698 1611//1611 
f 1845//1845 1846//1846 1743//1743 
f 1806//1806 1911//1911 1804//1804 
f 1912//1912 1804//1804 1911//1911 
f 1850//1850 1912//1912 1913//1913 
f 1852//1852 1849//1849 1848//1848 
f 1856//1856 1854//1854 1853//1853 
f 1858//1858 1914//1914 1859//1859 
f 1861//1861 1809//1809 1712//1712 
f 1775//1775 1862//1862 1771//1771 
f 1915//1915 1916//1916 1678//1678 
f 1863//1863 1917//1917 1918//1918 
f 1863//1863 1919//1919 1920//1920 
f 1921//1921 1922//1922 1923//1923 
f 1921//1921 1924//1924 1925//1925 
f 1926//1926 1927//1927 1928//1928 
f 1867//1867 1865//1865 1864//1864 
f 1869//1869 1868//1868 1870//1870 
f 1929//1929 1930//1930 1871//1871 
f 1931//1931 1932//1932 1930//1930 
f 1873//1873 1872//1872 1875//1875 
f 1880//1880 1878//1878 1877//1877 
f 1879//1879 1933//1933 1934//1934 
f 1935//1935 1936//1936 1937//1937 
f 1935//1935 1938//1938 1939//1939 
f 1935//1935 1940//1940 1941//1941 
f 1942//1942 1943//1943 1944//1944 
f 1881//1881 1945//1945 1946//1946 
f 1883//1883 1947//1947 1881//1881 
f 1887//1887 1884//1884 1881//1881 
f 1810//1810 1948//1948 1949//1949 
f 1810//1810 1950//1950 1888//1888 
f 1812//1812 1951//1951 1810//1810 
f 1892//1892 1890//1890 1810//1810 
f 1817//1817 1952//1952 1953//1953 
f 1821//1821 1893//1893 1817//1817 
f 1898//1898 1895//1895 1817//1817 
f 1817//1817 1954//1954 1810//1810 
f 1955//1955 1750//1750 1956//1956 
f 1823//1823 1899//1899 1750//1750 
f 1647//1647 1957//1957 1958//1958 
f 1824//1824 1903//1903 1900//1900 
f 1905//1905 1753//1753 1904//1904 
f 1753//1753 1785//1785 1780//1780 
f 1757//1757 1959//1959 1647//1647 
f 1791//1791 1830//1830 1789//1789 
f 1832//1832 1795//1795 1907//1907 
f 1799//1799 1798//1798 1835//1835 
f 1591//1591 1717//1717 1837//1837 
f 1960//1960 1961//1961 1962//1962 
f 1842//1842 1839//1839 1688//1688 
f 1688//1688 1637//1637 1963//1963 
f 1843//1843 1733//1733 1611//1611 
f 1964//1964 1766//1766 1738//1738 
f 1847//1847 1805//1805 1846//1846 
f 1913//1913 1965//1965 1850//1850 
f 1854//1854 1852//1852 1851//1851 
f 1855//1855 1914//1914 1858//1858 
f 1859//1859 1966//1966 1857//1857 
f 1773//1773 1857//1857 1771//1771 
f 1678//1678 1967//1967 1968//1968 
f 1863//1863 1969//1969 1924//1924 
f 1918//1918 1970//1970 1863//1863 
f 1863//1863 1971//1971 1919//1919 
f 1921//1921 1972//1972 1922//1922 
f 1921//1921 1973//1973 1974//1974 
f 1925//1925 1975//1975 1921//1921 
f 1926//1926 1976//1976 1977//1977 
f 1926//1926 1978//1978 1927//1927 
f 1926//1926 1979//1979 1980//1980 
f 1926//1926 1981//1981 1982//1982 
f 1983//1983 1984//1984 1985//1985 
f 1983//1983 1986//1986 1987//1987 
f 1869//1869 1867//1867 1866//1866 
f 1930//1930 1929//1929 1931//1931 
f 1988//1988 1989//1989 1932//1932 
f 1990//1990 1991//1991 1989//1989 
f 1992//1992 1874//1874 1993//1993 
f 1876//1876 1875//1875 1877//1877 
f 1879//1879 1937//1937 1933//1933 
f 1939//1939 1936//1936 1935//1935 
f 1940//1940 1994//1994 1941//1941 
f 1881//1881 1995//1995 1942//1942 
f 1946//1946 1996//1996 1881//1881 
f 1885//1885 1882//1882 1881//1881 
f 1949//1949 1962//1962 1810//1810 
f 1951//1951 1950//1950 1810//1810 
f 1810//1810 1954//1954 1891//1891 
f 1819//1819 1952//1952 1817//1817 
f 1810//1810 1897//1897 1817//1817 
f 1750//1750 1997//1997 1956//1956 
f 1750//1750 1998//1998 1999//1999 
f 1752//1752 2000//2000 1750//1750 
f 1647//1647 2001//2001 2002//2002 
f 1647//1647 2003//2003 1957//1957 
f 1824//1824 1905//1905 1902//1902 
f 1959//1959 2003//2003 1647//1647 
f 1906//1906 1907//1907 1831//1831 
f 1908//1908 1837//1837 1836//1836 
f 1962//1962 2004//2004 1960//1960 
f 1963//1963 1910//1910 1688//1688 
f 1738//1738 1700//1700 1964//1964 
f 1911//1911 1913//1913 1912//1912 
f 1858//1858 1856//1856 1855//1855 
f 1744//1744 1713//1713 1653//1653 
f 1678//1678 2005//2005 1967//1967 
f 1678//1678 2006//2006 2007//2007 
f 1863//1863 2008//2008 1969//1969 
f 1920//1920 1917//1917 1863//1863 
f 1921//1921 2009//2009 1972//1972 
f 1975//1975 1973//1973 1921//1921 
f 1926//1926 2010//2010 1976//1976 
f 1926//1926 2011//2011 1978//1978 
f 1982//1982 1979//1979 1926//1926 
f 1926//1926 1923//1923 2012//2012 
f 1983//1983 2013//2013 1984//1984 
f 1983//1983 2014//2014 2015//2015 
f 1983//1983 2016//2016 1986//1986 
f 1983//1983 2017//2017 2018//2018 
f 1871//1871 1870//1870 1929//1929 
f 1989//1989 1988//1988 1990//1990 
f 2019//2019 1993//1993 1991//1991 
f 1874//1874 1992//1992 1872//1872 
f 1937//1937 1879//1879 1935//1935 
f 1940//1940 2020//2020 1994//1994 
f 2021//2021 2020//2020 1940//1940 
f 1944//1944 1881//1881 1942//1942 
f 1947//1947 1945//1945 1881//1881 
f 1949//1949 2022//2022 1962//1962 
f 1816//1816 1813//1813 1810//1810 
f 1896//1896 1894//1894 1817//1817 
f 1999//1999 1997//1997 1750//1750 
f 2000//2000 2023//2023 1750//1750 
f 1958//1958 2001//2001 1647//1647 
f 1826//1826 1904//1904 1753//1753 
f 1797//1797 1833//1833 1795//1795 
f 1909//1909 1961//1961 1688//1688 
f 1766//1766 1964//1964 1765//1765 
f 1966//1966 1771//1771 1857//1857 
f 1678//1678 2024//2024 2005//2005 
f 1678//1678 2025//2025 2026//2026 
f 1678//1678 2027//2027 2006//2006 
f 2028//2028 2029//2029 2030//2030 
f 2031//2031 2032//2032 2033//2033 
f 1970//1970 2008//2008 1863//1863 
f 1974//1974 2009//2009 1921//1921 
f 1928//1928 2010//2010 1926//1926 
f 2012//2012 1981//1981 1926//1926 
f 2015//2015 2013//2013 1983//1983 
f 2018//2018 2016//2016 1983//1983 
f 1932//1932 1931//1931 1988//1988 
f 1993//1993 2019//2019 1992//1992 
f 1941//1941 1938//1938 1935//1935 
f 2034//2034 2035//2035 2021//2021 
f 2036//2036 2035//2035 2034//2034 
f 1996//1996 1995//1995 1881//1881 
f 2022//2022 2037//2037 1962//1962 
f 1953//1953 2038//2038 1817//1817 
f 2023//2023 1998//1998 1750//1750 
f 1901//1901 1825//1825 1824//1824 
f 1960//1960 1688//1688 1961//1961 
f 1850//1850 1965//1965 1848//1848 
f 1678//1678 2039//2039 2024//2024 
f 2026//2026 2040//2040 1678//1678 
f 1678//1678 2041//2041 2027//2027 
f 2033//2033 2028//2028 2031//2031 
f 1923//1923 1926//1926 1921//1921 
f 1980//1980 2011//2011 1926//1926 
f 1987//1987 2014//2014 1983//1983 
f 1983//1983 1977//1977 2042//2042 
f 1991//1991 1990//1990 2019//2019 
f 1940//1940 2034//2034 2021//2021 
f 1943//1943 2036//2036 1944//1944 
f 1962//1962 2043//2043 2044//2044 
f 1810//1810 2045//2045 1948//1948 
f 1889//1889 2046//2046 1810//1810 
f 2002//2002 1672//1672 1647//1647 
f 1716//1716 1717//1717 1607//1607 
f 2040//2040 2039//2039 1678//1678 
f 1678//1678 1597//1597 2041//2041 
f 1817//1817 2047//2047 2048//2048 
f 1817//1817 2038//2038 2049//2049 
f 2030//2030 2031//2031 2028//2028 
f 1977//1977 1983//1983 1926//1926 
f 2042//2042 2017//2017 1983//1983 
f 1934//1934 1880//1880 1879//1879 
f 1881//1881 2050//2050 1886//1886 
f 2051//2051 2052//2052 2053//2053 
f 2044//2044 2054//2054 1962//1962 
f 2046//2046 2045//2045 1810//1810 
f 1637//1637 1787//1787 1758//1758 
f 2007//2007 2025//2025 1678//1678 
f 2055//2055 2050//2050 2031//2031 
f 2056//2056 2057//2057 1817//1817 
f 2049//2049 2047//2047 1817//1817 
f 2031//2031 2058//2058 2032//2032 
f 2031//2031 2050//2050 1881//1881 
f 1985//1985 2059//2059 1983//1983 
f 2034//2034 1944//1944 2036//2036 
f 2052//2052 2060//2060 2061//2061 
f 2030//2030 2062//2062 2051//2051 
f 2037//2037 2043//2043 1962//1962 
f 1678//1678 1968//1968 1915//1915 
f 2057//2057 2056//2056 2055//2055 
f 2048//2048 2063//2063 1817//1817 
f 1881//1881 2058//2058 2031//2031 
f 1865//1865 1971//1971 1863//1863 
f 2053//2053 2064//2064 2065//2065 
f 2053//2053 2030//2030 2051//2051 
f 1956//1956 2066//2066 1955//1955 
f 1817//1817 2063//2063 2056//2056 
f 1924//1924 1921//1921 1863//1863 
f 2061//2061 2053//2053 2052//2052 
f 2031//2031 2057//2057 2055//2055 
f 2065//2065 2030//2030 2053//2053 
f 2029//2029 2062//2062 2030//2030 
f 2067//2067 2061//2061 2060//2060 
f 2060//2060 2068//2068 2067//2067 
f 2054//2054 2004//2004 1962//1962 
o mesh83
v 0.00135441 0.00236127 8e-05 
v 0.00135441 0.00236127 0 
v 0.00139668 0.00236184 0 
v 0.00139668 0.00236184 8e-05 
vn 0.0134396 -0.99991 0 
vn 0.0134396 -0.99991 0 
vn 0.0134396 -0.99991 0 
vn 0.0134396 -0.99991 0 
f 2069//2069 2070//2070 2071//2071 
f 2071//2071 2072//2072 2069//2069 
o mesh84
v 0.00139668 0.00236184 0 
v 0.00179321 0.00236471 0 
v 0.00179321 0.00236471 8e-05 
v 0.00139668 0.00236184 8e-05 
vn 0.0173423 -0.99985 0 
vn -0.00289281 -0.999996 0 
vn -0.00289281 -0.999996 0 
vn 0.0173423 -0.99985 0 
f 2073//2073 2074//2074 2075//2075 
f 2075//2075 2076//2076 2073//2073 
o mesh85
v 0.00179321 0.00236471 0 
v 0.00307789 0.0023084 0 
v 0.00307789 0.0023084 8e-05 
v 0.00179321 0.00236471 8e-05 
vn -0.0234846 -0.999724 0 
vn -0.0640729 -0.997945 0 
vn -0.0640729 -0.997945 0 
vn -0.0234846 -0.999724 0 
f 2077//2077 2078//2078 2079//2079 
f 2079//2079 2080//2080 2077//2077 
