# OBJ generated by ONSHAPE BY PTC INC, 1.216 Units = meters
mtllib Part_1_2.mtl
g Part 1
usemtl 0.301961_0.301961_0.301961_0.000000_0.000000
o mesh889
v 0.000530365 0.00133669 -4.5e-05 
v 0.00053027 0.00134105 -4.5e-05 
v 0.00053027 0.00134105 4.5e-05 
v 0.000530651 0.00133233 -4.5e-05 
v 0.000530365 0.00133669 4.5e-05 
v 0.000531126 0.001328 -4.5e-05 
v 0.000530651 0.00133233 4.5e-05 
v 0.00053179 0.00132369 -4.5e-05 
v 0.000531126 0.001328 4.5e-05 
v 0.000532641 0.00131941 -4.5e-05 
v 0.00053179 0.00132369 4.5e-05 
v 0.000533678 0.00131517 -4.5e-05 
v 0.000532641 0.00131941 4.5e-05 
v 0.000534899 0.00131098 -4.5e-05 
v 0.000533678 0.00131517 4.5e-05 
v 0.000536301 0.00130685 -4.5e-05 
v 0.000534899 0.00131098 4.5e-05 
v 0.000537882 0.00130278 -4.5e-05 
v 0.000536301 0.00130685 4.5e-05 
v 0.00053964 0.00129879 -4.5e-05 
v 0.000537882 0.00130278 4.5e-05 
v 0.000541569 0.00129488 -4.5e-05 
v 0.00053964 0.00129879 4.5e-05 
v 0.000543668 0.00129105 -4.5e-05 
v 0.000541569 0.00129488 4.5e-05 
v 0.000545931 0.00128732 -4.5e-05 
v 0.000543668 0.00129105 4.5e-05 
v 0.000548355 0.00128369 -4.5e-05 
v 0.000545931 0.00128732 4.5e-05 
v 0.000550935 0.00128017 -4.5e-05 
v 0.000548355 0.00128369 4.5e-05 
v 0.000553666 0.00127677 -4.5e-05 
v 0.000550935 0.00128017 4.5e-05 
v 0.000556543 0.00127349 -4.5e-05 
v 0.000553666 0.00127677 4.5e-05 
v 0.00055956 0.00127034 -4.5e-05 
v 0.000556543 0.00127349 4.5e-05 
v 0.000562711 0.00126732 -4.5e-05 
v 0.00055956 0.00127034 4.5e-05 
v 0.000565992 0.00126445 -4.5e-05 
v 0.000562711 0.00126732 4.5e-05 
v 0.000569394 0.00126171 -4.5e-05 
v 0.000565992 0.00126445 4.5e-05 
v 0.000572913 0.00125913 -4.5e-05 
v 0.000569394 0.00126171 4.5e-05 
v 0.00057654 0.00125671 -4.5e-05 
v 0.000572913 0.00125913 4.5e-05 
v 0.00058027 0.00125445 -4.5e-05 
v 0.00057654 0.00125671 4.5e-05 
v 0.000584095 0.00125235 -4.5e-05 
v 0.00058027 0.00125445 4.5e-05 
v 0.000588008 0.00125042 -4.5e-05 
v 0.000584095 0.00125235 4.5e-05 
v 0.000592002 0.00124866 -4.5e-05 
v 0.000588008 0.00125042 4.5e-05 
v 0.000596068 0.00124708 -4.5e-05 
v 0.000592002 0.00124866 4.5e-05 
v 0.0006002 0.00124568 -4.5e-05 
v 0.000596068 0.00124708 4.5e-05 
v 0.000604388 0.00124446 -4.5e-05 
v 0.0006002 0.00124568 4.5e-05 
v 0.000608626 0.00124342 -4.5e-05 
v 0.000604388 0.00124446 4.5e-05 
v 0.000612905 0.00124257 -4.5e-05 
v 0.000608626 0.00124342 4.5e-05 
v 0.000617218 0.00124191 -4.5e-05 
v 0.000612905 0.00124257 4.5e-05 
v 0.000621555 0.00124143 -4.5e-05 
v 0.000617218 0.00124191 4.5e-05 
v 0.000625908 0.00124115 -4.5e-05 
v 0.000621555 0.00124143 4.5e-05 
v 0.00063027 0.00124105 -4.5e-05 
v 0.000625908 0.00124115 4.5e-05 
v 0.000634632 0.00124115 -4.5e-05 
v 0.00063027 0.00124105 4.5e-05 
v 0.000638986 0.00124143 -4.5e-05 
v 0.000634632 0.00124115 4.5e-05 
v 0.000643323 0.00124191 -4.5e-05 
v 0.000638986 0.00124143 4.5e-05 
v 0.000647635 0.00124257 -4.5e-05 
v 0.000643323 0.00124191 4.5e-05 
v 0.000651914 0.00124342 -4.5e-05 
v 0.000647635 0.00124257 4.5e-05 
v 0.000656152 0.00124446 -4.5e-05 
v 0.000651914 0.00124342 4.5e-05 
v 0.000660341 0.00124568 -4.5e-05 
v 0.000656152 0.00124446 4.5e-05 
v 0.000664472 0.00124708 -4.5e-05 
v 0.000660341 0.00124568 4.5e-05 
v 0.000668539 0.00124866 -4.5e-05 
v 0.000664472 0.00124708 4.5e-05 
v 0.000672532 0.00125042 -4.5e-05 
v 0.000668539 0.00124866 4.5e-05 
v 0.000676445 0.00125235 -4.5e-05 
v 0.000672532 0.00125042 4.5e-05 
v 0.00068027 0.00125445 -4.5e-05 
v 0.000676445 0.00125235 4.5e-05 
v 0.000684 0.00125671 -4.5e-05 
v 0.00068027 0.00125445 4.5e-05 
v 0.000687628 0.00125913 -4.5e-05 
v 0.000684 0.00125671 4.5e-05 
v 0.000691146 0.00126171 -4.5e-05 
v 0.000687628 0.00125913 4.5e-05 
v 0.000694549 0.00126445 -4.5e-05 
v 0.000691146 0.00126171 4.5e-05 
v 0.000697829 0.00126732 -4.5e-05 
v 0.000694549 0.00126445 4.5e-05 
v 0.000700981 0.00127034 -4.5e-05 
v 0.000697829 0.00126732 4.5e-05 
v 0.000703998 0.00127349 -4.5e-05 
v 0.000700981 0.00127034 4.5e-05 
v 0.000706875 0.00127677 -4.5e-05 
v 0.000703998 0.00127349 4.5e-05 
v 0.000709606 0.00128017 -4.5e-05 
v 0.000706875 0.00127677 4.5e-05 
v 0.000712185 0.00128369 -4.5e-05 
v 0.000709606 0.00128017 4.5e-05 
v 0.000714609 0.00128732 -4.5e-05 
v 0.000712185 0.00128369 4.5e-05 
v 0.000716873 0.00129105 -4.5e-05 
v 0.000714609 0.00128732 4.5e-05 
v 0.000718971 0.00129488 -4.5e-05 
v 0.000716873 0.00129105 4.5e-05 
v 0.000720901 0.00129879 -4.5e-05 
v 0.000718971 0.00129488 4.5e-05 
v 0.000722658 0.00130278 -4.5e-05 
v 0.000720901 0.00129879 4.5e-05 
v 0.00072424 0.00130685 -4.5e-05 
v 0.000722658 0.00130278 4.5e-05 
v 0.000725642 0.00131098 -4.5e-05 
v 0.00072424 0.00130685 4.5e-05 
v 0.000726863 0.00131517 -4.5e-05 
v 0.000725642 0.00131098 4.5e-05 
v 0.0007279 0.00131941 -4.5e-05 
v 0.000726863 0.00131517 4.5e-05 
v 0.000728751 0.00132369 -4.5e-05 
v 0.0007279 0.00131941 4.5e-05 
v 0.000729415 0.001328 -4.5e-05 
v 0.000728751 0.00132369 4.5e-05 
v 0.00072989 0.00133233 -4.5e-05 
v 0.000729415 0.001328 4.5e-05 
v 0.000730175 0.00133669 -4.5e-05 
v 0.00072989 0.00133233 4.5e-05 
v 0.00073027 0.00134105 -4.5e-05 
v 0.000730175 0.00133669 4.5e-05 
v 0.000730175 0.00134541 -4.5e-05 
v 0.00073027 0.00134105 4.5e-05 
v 0.00072989 0.00134977 -4.5e-05 
v 0.000730175 0.00134541 4.5e-05 
v 0.000729415 0.0013541 -4.5e-05 
v 0.00072989 0.00134977 4.5e-05 
v 0.000728751 0.00135841 -4.5e-05 
v 0.000729415 0.0013541 4.5e-05 
v 0.0007279 0.00136269 -4.5e-05 
v 0.000728751 0.00135841 4.5e-05 
v 0.000726863 0.00136693 -4.5e-05 
v 0.0007279 0.00136269 4.5e-05 
v 0.000725642 0.00137112 -4.5e-05 
v 0.000726863 0.00136693 4.5e-05 
v 0.00072424 0.00137525 -4.5e-05 
v 0.000725642 0.00137112 4.5e-05 
v 0.000722658 0.00137932 -4.5e-05 
v 0.00072424 0.00137525 4.5e-05 
v 0.000720901 0.00138331 -4.5e-05 
v 0.000722658 0.00137932 4.5e-05 
v 0.000718971 0.00138722 -4.5e-05 
v 0.000720901 0.00138331 4.5e-05 
v 0.000716873 0.00139105 -4.5e-05 
v 0.000718971 0.00138722 4.5e-05 
v 0.000714609 0.00139478 -4.5e-05 
v 0.000716873 0.00139105 4.5e-05 
v 0.000712185 0.00139841 -4.5e-05 
v 0.000714609 0.00139478 4.5e-05 
v 0.000709606 0.00140193 -4.5e-05 
v 0.000712185 0.00139841 4.5e-05 
v 0.000706875 0.00140533 -4.5e-05 
v 0.000709606 0.00140193 4.5e-05 
v 0.000703998 0.00140861 -4.5e-05 
v 0.000706875 0.00140533 4.5e-05 
v 0.000700981 0.00141176 -4.5e-05 
v 0.000703998 0.00140861 4.5e-05 
v 0.000697829 0.00141478 -4.5e-05 
v 0.000700981 0.00141176 4.5e-05 
v 0.000694549 0.00141765 -4.5e-05 
v 0.000697829 0.00141478 4.5e-05 
v 0.000691146 0.00142039 -4.5e-05 
v 0.000694549 0.00141765 4.5e-05 
v 0.000687628 0.00142297 -4.5e-05 
v 0.000691146 0.00142039 4.5e-05 
v 0.000684 0.00142539 -4.5e-05 
v 0.000687628 0.00142297 4.5e-05 
v 0.00068027 0.00142765 -4.5e-05 
v 0.000684 0.00142539 4.5e-05 
v 0.000676445 0.00142975 -4.5e-05 
v 0.00068027 0.00142765 4.5e-05 
v 0.000672532 0.00143168 -4.5e-05 
v 0.000676445 0.00142975 4.5e-05 
v 0.000668539 0.00143344 -4.5e-05 
v 0.000672532 0.00143168 4.5e-05 
v 0.000664472 0.00143502 -4.5e-05 
v 0.000668539 0.00143344 4.5e-05 
v 0.000660341 0.00143642 -4.5e-05 
v 0.000664472 0.00143502 4.5e-05 
v 0.000656152 0.00143764 -4.5e-05 
v 0.000660341 0.00143642 4.5e-05 
v 0.000651914 0.00143868 -4.5e-05 
v 0.000656152 0.00143764 4.5e-05 
v 0.000647635 0.00143953 -4.5e-05 
v 0.000651914 0.00143868 4.5e-05 
v 0.000643323 0.00144019 -4.5e-05 
v 0.000647635 0.00143953 4.5e-05 
v 0.000638986 0.00144067 -4.5e-05 
v 0.000643323 0.00144019 4.5e-05 
v 0.000634632 0.00144095 -4.5e-05 
v 0.000638986 0.00144067 4.5e-05 
v 0.00063027 0.00144105 -4.5e-05 
v 0.000634632 0.00144095 4.5e-05 
v 0.000625908 0.00144095 -4.5e-05 
v 0.00063027 0.00144105 4.5e-05 
v 0.000621555 0.00144067 -4.5e-05 
v 0.000625908 0.00144095 4.5e-05 
v 0.000617218 0.00144019 -4.5e-05 
v 0.000621555 0.00144067 4.5e-05 
v 0.000612905 0.00143953 -4.5e-05 
v 0.000617218 0.00144019 4.5e-05 
v 0.000608626 0.00143868 -4.5e-05 
v 0.000612905 0.00143953 4.5e-05 
v 0.000604388 0.00143764 -4.5e-05 
v 0.000608626 0.00143868 4.5e-05 
v 0.0006002 0.00143642 -4.5e-05 
v 0.000604388 0.00143764 4.5e-05 
v 0.000596068 0.00143502 -4.5e-05 
v 0.0006002 0.00143642 4.5e-05 
v 0.000592002 0.00143344 -4.5e-05 
v 0.000596068 0.00143502 4.5e-05 
v 0.000588008 0.00143168 -4.5e-05 
v 0.000592002 0.00143344 4.5e-05 
v 0.000584095 0.00142975 -4.5e-05 
v 0.000588008 0.00143168 4.5e-05 
v 0.00058027 0.00142765 -4.5e-05 
v 0.000584095 0.00142975 4.5e-05 
v 0.00057654 0.00142539 -4.5e-05 
v 0.00058027 0.00142765 4.5e-05 
v 0.000572913 0.00142297 -4.5e-05 
v 0.00057654 0.00142539 4.5e-05 
v 0.000569394 0.00142039 -4.5e-05 
v 0.000572913 0.00142297 4.5e-05 
v 0.000565992 0.00141765 -4.5e-05 
v 0.000569394 0.00142039 4.5e-05 
v 0.000562711 0.00141478 -4.5e-05 
v 0.000565992 0.00141765 4.5e-05 
v 0.00055956 0.00141176 -4.5e-05 
v 0.000562711 0.00141478 4.5e-05 
v 0.000556543 0.00140861 -4.5e-05 
v 0.00055956 0.00141176 4.5e-05 
v 0.000553666 0.00140533 -4.5e-05 
v 0.000556543 0.00140861 4.5e-05 
v 0.000550935 0.00140193 -4.5e-05 
v 0.000553666 0.00140533 4.5e-05 
v 0.000548355 0.00139841 -4.5e-05 
v 0.000550935 0.00140193 4.5e-05 
v 0.000545931 0.00139478 -4.5e-05 
v 0.000548355 0.00139841 4.5e-05 
v 0.000543668 0.00139105 -4.5e-05 
v 0.000545931 0.00139478 4.5e-05 
v 0.000541569 0.00138722 -4.5e-05 
v 0.000543668 0.00139105 4.5e-05 
v 0.00053964 0.00138331 -4.5e-05 
v 0.000541569 0.00138722 4.5e-05 
v 0.000537882 0.00137932 -4.5e-05 
v 0.00053964 0.00138331 4.5e-05 
v 0.000536301 0.00137525 -4.5e-05 
v 0.000537882 0.00137932 4.5e-05 
v 0.000534899 0.00137112 -4.5e-05 
v 0.000536301 0.00137525 4.5e-05 
v 0.000533678 0.00136693 -4.5e-05 
v 0.000534899 0.00137112 4.5e-05 
v 0.000532641 0.00136269 -4.5e-05 
v 0.000533678 0.00136693 4.5e-05 
v 0.00053179 0.00135841 -4.5e-05 
v 0.000532641 0.00136269 4.5e-05 
v 0.000531126 0.0013541 -4.5e-05 
v 0.00053179 0.00135841 4.5e-05 
v 0.000530651 0.00134977 -4.5e-05 
v 0.000531126 0.0013541 4.5e-05 
v 0.000530365 0.00134541 -4.5e-05 
v 0.000530651 0.00134977 4.5e-05 
v 0.000530365 0.00134541 4.5e-05 
vn 0.999048 0.0436194 0 
vn 1 2.44929e-16 0 
vn 1 2.44929e-16 0 
vn 0.996195 0.0871557 0 
vn 0.999048 0.0436194 0 
vn 0.991445 0.130526 0 
vn 0.996195 0.0871557 0 
vn 0.984808 0.173648 0 
vn 0.991445 0.130526 0 
vn 0.976296 0.21644 0 
vn 0.984808 0.173648 0 
vn 0.965926 0.258819 0 
vn 0.976296 0.21644 0 
vn 0.953717 0.300706 0 
vn 0.965926 0.258819 0 
vn 0.939693 0.34202 0 
vn 0.953717 0.300706 0 
vn 0.92388 0.382683 0 
vn 0.939693 0.34202 0 
vn 0.906308 0.422618 0 
vn 0.92388 0.382683 0 
vn 0.887011 0.461749 0 
vn 0.906308 0.422618 0 
vn 0.866025 0.5 0 
vn 0.887011 0.461749 0 
vn 0.843391 0.5373 0 
vn 0.866025 0.5 0 
vn 0.819152 0.573576 0 
vn 0.843391 0.5373 0 
vn 0.793353 0.608761 0 
vn 0.819152 0.573576 0 
vn 0.766044 0.642788 0 
vn 0.793353 0.608761 0 
vn 0.737277 0.67559 0 
vn 0.766044 0.642788 0 
vn 0.707107 0.707107 0 
vn 0.737277 0.67559 0 
vn 0.67559 0.737277 0 
vn 0.707107 0.707107 0 
vn 0.642788 0.766044 0 
vn 0.67559 0.737277 0 
vn 0.608761 0.793353 0 
vn 0.642788 0.766044 0 
vn 0.573576 0.819152 0 
vn 0.608761 0.793353 0 
vn 0.5373 0.843391 0 
vn 0.573576 0.819152 0 
vn 0.5 0.866025 0 
vn 0.5373 0.843391 0 
vn 0.461749 0.887011 0 
vn 0.5 0.866025 0 
vn 0.422618 0.906308 0 
vn 0.461749 0.887011 0 
vn 0.382683 0.92388 0 
vn 0.422618 0.906308 0 
vn 0.34202 0.939693 0 
vn 0.382683 0.92388 0 
vn 0.300706 0.953717 0 
vn 0.34202 0.939693 0 
vn 0.258819 0.965926 0 
vn 0.300706 0.953717 0 
vn 0.21644 0.976296 0 
vn 0.258819 0.965926 0 
vn 0.173648 0.984808 0 
vn 0.21644 0.976296 0 
vn 0.130526 0.991445 0 
vn 0.173648 0.984808 0 
vn 0.0871557 0.996195 0 
vn 0.130526 0.991445 0 
vn 0.0436194 0.999048 0 
vn 0.0871557 0.996195 0 
vn -1.83697e-16 1 0 
vn 0.0436194 0.999048 0 
vn -0.0436194 0.999048 0 
vn -1.83697e-16 1 0 
vn -0.0871557 0.996195 0 
vn -0.0436194 0.999048 0 
vn -0.130526 0.991445 0 
vn -0.0871557 0.996195 0 
vn -0.173648 0.984808 0 
vn -0.130526 0.991445 0 
vn -0.21644 0.976296 0 
vn -0.173648 0.984808 0 
vn -0.258819 0.965926 0 
vn -0.21644 0.976296 0 
vn -0.300706 0.953717 0 
vn -0.258819 0.965926 0 
vn -0.34202 0.939693 0 
vn -0.300706 0.953717 0 
vn -0.382683 0.92388 0 
vn -0.34202 0.939693 0 
vn -0.422618 0.906308 0 
vn -0.382683 0.92388 0 
vn -0.461749 0.887011 0 
vn -0.422618 0.906308 0 
vn -0.5 0.866025 0 
vn -0.461749 0.887011 0 
vn -0.5373 0.843391 0 
vn -0.5 0.866025 0 
vn -0.573576 0.819152 0 
vn -0.5373 0.843391 0 
vn -0.608761 0.793353 0 
vn -0.573576 0.819152 0 
vn -0.642788 0.766044 0 
vn -0.608761 0.793353 0 
vn -0.67559 0.737277 0 
vn -0.642788 0.766044 0 
vn -0.707107 0.707107 0 
vn -0.67559 0.737277 0 
vn -0.737277 0.67559 0 
vn -0.707107 0.707107 0 
vn -0.766044 0.642788 0 
vn -0.737277 0.67559 0 
vn -0.793353 0.608761 0 
vn -0.766044 0.642788 0 
vn -0.819152 0.573576 0 
vn -0.793353 0.608761 0 
vn -0.843391 0.5373 0 
vn -0.819152 0.573576 0 
vn -0.866025 0.5 0 
vn -0.843391 0.5373 0 
vn -0.887011 0.461749 0 
vn -0.866025 0.5 0 
vn -0.906308 0.422618 0 
vn -0.887011 0.461749 0 
vn -0.92388 0.382683 0 
vn -0.906308 0.422618 0 
vn -0.939693 0.34202 0 
vn -0.92388 0.382683 0 
vn -0.953717 0.300706 0 
vn -0.939693 0.34202 0 
vn -0.965926 0.258819 0 
vn -0.953717 0.300706 0 
vn -0.976296 0.21644 0 
vn -0.965926 0.258819 0 
vn -0.984808 0.173648 0 
vn -0.976296 0.21644 0 
vn -0.991445 0.130526 0 
vn -0.984808 0.173648 0 
vn -0.996195 0.0871557 0 
vn -0.991445 0.130526 0 
vn -0.999048 0.0436194 0 
vn -0.996195 0.0871557 0 
vn -1 -1.22465e-16 0 
vn -0.999048 0.0436194 0 
vn -0.999048 -0.0436194 0 
vn -1 -1.22465e-16 0 
vn -0.996195 -0.0871557 0 
vn -0.999048 -0.0436194 0 
vn -0.991445 -0.130526 0 
vn -0.996195 -0.0871557 0 
vn -0.984808 -0.173648 0 
vn -0.991445 -0.130526 0 
vn -0.976296 -0.21644 0 
vn -0.984808 -0.173648 0 
vn -0.965926 -0.258819 0 
vn -0.976296 -0.21644 0 
vn -0.953717 -0.300706 0 
vn -0.965926 -0.258819 0 
vn -0.939693 -0.34202 0 
vn -0.953717 -0.300706 0 
vn -0.92388 -0.382683 0 
vn -0.939693 -0.34202 0 
vn -0.906308 -0.422618 0 
vn -0.92388 -0.382683 0 
vn -0.887011 -0.461749 0 
vn -0.906308 -0.422618 0 
vn -0.866025 -0.5 0 
vn -0.887011 -0.461749 0 
vn -0.843391 -0.5373 0 
vn -0.866025 -0.5 0 
vn -0.819152 -0.573576 0 
vn -0.843391 -0.5373 0 
vn -0.793353 -0.608761 0 
vn -0.819152 -0.573576 0 
vn -0.766044 -0.642788 0 
vn -0.793353 -0.608761 0 
vn -0.737277 -0.67559 0 
vn -0.766044 -0.642788 0 
vn -0.707107 -0.707107 0 
vn -0.737277 -0.67559 0 
vn -0.67559 -0.737277 0 
vn -0.707107 -0.707107 0 
vn -0.642788 -0.766044 0 
vn -0.67559 -0.737277 0 
vn -0.608761 -0.793353 0 
vn -0.642788 -0.766044 0 
vn -0.573576 -0.819152 0 
vn -0.608761 -0.793353 0 
vn -0.5373 -0.843391 0 
vn -0.573576 -0.819152 0 
vn -0.5 -0.866025 0 
vn -0.5373 -0.843391 0 
vn -0.461749 -0.887011 0 
vn -0.5 -0.866025 0 
vn -0.422618 -0.906308 0 
vn -0.461749 -0.887011 0 
vn -0.382683 -0.92388 0 
vn -0.422618 -0.906308 0 
vn -0.34202 -0.939693 0 
vn -0.382683 -0.92388 0 
vn -0.300706 -0.953717 0 
vn -0.34202 -0.939693 0 
vn -0.258819 -0.965926 0 
vn -0.300706 -0.953717 0 
vn -0.21644 -0.976296 0 
vn -0.258819 -0.965926 0 
vn -0.173648 -0.984808 0 
vn -0.21644 -0.976296 0 
vn -0.130526 -0.991445 0 
vn -0.173648 -0.984808 0 
vn -0.0871557 -0.996195 0 
vn -0.130526 -0.991445 0 
vn -0.0436194 -0.999048 0 
vn -0.0871557 -0.996195 0 
vn 6.12323e-17 -1 0 
vn -0.0436194 -0.999048 0 
vn 0.0436194 -0.999048 0 
vn 6.12323e-17 -1 0 
vn 0.0871557 -0.996195 0 
vn 0.0436194 -0.999048 0 
vn 0.130526 -0.991445 0 
vn 0.0871557 -0.996195 0 
vn 0.173648 -0.984808 0 
vn 0.130526 -0.991445 0 
vn 0.21644 -0.976296 0 
vn 0.173648 -0.984808 0 
vn 0.258819 -0.965926 0 
vn 0.21644 -0.976296 0 
vn 0.300706 -0.953717 0 
vn 0.258819 -0.965926 0 
vn 0.34202 -0.939693 0 
vn 0.300706 -0.953717 0 
vn 0.382683 -0.92388 0 
vn 0.34202 -0.939693 0 
vn 0.422618 -0.906308 0 
vn 0.382683 -0.92388 0 
vn 0.461749 -0.887011 0 
vn 0.422618 -0.906308 0 
vn 0.5 -0.866025 0 
vn 0.461749 -0.887011 0 
vn 0.5373 -0.843391 0 
vn 0.5 -0.866025 0 
vn 0.573576 -0.819152 0 
vn 0.5373 -0.843391 0 
vn 0.608761 -0.793353 0 
vn 0.573576 -0.819152 0 
vn 0.642788 -0.766044 0 
vn 0.608761 -0.793353 0 
vn 0.67559 -0.737277 0 
vn 0.642788 -0.766044 0 
vn 0.707107 -0.707107 0 
vn 0.67559 -0.737277 0 
vn 0.737277 -0.67559 0 
vn 0.707107 -0.707107 0 
vn 0.766044 -0.642788 0 
vn 0.737277 -0.67559 0 
vn 0.793353 -0.608761 0 
vn 0.766044 -0.642788 0 
vn 0.819152 -0.573576 0 
vn 0.793353 -0.608761 0 
vn 0.843391 -0.5373 0 
vn 0.819152 -0.573576 0 
vn 0.866025 -0.5 0 
vn 0.843391 -0.5373 0 
vn 0.887011 -0.461749 0 
vn 0.866025 -0.5 0 
vn 0.906308 -0.422618 0 
vn 0.887011 -0.461749 0 
vn 0.92388 -0.382683 0 
vn 0.906308 -0.422618 0 
vn 0.939693 -0.34202 0 
vn 0.92388 -0.382683 0 
vn 0.953717 -0.300706 0 
vn 0.939693 -0.34202 0 
vn 0.965926 -0.258819 0 
vn 0.953717 -0.300706 0 
vn 0.976296 -0.21644 0 
vn 0.965926 -0.258819 0 
vn 0.984808 -0.173648 0 
vn 0.976296 -0.21644 0 
vn 0.991445 -0.130526 0 
vn 0.984808 -0.173648 0 
vn 0.996195 -0.0871557 0 
vn 0.991445 -0.130526 0 
vn 0.999048 -0.0436194 0 
vn 0.996195 -0.0871557 0 
vn 0.999048 -0.0436194 0 
f 1//1 2//2 3//3 
f 4//4 1//1 5//5 
f 6//6 4//4 7//7 
f 8//8 6//6 9//9 
f 10//10 8//8 11//11 
f 12//12 10//10 13//13 
f 14//14 12//12 15//15 
f 16//16 14//14 17//17 
f 18//18 16//16 19//19 
f 20//20 18//18 21//21 
f 22//22 20//20 23//23 
f 24//24 22//22 25//25 
f 26//26 24//24 27//27 
f 28//28 26//26 29//29 
f 30//30 28//28 31//31 
f 32//32 30//30 33//33 
f 34//34 32//32 35//35 
f 36//36 34//34 37//37 
f 38//38 36//36 39//39 
f 40//40 38//38 41//41 
f 42//42 40//40 43//43 
f 44//44 42//42 45//45 
f 46//46 44//44 47//47 
f 48//48 46//46 49//49 
f 50//50 48//48 51//51 
f 52//52 50//50 53//53 
f 54//54 52//52 55//55 
f 56//56 54//54 57//57 
f 58//58 56//56 59//59 
f 60//60 58//58 61//61 
f 62//62 60//60 63//63 
f 64//64 62//62 65//65 
f 66//66 64//64 67//67 
f 68//68 66//66 69//69 
f 70//70 68//68 71//71 
f 72//72 70//70 73//73 
f 74//74 72//72 75//75 
f 76//76 74//74 77//77 
f 78//78 76//76 79//79 
f 80//80 78//78 81//81 
f 82//82 80//80 83//83 
f 84//84 82//82 85//85 
f 86//86 84//84 87//87 
f 88//88 86//86 89//89 
f 90//90 88//88 91//91 
f 92//92 90//90 93//93 
f 94//94 92//92 95//95 
f 96//96 94//94 97//97 
f 98//98 96//96 99//99 
f 100//100 98//98 101//101 
f 102//102 100//100 103//103 
f 104//104 102//102 105//105 
f 106//106 104//104 107//107 
f 108//108 106//106 109//109 
f 110//110 108//108 111//111 
f 112//112 110//110 113//113 
f 114//114 112//112 115//115 
f 116//116 114//114 117//117 
f 118//118 116//116 119//119 
f 120//120 118//118 121//121 
f 122//122 120//120 123//123 
f 124//124 122//122 125//125 
f 126//126 124//124 127//127 
f 128//128 126//126 129//129 
f 130//130 128//128 131//131 
f 132//132 130//130 133//133 
f 134//134 132//132 135//135 
f 136//136 134//134 137//137 
f 138//138 136//136 139//139 
f 140//140 138//138 141//141 
f 142//142 140//140 143//143 
f 144//144 142//142 145//145 
f 146//146 144//144 147//147 
f 148//148 146//146 149//149 
f 150//150 148//148 151//151 
f 152//152 150//150 153//153 
f 154//154 152//152 155//155 
f 156//156 154//154 157//157 
f 158//158 156//156 159//159 
f 160//160 158//158 161//161 
f 162//162 160//160 163//163 
f 164//164 162//162 165//165 
f 166//166 164//164 167//167 
f 168//168 166//166 169//169 
f 170//170 168//168 171//171 
f 172//172 170//170 173//173 
f 174//174 172//172 175//175 
f 176//176 174//174 177//177 
f 178//178 176//176 179//179 
f 180//180 178//178 181//181 
f 182//182 180//180 183//183 
f 184//184 182//182 185//185 
f 186//186 184//184 187//187 
f 188//188 186//186 189//189 
f 190//190 188//188 191//191 
f 192//192 190//190 193//193 
f 194//194 192//192 195//195 
f 196//196 194//194 197//197 
f 198//198 196//196 199//199 
f 200//200 198//198 201//201 
f 202//202 200//200 203//203 
f 204//204 202//202 205//205 
f 206//206 204//204 207//207 
f 208//208 206//206 209//209 
f 210//210 208//208 211//211 
f 212//212 210//210 213//213 
f 214//214 212//212 215//215 
f 216//216 214//214 217//217 
f 218//218 216//216 219//219 
f 220//220 218//218 221//221 
f 222//222 220//220 223//223 
f 224//224 222//222 225//225 
f 226//226 224//224 227//227 
f 228//228 226//226 229//229 
f 230//230 228//228 231//231 
f 232//232 230//230 233//233 
f 234//234 232//232 235//235 
f 236//236 234//234 237//237 
f 238//238 236//236 239//239 
f 240//240 238//238 241//241 
f 242//242 240//240 243//243 
f 244//244 242//242 245//245 
f 246//246 244//244 247//247 
f 248//248 246//246 249//249 
f 250//250 248//248 251//251 
f 252//252 250//250 253//253 
f 254//254 252//252 255//255 
f 256//256 254//254 257//257 
f 258//258 256//256 259//259 
f 260//260 258//258 261//261 
f 262//262 260//260 263//263 
f 264//264 262//262 265//265 
f 266//266 264//264 267//267 
f 268//268 266//266 269//269 
f 270//270 268//268 271//271 
f 272//272 270//270 273//273 
f 274//274 272//272 275//275 
f 276//276 274//274 277//277 
f 278//278 276//276 279//279 
f 280//280 278//278 281//281 
f 282//282 280//280 283//283 
f 284//284 282//282 285//285 
f 286//286 284//284 287//287 
f 2//2 286//286 288//288 
f 288//288 3//3 2//2 
f 287//287 288//288 286//286 
f 285//285 287//287 284//284 
f 283//283 285//285 282//282 
f 281//281 283//283 280//280 
f 279//279 281//281 278//278 
f 277//277 279//279 276//276 
f 275//275 277//277 274//274 
f 273//273 275//275 272//272 
f 271//271 273//273 270//270 
f 269//269 271//271 268//268 
f 267//267 269//269 266//266 
f 265//265 267//267 264//264 
f 263//263 265//265 262//262 
f 261//261 263//263 260//260 
f 259//259 261//261 258//258 
f 257//257 259//259 256//256 
f 255//255 257//257 254//254 
f 253//253 255//255 252//252 
f 251//251 253//253 250//250 
f 249//249 251//251 248//248 
f 247//247 249//249 246//246 
f 245//245 247//247 244//244 
f 243//243 245//245 242//242 
f 241//241 243//243 240//240 
f 239//239 241//241 238//238 
f 237//237 239//239 236//236 
f 235//235 237//237 234//234 
f 233//233 235//235 232//232 
f 231//231 233//233 230//230 
f 229//229 231//231 228//228 
f 227//227 229//229 226//226 
f 225//225 227//227 224//224 
f 223//223 225//225 222//222 
f 221//221 223//223 220//220 
f 219//219 221//221 218//218 
f 217//217 219//219 216//216 
f 215//215 217//217 214//214 
f 213//213 215//215 212//212 
f 211//211 213//213 210//210 
f 209//209 211//211 208//208 
f 207//207 209//209 206//206 
f 205//205 207//207 204//204 
f 203//203 205//205 202//202 
f 201//201 203//203 200//200 
f 199//199 201//201 198//198 
f 197//197 199//199 196//196 
f 195//195 197//197 194//194 
f 193//193 195//195 192//192 
f 191//191 193//193 190//190 
f 189//189 191//191 188//188 
f 187//187 189//189 186//186 
f 185//185 187//187 184//184 
f 183//183 185//185 182//182 
f 181//181 183//183 180//180 
f 179//179 181//181 178//178 
f 177//177 179//179 176//176 
f 175//175 177//177 174//174 
f 173//173 175//175 172//172 
f 171//171 173//173 170//170 
f 169//169 171//171 168//168 
f 167//167 169//169 166//166 
f 165//165 167//167 164//164 
f 163//163 165//165 162//162 
f 161//161 163//163 160//160 
f 159//159 161//161 158//158 
f 157//157 159//159 156//156 
f 155//155 157//157 154//154 
f 153//153 155//155 152//152 
f 151//151 153//153 150//150 
f 149//149 151//151 148//148 
f 147//147 149//149 146//146 
f 145//145 147//147 144//144 
f 143//143 145//145 142//142 
f 141//141 143//143 140//140 
f 139//139 141//141 138//138 
f 137//137 139//139 136//136 
f 135//135 137//137 134//134 
f 133//133 135//135 132//132 
f 131//131 133//133 130//130 
f 129//129 131//131 128//128 
f 127//127 129//129 126//126 
f 125//125 127//127 124//124 
f 123//123 125//125 122//122 
f 121//121 123//123 120//120 
f 119//119 121//121 118//118 
f 117//117 119//119 116//116 
f 115//115 117//117 114//114 
f 113//113 115//115 112//112 
f 111//111 113//113 110//110 
f 109//109 111//111 108//108 
f 107//107 109//109 106//106 
f 105//105 107//107 104//104 
f 103//103 105//105 102//102 
f 101//101 103//103 100//100 
f 99//99 101//101 98//98 
f 97//97 99//99 96//96 
f 95//95 97//97 94//94 
f 93//93 95//95 92//92 
f 91//91 93//93 90//90 
f 89//89 91//91 88//88 
f 87//87 89//89 86//86 
f 85//85 87//87 84//84 
f 83//83 85//85 82//82 
f 81//81 83//83 80//80 
f 79//79 81//81 78//78 
f 77//77 79//79 76//76 
f 75//75 77//77 74//74 
f 73//73 75//75 72//72 
f 71//71 73//73 70//70 
f 69//69 71//71 68//68 
f 67//67 69//69 66//66 
f 65//65 67//67 64//64 
f 63//63 65//65 62//62 
f 61//61 63//63 60//60 
f 59//59 61//61 58//58 
f 57//57 59//59 56//56 
f 55//55 57//57 54//54 
f 53//53 55//55 52//52 
f 51//51 53//53 50//50 
f 49//49 51//51 48//48 
f 47//47 49//49 46//46 
f 45//45 47//47 44//44 
f 43//43 45//45 42//42 
f 41//41 43//43 40//40 
f 39//39 41//41 38//38 
f 37//37 39//39 36//36 
f 35//35 37//37 34//34 
f 33//33 35//35 32//32 
f 31//31 33//33 30//30 
f 29//29 31//31 28//28 
f 27//27 29//29 26//26 
f 25//25 27//27 24//24 
f 23//23 25//25 22//22 
f 21//21 23//23 20//20 
f 19//19 21//21 18//18 
f 17//17 19//19 16//16 
f 15//15 17//17 14//14 
f 13//13 15//15 12//12 
f 11//11 13//13 10//10 
f 9//9 11//11 8//8 
f 7//7 9//9 6//6 
f 5//5 7//7 4//4 
f 3//3 5//5 1//1 
o mesh890
v -0.000832135 -0.000595 4.5e-05 
v -0.000832135 -0.00123288 4.5e-05 
v -0.000530135 -0.00123288 4.5e-05 
v -0.000530135 -0.000595 4.5e-05 
v -0.00053 -0.00086 4.5e-05 
v -0.00053 -0.00069 4.5e-05 
v -0.00029 -0.000595 4.5e-05 
v -0.00029 -0.00123288 4.5e-05 
v -0.00033 -0.00086 4.5e-05 
v -0.00033 -0.00069 4.5e-05 
v 0.00029 -0.00123288 4.5e-05 
v 0.000530135 -0.000595 4.5e-05 
v 0.00053 -0.00069 4.5e-05 
v 0.00053 -0.00086 4.5e-05 
v 0.00029 -0.000595 4.5e-05 
v 0.00033 -0.00069 4.5e-05 
v 0.00033 -0.00086 4.5e-05 
v 0.000530135 -0.00123288 4.5e-05 
v 0.000832135 -0.00123288 4.5e-05 
v -0.00029 -0.000375 4.5e-05 
v -0.00029 0.000595 4.5e-05 
v -8.5e-05 0.00025 4.5e-05 
v 8.5e-05 0.00025 4.5e-05 
v 0.00029 0.000595 4.5e-05 
v -0.00025 7e-05 4.5e-05 
v -8.5e-05 7e-05 4.5e-05 
v -0.00025 -7e-05 4.5e-05 
v -8.5e-05 -0.00025 4.5e-05 
v -8.5e-05 -7e-05 4.5e-05 
v 0.00029 -0.000375 4.5e-05 
v 8.5e-05 -0.00025 4.5e-05 
v 0.00025 -7e-05 4.5e-05 
v 8.5e-05 -7e-05 4.5e-05 
v 0.00025 7e-05 4.5e-05 
v -0.000832135 0.00105053 4.5e-05 
v -0.000832135 0.000595 4.5e-05 
v -0.000530135 0.000595 4.5e-05 
v -0.00033 0.00069 4.5e-05 
v -0.000530135 0.00105053 4.5e-05 
v -0.00053 0.00086 4.5e-05 
v -0.00053 0.00069 4.5e-05 
v -0.00029 0.00105053 4.5e-05 
v -0.00033 0.00086 4.5e-05 
v 0.000530135 0.00105053 4.5e-05 
v 0.00029 0.00105053 4.5e-05 
v 0.00033 0.00086 4.5e-05 
v 0.00033 0.00069 4.5e-05 
v 0.000530135 0.000595 4.5e-05 
v 0.00053 0.00086 4.5e-05 
v 0.00053 0.00069 4.5e-05 
v 0.000832135 0.000595 4.5e-05 
v -0.000436793 0.00152861 4.5e-05 
v -0.000510123 0.00151652 4.5e-05 
v -0.000291862 0.00156148 4.5e-05 
v -0.000364001 0.0015436 4.5e-05 
v -0.00029 0.00156202 4.5e-05 
v -0.000722658 0.00130278 4.5e-05 
v -0.00072424 0.00130685 4.5e-05 
v -0.000694549 0.00141765 4.5e-05 
v -0.000691146 0.00142039 4.5e-05 
v -0.000732183 0.00149786 4.5e-05 
v -0.000806502 0.00149754 4.5e-05 
v -0.000700981 0.00141176 4.5e-05 
v -0.000697829 0.00141478 4.5e-05 
v -0.000832135 0.00149845 4.5e-05 
v -0.000718971 0.00138722 4.5e-05 
v -0.000716873 0.00139105 4.5e-05 
v -0.00072424 0.00137525 4.5e-05 
v -0.000722658 0.00137932 4.5e-05 
v -0.000720901 0.00129879 4.5e-05 
v -0.000714609 0.00128732 4.5e-05 
v -0.000716873 0.00129105 4.5e-05 
v -0.000592002 0.00143344 4.5e-05 
v -0.000530135 0.00151404 4.5e-05 
v -0.000583876 0.00150736 4.5e-05 
v -0.000703998 0.00140861 4.5e-05 
v -0.000709606 0.00140193 4.5e-05 
v -0.000706875 0.00140533 4.5e-05 
v -0.000714609 0.00139478 4.5e-05 
v -0.000720901 0.00138331 4.5e-05 
v -0.0007279 0.00136269 4.5e-05 
v -0.000726863 0.00136693 4.5e-05 
v -0.000718971 0.00129488 4.5e-05 
v -0.000712185 0.00128369 4.5e-05 
v -0.000703998 0.00127349 4.5e-05 
v -0.000706875 0.00127677 4.5e-05 
v -0.000694549 0.00126445 4.5e-05 
v -0.000697829 0.00126732 4.5e-05 
v -0.000565992 0.00126445 4.5e-05 
v -0.000569394 0.00126171 4.5e-05 
v -0.000596068 0.00143502 4.5e-05 
v -0.000687628 0.00142297 4.5e-05 
v -0.000712185 0.00139841 4.5e-05 
v -0.000725642 0.00137112 4.5e-05 
v -0.00072989 0.00134977 4.5e-05 
v -0.000729415 0.0013541 4.5e-05 
v -0.00073027 0.00134105 4.5e-05 
v -0.000730175 0.00134541 4.5e-05 
v -0.000709606 0.00128017 4.5e-05 
v -0.000691146 0.00126171 4.5e-05 
v -0.000562711 0.00126732 4.5e-05 
v -0.000556543 0.00127349 4.5e-05 
v -0.00055956 0.00127034 4.5e-05 
v -0.000534899 0.00137112 4.5e-05 
v -0.000533678 0.00136693 4.5e-05 
v -0.000537882 0.00137932 4.5e-05 
v -0.000536301 0.00137525 4.5e-05 
v -0.0006002 0.00143642 4.5e-05 
v -0.000668539 0.00143344 4.5e-05 
v -0.000664472 0.00143502 4.5e-05 
v -0.000728751 0.00135841 4.5e-05 
v -0.000729415 0.001328 4.5e-05 
v -0.00072989 0.00133233 4.5e-05 
v -0.000726863 0.00131517 4.5e-05 
v -0.0007279 0.00131941 4.5e-05 
v -0.000700981 0.00127034 4.5e-05 
v -0.00068027 0.00125445 4.5e-05 
v -0.000684 0.00125671 4.5e-05 
v -0.000664472 0.00124708 4.5e-05 
v -0.000668539 0.00124866 4.5e-05 
v -0.000638986 0.00124143 4.5e-05 
v -0.000643323 0.00124191 4.5e-05 
v -0.000550935 0.00128017 4.5e-05 
v -0.000553666 0.00127677 4.5e-05 
v -0.000545931 0.00128732 4.5e-05 
v -0.000548355 0.00128369 4.5e-05 
v -0.000541569 0.00129488 4.5e-05 
v -0.000543668 0.00129105 4.5e-05 
v -0.000537882 0.00130278 4.5e-05 
v -0.00053964 0.00129879 4.5e-05 
v -0.000541569 0.00138722 4.5e-05 
v -0.00053964 0.00138331 4.5e-05 
v -0.000588008 0.00143168 4.5e-05 
v -0.000584095 0.00142975 4.5e-05 
v -0.000604388 0.00143764 4.5e-05 
v -0.000612905 0.00143953 4.5e-05 
v -0.000608626 0.00143868 4.5e-05 
v -0.000621555 0.00144067 4.5e-05 
v -0.000617218 0.00144019 4.5e-05 
v -0.000657935 0.00150114 4.5e-05 
v -0.00063027 0.00144105 4.5e-05 
v -0.000625908 0.00144095 4.5e-05 
v -0.000672532 0.00143168 4.5e-05 
v -0.000730175 0.00133669 4.5e-05 
v -0.000728751 0.00132369 4.5e-05 
v -0.000725642 0.00131098 4.5e-05 
v -0.000687628 0.00125913 4.5e-05 
v -0.000672532 0.00125042 4.5e-05 
v -0.000676445 0.00125235 4.5e-05 
v -0.000660341 0.00124568 4.5e-05 
v -0.000647635 0.00124257 4.5e-05 
v -0.000651914 0.00124342 4.5e-05 
v -0.000592002 0.00124866 4.5e-05 
v -0.000596068 0.00124708 4.5e-05 
v -0.00058027 0.00125445 4.5e-05 
v -0.000584095 0.00125235 4.5e-05 
v -0.000536301 0.00130685 4.5e-05 
v -0.000533678 0.00131517 4.5e-05 
v -0.000534899 0.00131098 4.5e-05 
v -0.000530651 0.00134977 4.5e-05 
v -0.000530365 0.00134541 4.5e-05 
v -0.00053179 0.00135841 4.5e-05 
v -0.000531126 0.0013541 4.5e-05 
v -0.000532641 0.00136269 4.5e-05 
v -0.000543668 0.00139105 4.5e-05 
v -0.000550935 0.00140193 4.5e-05 
v -0.000548355 0.00139841 4.5e-05 
v -0.000638986 0.00144067 4.5e-05 
v -0.000634632 0.00144095 4.5e-05 
v -0.000647635 0.00143953 4.5e-05 
v -0.000643323 0.00144019 4.5e-05 
v -0.000656152 0.00143764 4.5e-05 
v -0.000651914 0.00143868 4.5e-05 
v -0.00068027 0.00142765 4.5e-05 
v -0.000676445 0.00142975 4.5e-05 
v -0.000656152 0.00124446 4.5e-05 
v -0.000612905 0.00124257 4.5e-05 
v -0.000617218 0.00124191 4.5e-05 
v -0.000604388 0.00124446 4.5e-05 
v -0.000608626 0.00124342 4.5e-05 
v -0.0006002 0.00124568 4.5e-05 
v -0.000588008 0.00125042 4.5e-05 
v -0.00053027 0.00134105 4.5e-05 
v -0.000545931 0.00139478 4.5e-05 
v -0.000556543 0.00140861 4.5e-05 
v -0.000553666 0.00140533 4.5e-05 
v -0.000572913 0.00142297 4.5e-05 
v -0.000569394 0.00142039 4.5e-05 
v -0.000660341 0.00143642 4.5e-05 
v -0.000684 0.00142539 4.5e-05 
v -0.00063027 0.00124105 4.5e-05 
v -0.000634632 0.00124115 4.5e-05 
v -0.000621555 0.00124143 4.5e-05 
v -0.000625908 0.00124115 4.5e-05 
v -0.00053179 0.00132369 4.5e-05 
v -0.000532641 0.00131941 4.5e-05 
v -0.000530651 0.00133233 4.5e-05 
v -0.000531126 0.001328 4.5e-05 
v -0.000530365 0.00133669 4.5e-05 
v -0.000562711 0.00141478 4.5e-05 
v -0.00055956 0.00141176 4.5e-05 
v -0.000565992 0.00141765 4.5e-05 
v -0.00058027 0.00142765 4.5e-05 
v -0.00057654 0.00142539 4.5e-05 
v -0.000572913 0.00125913 4.5e-05 
v -0.00057654 0.00125671 4.5e-05 
v -0.001124 0.00133613 4.5e-05 
v -0.00118013 0.00142283 4.5e-05 
v -0.00118721 0.00141459 4.5e-05 
v -0.00117271 0.00143076 4.5e-05 
v -0.00116496 0.00143837 4.5e-05 
v -0.00114854 0.00145257 4.5e-05 
v -0.0011569 0.00144564 4.5e-05 
v -0.001124 0.00146973 4.5e-05 
v -0.00113097 0.00146532 4.5e-05 
v -0.00113989 0.00145913 4.5e-05 
v -0.00105251 0.00126464 4.5e-05 
v -0.00107269 0.00149409 4.5e-05 
v -0.00108289 0.00149034 4.5e-05 
v -0.00103062 0.0015047 4.5e-05 
v -0.0010413 0.00150272 4.5e-05 
v -0.00109291 0.00148616 4.5e-05 
v -0.00105188 0.00150029 4.5e-05 
v -0.00106235 0.00149741 4.5e-05 
v -0.00101987 0.00150622 4.5e-05 
v -0.000998221 0.0015079 4.5e-05 
v -0.00100906 0.00150729 4.5e-05 
v -0.000976508 0.00150775 4.5e-05 
v -0.000987363 0.00150805 4.5e-05 
v -0.00110274 0.00148156 4.5e-05 
v -0.00111238 0.00147655 4.5e-05 
v -0.000954885 0.00150575 4.5e-05 
v -0.000965675 0.00150698 4.5e-05 
v -0.00112179 0.00147113 4.5e-05 
v -0.000880775 0.00150017 4.5e-05 
v -0.001124 0.00119316 4.5e-05 
v -0.00126464 0.00105251 4.5e-05 
v -0.00146532 0.00113097 4.5e-05 
v -0.00147113 0.00112179 4.5e-05 
v -0.00149741 0.00106235 4.5e-05 
v -0.00150029 0.00105188 4.5e-05 
v -0.00149034 0.00108289 4.5e-05 
v -0.00149409 0.00107269 4.5e-05 
v -0.00147655 0.00111238 4.5e-05 
v -0.00143837 0.00116496 4.5e-05 
v -0.00144564 0.0011569 4.5e-05 
v -0.00148156 0.00110274 4.5e-05 
v -0.00148616 0.00109291 4.5e-05 
v -0.00145913 0.00113989 4.5e-05 
v -0.00145257 0.00114854 4.5e-05 
v -0.00142283 0.00118013 4.5e-05 
v -0.00143076 0.00117271 4.5e-05 
v -0.00140607 0.00119393 4.5e-05 
v -0.00141459 0.00118721 4.5e-05 
v -0.0015006 0.00105053 4.5e-05 
v -0.001124 0.00105053 4.5e-05 
v -0.00150575 0.00015 4.5e-05 
v -0.001124 0.000595 4.5e-05 
v -0.00156148 0.000291862 4.5e-05 
v -0.00152861 0.000436793 4.5e-05 
v -0.0015436 0.000364001 4.5e-05 
v -0.00150736 0.000583876 4.5e-05 
v -0.00151652 0.000510123 4.5e-05 
v -0.00150575 -0.00015 4.5e-05 
v -0.00158221 -0.000220491 4.5e-05 
v -0.00156148 -0.000291862 4.5e-05 
v -0.00150643 0.000595 4.5e-05 
v -0.001124 -0.000375 4.5e-05 
v -0.0015436 -0.000364001 4.5e-05 
v -0.00160575 -0.00015 4.5e-05 
v -0.00158221 0.000220491 4.5e-05 
v -0.00160575 0.00015 4.5e-05 
v -0.001124 -0.000595 4.5e-05 
v -0.00151652 -0.000510123 4.5e-05 
v -0.00150736 -0.000583876 4.5e-05 
v -0.00152861 -0.000436793 4.5e-05 
v -0.00154134 -0.000375 4.5e-05 
v -0.00126464 -0.00105251 4.5e-05 
v -0.00150622 -0.00101987 4.5e-05 
v -0.0015047 -0.00103062 4.5e-05 
v -0.00149034 -0.00108289 4.5e-05 
v -0.00148616 -0.00109291 4.5e-05 
v -0.00150729 -0.00100906 4.5e-05 
v -0.00147113 -0.00112179 4.5e-05 
v -0.00146532 -0.00113097 4.5e-05 
v -0.00148156 -0.00110274 4.5e-05 
v -0.00147655 -0.00111238 4.5e-05 
v -0.00149409 -0.00107269 4.5e-05 
v -0.0015079 -0.000998221 4.5e-05 
v -0.00150775 -0.000976508 4.5e-05 
v -0.00150805 -0.000987363 4.5e-05 
v -0.00145257 -0.00114854 4.5e-05 
v -0.00144564 -0.0011569 4.5e-05 
v -0.00145913 -0.00113989 4.5e-05 
v -0.00150272 -0.0010413 4.5e-05 
v -0.00150029 -0.00105188 4.5e-05 
v -0.00143837 -0.00116496 4.5e-05 
v -0.00149741 -0.00106235 4.5e-05 
v -0.00150698 -0.000965675 4.5e-05 
v -0.00142283 -0.00118013 4.5e-05 
v -0.00141459 -0.00118721 4.5e-05 
v -0.00143076 -0.00117271 4.5e-05 
v -0.00150575 -0.000954885 4.5e-05 
v -0.00150017 -0.000880775 4.5e-05 
v -0.00149754 -0.000806502 4.5e-05 
v -0.00149786 -0.000732183 4.5e-05 
v -0.00150643 -0.000595 4.5e-05 
v -0.00150114 -0.000657935 4.5e-05 
v -0.00140607 -0.00119393 4.5e-05 
v -0.001124 -0.00119316 4.5e-05 
v -0.00108428 -0.00123288 4.5e-05 
v -0.001124 -0.00133613 4.5e-05 
v -0.0011569 -0.00144564 4.5e-05 
v -0.00114854 -0.00145257 4.5e-05 
v -0.00117271 -0.00143076 4.5e-05 
v -0.00116496 -0.00143837 4.5e-05 
v -0.00113989 -0.00145913 4.5e-05 
v -0.00118721 -0.00141459 4.5e-05 
v -0.00118013 -0.00142283 4.5e-05 
v -0.00113097 -0.00146532 4.5e-05 
v -0.00119393 -0.00140607 4.5e-05 
v -0.00105251 -0.00126464 4.5e-05 
v -0.00100906 -0.00150729 4.5e-05 
v -0.000998221 -0.0015079 4.5e-05 
v -0.00101987 -0.00150622 4.5e-05 
v -0.00105188 -0.00150029 4.5e-05 
v -0.0010413 -0.00150272 4.5e-05 
v -0.00110274 -0.00148156 4.5e-05 
v -0.00109291 -0.00148616 4.5e-05 
v -0.00112179 -0.00147113 4.5e-05 
v -0.00103062 -0.0015047 4.5e-05 
v -0.00106235 -0.00149741 4.5e-05 
v -0.00108289 -0.00149034 4.5e-05 
v -0.00107269 -0.00149409 4.5e-05 
v -0.00111238 -0.00147655 4.5e-05 
v -0.001124 -0.00146973 4.5e-05 
v -0.000987363 -0.00150805 4.5e-05 
v -0.000976508 -0.00150775 4.5e-05 
v -0.000954885 -0.00150575 4.5e-05 
v -0.000965675 -0.00150698 4.5e-05 
v -0.000880775 -0.00150017 4.5e-05 
v -0.000732183 -0.00149786 4.5e-05 
v -0.000657935 -0.00150114 4.5e-05 
v -0.000583876 -0.00150736 4.5e-05 
v -0.000832135 -0.00149845 4.5e-05 
v -0.000806502 -0.00149754 4.5e-05 
v -0.000436793 -0.00152861 4.5e-05 
v -0.000364001 -0.0015436 4.5e-05 
v -0.000510123 -0.00151652 4.5e-05 
v -0.000291862 -0.00156148 4.5e-05 
v -0.00029 -0.00156202 4.5e-05 
v -0.000220491 -0.00158221 4.5e-05 
v 0.00015 -0.00150575 4.5e-05 
v 0.000220491 -0.00158221 4.5e-05 
v -0.00015 -0.00150575 4.5e-05 
v 0.00015 -0.00160575 4.5e-05 
v -0.00015 -0.00160575 4.5e-05 
v 0.00029 -0.00156202 4.5e-05 
v 0.000291862 -0.00156148 4.5e-05 
v 0.000436793 -0.00152861 4.5e-05 
v 0.000364001 -0.0015436 4.5e-05 
v 0.000657935 -0.00150114 4.5e-05 
v 0.000732183 -0.00149786 4.5e-05 
v 0.000583876 -0.00150736 4.5e-05 
v 0.000510123 -0.00151652 4.5e-05 
v 0.000806502 -0.00149754 4.5e-05 
v 0.00105251 -0.00126464 4.5e-05 
v 0.00108289 -0.00149034 4.5e-05 
v 0.00109291 -0.00148616 4.5e-05 
v 0.00103062 -0.0015047 4.5e-05 
v 0.0010413 -0.00150272 4.5e-05 
v 0.000998221 -0.0015079 4.5e-05 
v 0.00100906 -0.00150729 4.5e-05 
v 0.00116496 -0.00143837 4.5e-05 
v 0.00117271 -0.00143076 4.5e-05 
v 0.00113989 -0.00145913 4.5e-05 
v 0.00114854 -0.00145257 4.5e-05 
v 0.00112179 -0.00147113 4.5e-05 
v 0.00113097 -0.00146532 4.5e-05 
v 0.00107269 -0.00149409 4.5e-05 
v 0.00105188 -0.00150029 4.5e-05 
v 0.00106235 -0.00149741 4.5e-05 
v 0.00101987 -0.00150622 4.5e-05 
v 0.000987363 -0.00150805 4.5e-05 
v 0.000965675 -0.00150698 4.5e-05 
v 0.000976508 -0.00150775 4.5e-05 
v 0.0011569 -0.00144564 4.5e-05 
v 0.00110274 -0.00148156 4.5e-05 
v 0.00111238 -0.00147655 4.5e-05 
v 0.000954885 -0.00150575 4.5e-05 
v 0.00118013 -0.00142283 4.5e-05 
v 0.00118721 -0.00141459 4.5e-05 
v 0.000880775 -0.00150017 4.5e-05 
v 0.000832135 -0.00149845 4.5e-05 
v 0.00119393 -0.00140607 4.5e-05 
v 0.00126464 -0.00105251 4.5e-05 
v 0.00144564 -0.0011569 4.5e-05 
v 0.00145257 -0.00114854 4.5e-05 
v 0.00141459 -0.00118721 4.5e-05 
v 0.00142283 -0.00118013 4.5e-05 
v 0.00143837 -0.00116496 4.5e-05 
v 0.00143076 -0.00117271 4.5e-05 
v 0.00148616 -0.00109291 4.5e-05 
v 0.00149034 -0.00108289 4.5e-05 
v 0.00147655 -0.00111238 4.5e-05 
v 0.00148156 -0.00110274 4.5e-05 
v 0.00150622 -0.00101987 4.5e-05 
v 0.00150729 -0.00100906 4.5e-05 
v 0.00149409 -0.00107269 4.5e-05 
v 0.00147113 -0.00112179 4.5e-05 
v 0.00145913 -0.00113989 4.5e-05 
v 0.00146532 -0.00113097 4.5e-05 
v 0.00140607 -0.00119393 4.5e-05 
v 0.0015079 -0.000998221 4.5e-05 
v 0.00150805 -0.000987363 4.5e-05 
v 0.0015047 -0.00103062 4.5e-05 
v 0.00150029 -0.00105188 4.5e-05 
v 0.00150272 -0.0010413 4.5e-05 
v 0.00149741 -0.00106235 4.5e-05 
v 0.00150775 -0.000976508 4.5e-05 
v 0.00150698 -0.000965675 4.5e-05 
v 0.00150575 -0.000954885 4.5e-05 
v 0.00150017 -0.000880775 4.5e-05 
v 0.00149786 -0.000732183 4.5e-05 
v 0.00150114 -0.000657935 4.5e-05 
v 0.00149754 -0.000806502 4.5e-05 
v 0.000832135 -0.000595 4.5e-05 
v 0.00108428 -0.00123288 4.5e-05 
v 0.00150643 -0.000595 4.5e-05 
v 0.001134 0.00086 4.5e-05 
v 0.00150622 0.00101987 4.5e-05 
v 0.0015047 0.00103062 4.5e-05 
v 0.00150805 0.000987363 4.5e-05 
v 0.0015079 0.000998221 4.5e-05 
v 0.00150272 0.0010413 4.5e-05 
v 0.00150729 0.00100906 4.5e-05 
v 0.00150698 0.000965675 4.5e-05 
v 0.00150775 0.000976508 4.5e-05 
v 0.00150575 0.000954885 4.5e-05 
v 0.00150017 0.000880775 4.5e-05 
v 0.001134 0.00069 4.5e-05 
v 0.00149786 0.000732183 4.5e-05 
v 0.00149754 0.000806502 4.5e-05 
v 0.00150114 0.000657935 4.5e-05 
v 0.00150643 0.000595 4.5e-05 
v 0.000832135 0.00105053 4.5e-05 
v 0.000934 0.00086 4.5e-05 
v 0.0015006 0.00105053 4.5e-05 
v 0.000934 0.00069 4.5e-05 
v 0.00105251 0.00126464 4.5e-05 
v 0.00103062 0.0015047 4.5e-05 
v 0.00101987 0.00150622 4.5e-05 
v 0.00105188 0.00150029 4.5e-05 
v 0.0010413 0.00150272 4.5e-05 
v 0.00100906 0.00150729 4.5e-05 
v 0.000998221 0.0015079 4.5e-05 
v 0.00110274 0.00148156 4.5e-05 
v 0.00109291 0.00148616 4.5e-05 
v 0.000987363 0.00150805 4.5e-05 
v 0.000976508 0.00150775 4.5e-05 
v 0.00111238 0.00147655 4.5e-05 
v 0.00126464 0.00105251 4.5e-05 
v 0.00144564 0.0011569 4.5e-05 
v 0.00143837 0.00116496 4.5e-05 
v 0.00107269 0.00149409 4.5e-05 
v 0.00106235 0.00149741 4.5e-05 
v 0.00108289 0.00149034 4.5e-05 
v 0.00113097 0.00146532 4.5e-05 
v 0.00112179 0.00147113 4.5e-05 
v 0.00145257 0.00114854 4.5e-05 
v 0.00148156 0.00110274 4.5e-05 
v 0.00147655 0.00111238 4.5e-05 
v 0.00114854 0.00145257 4.5e-05 
v 0.00113989 0.00145913 4.5e-05 
v 0.00117271 0.00143076 4.5e-05 
v 0.00116496 0.00143837 4.5e-05 
v 0.00118721 0.00141459 4.5e-05 
v 0.00118013 0.00142283 4.5e-05 
v 0.00145913 0.00113989 4.5e-05 
v 0.00147113 0.00112179 4.5e-05 
v 0.00146532 0.00113097 4.5e-05 
v 0.00148616 0.00109291 4.5e-05 
v 0.00149409 0.00107269 4.5e-05 
v 0.00149034 0.00108289 4.5e-05 
v 0.0011569 0.00144564 4.5e-05 
v 0.00119393 0.00140607 4.5e-05 
v 0.00143076 0.00117271 4.5e-05 
v 0.00142283 0.00118013 4.5e-05 
v 0.00150029 0.00105188 4.5e-05 
v 0.00149741 0.00106235 4.5e-05 
v 0.000880775 0.00150017 4.5e-05 
v 0.000965675 0.00150698 4.5e-05 
v 0.000954885 0.00150575 4.5e-05 
v 0.00141459 0.00118721 4.5e-05 
v 0.00140607 0.00119393 4.5e-05 
v 0.000537882 0.00130278 4.5e-05 
v 0.000536301 0.00130685 4.5e-05 
v 0.000530135 0.00151404 4.5e-05 
v 0.00055956 0.00141176 4.5e-05 
v 0.000562711 0.00141478 4.5e-05 
v 0.000541569 0.00138722 4.5e-05 
v 0.000543668 0.00139105 4.5e-05 
v 0.000536301 0.00137525 4.5e-05 
v 0.000537882 0.00137932 4.5e-05 
v 0.00053027 0.00134105 4.5e-05 
v 0.00053964 0.00129879 4.5e-05 
v 0.000545931 0.00128732 4.5e-05 
v 0.000543668 0.00129105 4.5e-05 
v 0.000732183 0.00149786 4.5e-05 
v 0.000657935 0.00150114 4.5e-05 
v 0.000664472 0.00143502 4.5e-05 
v 0.000565992 0.00141765 4.5e-05 
v 0.000569394 0.00142039 4.5e-05 
v 0.000556543 0.00140861 4.5e-05 
v 0.000545931 0.00139478 4.5e-05 
v 0.00053964 0.00138331 4.5e-05 
v 0.000532641 0.00136269 4.5e-05 
v 0.000533678 0.00136693 4.5e-05 
v 0.000530365 0.00134541 4.5e-05 
v 0.000541569 0.00129488 4.5e-05 
v 0.000548355 0.00128369 4.5e-05 
v 0.000556543 0.00127349 4.5e-05 
v 0.000553666 0.00127677 4.5e-05 
v 0.000565992 0.00126445 4.5e-05 
v 0.000562711 0.00126732 4.5e-05 
v 0.000694549 0.00126445 4.5e-05 
v 0.000691146 0.00126171 4.5e-05 
v 0.000668539 0.00143344 4.5e-05 
v 0.000572913 0.00142297 4.5e-05 
v 0.000553666 0.00140533 4.5e-05 
v 0.000548355 0.00139841 4.5e-05 
v 0.000550935 0.00140193 4.5e-05 
v 0.000534899 0.00137112 4.5e-05 
v 0.000530651 0.00134977 4.5e-05 
v 0.000550935 0.00128017 4.5e-05 
v 0.000569394 0.00126171 4.5e-05 
v 0.000697829 0.00126732 4.5e-05 
v 0.000703998 0.00127349 4.5e-05 
v 0.000700981 0.00127034 4.5e-05 
v 0.000832135 0.00149845 4.5e-05 
v 0.000725642 0.00137112 4.5e-05 
v 0.000726863 0.00136693 4.5e-05 
v 0.000722658 0.00137932 4.5e-05 
v 0.00072424 0.00137525 4.5e-05 
v 0.000660341 0.00143642 4.5e-05 
v 0.000592002 0.00143344 4.5e-05 
v 0.000596068 0.00143502 4.5e-05 
v 0.000583876 0.00150736 4.5e-05 
v 0.00053179 0.00135841 4.5e-05 
v 0.000531126 0.0013541 4.5e-05 
v 0.00053179 0.00132369 4.5e-05 
v 0.000531126 0.001328 4.5e-05 
v 0.000534899 0.00131098 4.5e-05 
v 0.000533678 0.00131517 4.5e-05 
v 0.00055956 0.00127034 4.5e-05 
v 0.00058027 0.00125445 4.5e-05 
v 0.00057654 0.00125671 4.5e-05 
v 0.000596068 0.00124708 4.5e-05 
v 0.000592002 0.00124866 4.5e-05 
v 0.000709606 0.00128017 4.5e-05 
v 0.000706875 0.00127677 4.5e-05 
v 0.000714609 0.00128732 4.5e-05 
v 0.000712185 0.00128369 4.5e-05 
v 0.000718971 0.00129488 4.5e-05 
v 0.000716873 0.00129105 4.5e-05 
v 0.000722658 0.00130278 4.5e-05 
v 0.000720901 0.00129879 4.5e-05 
v 0.0007279 0.00131941 4.5e-05 
v 0.000726863 0.00131517 4.5e-05 
v 0.000718971 0.00138722 4.5e-05 
v 0.000720901 0.00138331 4.5e-05 
v 0.000672532 0.00143168 4.5e-05 
v 0.000676445 0.00142975 4.5e-05 
v 0.000656152 0.00143764 4.5e-05 
v 0.000647635 0.00143953 4.5e-05 
v 0.000651914 0.00143868 4.5e-05 
v 0.000638986 0.00144067 4.5e-05 
v 0.000643323 0.00144019 4.5e-05 
v 0.000625908 0.00144095 4.5e-05 
v 0.000588008 0.00143168 4.5e-05 
v 0.000530651 0.00133233 4.5e-05 
v 0.000532641 0.00131941 4.5e-05 
v 0.000572913 0.00125913 4.5e-05 
v 0.000588008 0.00125042 4.5e-05 
v 0.000584095 0.00125235 4.5e-05 
v 0.0006002 0.00124568 4.5e-05 
v 0.000612905 0.00124257 4.5e-05 
v 0.000608626 0.00124342 4.5e-05 
v 0.000621555 0.00124143 4.5e-05 
v 0.000617218 0.00124191 4.5e-05 
v 0.000643323 0.00124191 4.5e-05 
v 0.000668539 0.00124866 4.5e-05 
v 0.000664472 0.00124708 4.5e-05 
v 0.00068027 0.00125445 4.5e-05 
v 0.000676445 0.00125235 4.5e-05 
v 0.00072424 0.00130685 4.5e-05 
v 0.000725642 0.00131098 4.5e-05 
v 0.00072989 0.00134977 4.5e-05 
v 0.000730175 0.00134541 4.5e-05 
v 0.000728751 0.00135841 4.5e-05 
v 0.000729415 0.0013541 4.5e-05 
v 0.0007279 0.00136269 4.5e-05 
v 0.000716873 0.00139105 4.5e-05 
v 0.000709606 0.00140193 4.5e-05 
v 0.000712185 0.00139841 4.5e-05 
v 0.000806502 0.00149754 4.5e-05 
v 0.000694549 0.00141765 4.5e-05 
v 0.00063027 0.00144105 4.5e-05 
v 0.000634632 0.00144095 4.5e-05 
v 0.000621555 0.00144067 4.5e-05 
v 0.000612905 0.00143953 4.5e-05 
v 0.000617218 0.00144019 4.5e-05 
v 0.000604388 0.00143764 4.5e-05 
v 0.000608626 0.00143868 4.5e-05 
v 0.00058027 0.00142765 4.5e-05 
v 0.000584095 0.00142975 4.5e-05 
v 0.000530365 0.00133669 4.5e-05 
v 0.000604388 0.00124446 4.5e-05 
v 0.000647635 0.00124257 4.5e-05 
v 0.000656152 0.00124446 4.5e-05 
v 0.000651914 0.00124342 4.5e-05 
v 0.000660341 0.00124568 4.5e-05 
v 0.000672532 0.00125042 4.5e-05 
v 0.00072989 0.00133233 4.5e-05 
v 0.000714609 0.00139478 4.5e-05 
v 0.000703998 0.00140861 4.5e-05 
v 0.000706875 0.00140533 4.5e-05 
v 0.000687628 0.00142297 4.5e-05 
v 0.000691146 0.00142039 4.5e-05 
v 0.0006002 0.00143642 4.5e-05 
v 0.00057654 0.00142539 4.5e-05 
v 0.00063027 0.00124105 4.5e-05 
v 0.000625908 0.00124115 4.5e-05 
v 0.000638986 0.00124143 4.5e-05 
v 0.000634632 0.00124115 4.5e-05 
v 0.000729415 0.001328 4.5e-05 
v 0.00073027 0.00134105 4.5e-05 
v 0.000730175 0.00133669 4.5e-05 
v 0.000697829 0.00141478 4.5e-05 
v 0.000700981 0.00141176 4.5e-05 
v 0.000728751 0.00132369 4.5e-05 
v 0.00068027 0.00142765 4.5e-05 
v 0.000684 0.00142539 4.5e-05 
v 0.000687628 0.00125913 4.5e-05 
v 0.000684 0.00125671 4.5e-05 
v 0.000510123 0.00151652 4.5e-05 
v 0.000436793 0.00152861 4.5e-05 
v 0.000364001 0.0015436 4.5e-05 
v 0.000291862 0.00156148 4.5e-05 
v 0.000220491 0.00158221 4.5e-05 
v 0.00015 0.00160575 4.5e-05 
v 0.00015 0.00150575 4.5e-05 
v -0.000220491 0.00158221 4.5e-05 
v -0.00015 0.00150575 4.5e-05 
v 0.00029 0.00156202 4.5e-05 
v -0.00015 0.00160575 4.5e-05 
v 0.000530135 0.0005 4.5e-05 
v 0.000832135 0.0005 4.5e-05 
v 0.001114 0.0005 4.5e-05 
v 0.00156148 0.000291862 4.5e-05 
v 0.0015436 0.000364001 4.5e-05 
v 0.00152861 0.000436793 4.5e-05 
v 0.00150575 0.00015 4.5e-05 
v 0.00158221 0.000220491 4.5e-05 
v 0.00151652 0.000510123 4.5e-05 
v 0.00150575 -0.00015 4.5e-05 
v 0.001114 -0.000375 4.5e-05 
v 0.00156148 -0.000291862 4.5e-05 
v 0.00150736 0.000583876 4.5e-05 
v 0.00158221 -0.000220491 4.5e-05 
v 0.00154134 -0.000375 4.5e-05 
v 0.0015436 -0.000364001 4.5e-05 
v 0.00160575 0.00015 4.5e-05 
v 0.00160575 -0.00015 4.5e-05 
v 0.001114 -0.0005 4.5e-05 
v 0.00151652 -0.000510123 4.5e-05 
v 0.00152861 -0.000436793 4.5e-05 
v 0.00150736 -0.000583876 4.5e-05 
v 0.000530135 -0.0005 4.5e-05 
v 0.00053 -0.0005 4.5e-05 
v 0.00053 0.0005 4.5e-05 
v 0.00053 -0.000375 4.5e-05 
v -0.000832135 -0.0005 4.5e-05 
v -0.001114 -0.0005 4.5e-05 
v -0.001114 0.0005 4.5e-05 
v -0.001114 -0.000375 4.5e-05 
v -0.000832135 0.0005 4.5e-05 
v -0.000530135 0.0005 4.5e-05 
v -0.00053 0.0005 4.5e-05 
v -0.00053 -0.0005 4.5e-05 
v -0.00053 -0.000375 4.5e-05 
v -0.001134 0.00086 4.5e-05 
v -0.0015079 0.000998221 4.5e-05 
v -0.00150805 0.000987363 4.5e-05 
v -0.00150775 0.000976508 4.5e-05 
v -0.00150698 0.000965675 4.5e-05 
v -0.00150729 0.00100906 4.5e-05 
v -0.0015047 0.00103062 4.5e-05 
v -0.00150622 0.00101987 4.5e-05 
v -0.00150272 0.0010413 4.5e-05 
v -0.001134 0.00069 4.5e-05 
v -0.00149754 0.000806502 4.5e-05 
v -0.00149786 0.000732183 4.5e-05 
v -0.00150114 0.000657935 4.5e-05 
v -0.00150017 0.000880775 4.5e-05 
v -0.00150575 0.000954885 4.5e-05 
v -0.001124 0.00069 4.5e-05 
v -0.000934 0.00086 4.5e-05 
v -0.001124 0.00086 4.5e-05 
v -0.000934 0.00069 4.5e-05 
v -0.000530135 -0.0005 4.5e-05 
v 0.000832135 -0.0005 4.5e-05 
v -0.00119393 0.00140607 4.5e-05 
v 8.5e-05 7e-05 4.5e-05 
vn 0 0 1 
vn 0 0 1 
vn 0 0 1 
vn 0 0 1 
vn 0 0 1 
vn 0 0 1 
vn 0 0 1 
vn 0 0 1 
vn 0 0 1 
vn 0 0 1 
vn 0 0 1 
vn 0 0 1 
vn 0 0 1 
vn 0 0 1 
vn 0 0 1 
vn 0 0 1 
vn 0 0 1 
vn 0 0 1 
vn 0 0 1 
vn 0 0 1 
vn 0 0 1 
vn 0 0 1 
vn 0 0 1 
vn 0 0 1 
vn 0 0 1 
vn 0 0 1 
vn 0 0 1 
vn 0 0 1 
vn 0 0 1 
vn 0 0 1 
vn 0 0 1 
vn 0 0 1 
vn 0 0 1 
vn 0 0 1 
vn 0 0 1 
vn 0 0 1 
vn 0 0 1 
vn 0 0 1 
vn 0 0 1 
vn 0 0 1 
vn 0 0 1 
vn 0 0 1 
vn 0 0 1 
vn 0 0 1 
vn 0 0 1 
vn 0 0 1 
vn 0 0 1 
vn 0 0 1 
vn 0 0 1 
vn 0 0 1 
vn 0 0 1 
vn 0 0 1 
vn 0 0 1 
vn 0 0 1 
vn 0 0 1 
vn 0 0 1 
vn 0 0 1 
vn 0 0 1 
vn 0 0 1 
vn 0 0 1 
vn 0 0 1 
vn 0 0 1 
vn 0 0 1 
vn 0 0 1 
vn 0 0 1 
vn 0 0 1 
vn 0 0 1 
vn 0 0 1 
vn 0 0 1 
vn 0 0 1 
vn 0 0 1 
vn 0 0 1 
vn 0 0 1 
vn 0 0 1 
vn 0 0 1 
vn 0 0 1 
vn 0 0 1 
vn 0 0 1 
vn 0 0 1 
vn 0 0 1 
vn 0 0 1 
vn 0 0 1 
vn 0 0 1 
vn 0 0 1 
vn 0 0 1 
vn 0 0 1 
vn 0 0 1 
vn 0 0 1 
vn 0 0 1 
vn 0 0 1 
vn 0 0 1 
vn 0 0 1 
vn 0 0 1 
vn 0 0 1 
vn 0 0 1 
vn 0 0 1 
vn 0 0 1 
vn 0 0 1 
vn 0 0 1 
vn 0 0 1 
vn 0 0 1 
vn 0 0 1 
vn 0 0 1 
vn 0 0 1 
vn 0 0 1 
vn 0 0 1 
vn 0 0 1 
vn 0 0 1 
vn 0 0 1 
vn 0 0 1 
vn 0 0 1 
vn 0 0 1 
vn 0 0 1 
vn 0 0 1 
vn 0 0 1 
vn 0 0 1 
vn 0 0 1 
vn 0 0 1 
vn 0 0 1 
vn 0 0 1 
vn 0 0 1 
vn 0 0 1 
vn 0 0 1 
vn 0 0 1 
vn 0 0 1 
vn 0 0 1 
vn 0 0 1 
vn 0 0 1 
vn 0 0 1 
vn 0 0 1 
vn 0 0 1 
vn 0 0 1 
vn 0 0 1 
vn 0 0 1 
vn 0 0 1 
vn 0 0 1 
vn 0 0 1 
vn 0 0 1 
vn 0 0 1 
vn 0 0 1 
vn 0 0 1 
vn 0 0 1 
vn 0 0 1 
vn 0 0 1 
vn 0 0 1 
vn 0 0 1 
vn 0 0 1 
vn 0 0 1 
vn 0 0 1 
vn 0 0 1 
vn 0 0 1 
vn 0 0 1 
vn 0 0 1 
vn 0 0 1 
vn 0 0 1 
vn 0 0 1 
vn 0 0 1 
vn 0 0 1 
vn 0 0 1 
vn 0 0 1 
vn 0 0 1 
vn 0 0 1 
vn 0 0 1 
vn 0 0 1 
vn 0 0 1 
vn 0 0 1 
vn 0 0 1 
vn 0 0 1 
vn 0 0 1 
vn 0 0 1 
vn 0 0 1 
vn 0 0 1 
vn 0 0 1 
vn 0 0 1 
vn 0 0 1 
vn 0 0 1 
vn 0 0 1 
vn 0 0 1 
vn 0 0 1 
vn 0 0 1 
vn 0 0 1 
vn 0 0 1 
vn 0 0 1 
vn 0 0 1 
vn 0 0 1 
vn 0 0 1 
vn 0 0 1 
vn 0 0 1 
vn 0 0 1 
vn 0 0 1 
vn 0 0 1 
vn 0 0 1 
vn 0 0 1 
vn 0 0 1 
vn 0 0 1 
vn 0 0 1 
vn 0 0 1 
vn 0 0 1 
vn 0 0 1 
vn 0 0 1 
vn 0 0 1 
vn 0 0 1 
vn 0 0 1 
vn 0 0 1 
vn 0 0 1 
vn 0 0 1 
vn 0 0 1 
vn 0 0 1 
vn 0 0 1 
vn 0 0 1 
vn 0 0 1 
vn 0 0 1 
vn 0 0 1 
vn 0 0 1 
vn 0 0 1 
vn 0 0 1 
vn 0 0 1 
vn 0 0 1 
vn 0 0 1 
vn 0 0 1 
vn 0 0 1 
vn 0 0 1 
vn 0 0 1 
vn 0 0 1 
vn 0 0 1 
vn 0 0 1 
vn 0 0 1 
vn 0 0 1 
vn 0 0 1 
vn 0 0 1 
vn 0 0 1 
vn 0 0 1 
vn 0 0 1 
vn 0 0 1 
vn 0 0 1 
vn 0 0 1 
vn 0 0 1 
vn 0 0 1 
vn 0 0 1 
vn 0 0 1 
vn 0 0 1 
vn 0 0 1 
vn 0 0 1 
vn 0 0 1 
vn 0 0 1 
vn 0 0 1 
vn 0 0 1 
vn 0 0 1 
vn 0 0 1 
vn 0 0 1 
vn 0 0 1 
vn 0 0 1 
vn 0 0 1 
vn 0 0 1 
vn 0 0 1 
vn 0 0 1 
vn 0 0 1 
vn 0 0 1 
vn 0 0 1 
vn 0 0 1 
vn 0 0 1 
vn 0 0 1 
vn 0 0 1 
vn 0 0 1 
vn 0 0 1 
vn 0 0 1 
vn 0 0 1 
vn 0 0 1 
vn 0 0 1 
vn 0 0 1 
vn 0 0 1 
vn 0 0 1 
vn 0 0 1 
vn 0 0 1 
vn 0 0 1 
vn 0 0 1 
vn 0 0 1 
vn 0 0 1 
vn 0 0 1 
vn 0 0 1 
vn 0 0 1 
vn 0 0 1 
vn 0 0 1 
vn 0 0 1 
vn 0 0 1 
vn 0 0 1 
vn 0 0 1 
vn 0 0 1 
vn 0 0 1 
vn 0 0 1 
vn 0 0 1 
vn 0 0 1 
vn 0 0 1 
vn 0 0 1 
vn 0 0 1 
vn 0 0 1 
vn 0 0 1 
vn 0 0 1 
vn 0 0 1 
vn 0 0 1 
vn 0 0 1 
vn 0 0 1 
vn 0 0 1 
vn 0 0 1 
vn 0 0 1 
vn 0 0 1 
vn 0 0 1 
vn 0 0 1 
vn 0 0 1 
vn 0 0 1 
vn 0 0 1 
vn 0 0 1 
vn 0 0 1 
vn 0 0 1 
vn 0 0 1 
vn 0 0 1 
vn 0 0 1 
vn 0 0 1 
vn 0 0 1 
vn 0 0 1 
vn 0 0 1 
vn 0 0 1 
vn 0 0 1 
vn 0 0 1 
vn 0 0 1 
vn 0 0 1 
vn 0 0 1 
vn 0 0 1 
vn 0 0 1 
vn 0 0 1 
vn 0 0 1 
vn 0 0 1 
vn 0 0 1 
vn 0 0 1 
vn 0 0 1 
vn 0 0 1 
vn 0 0 1 
vn 0 0 1 
vn 0 0 1 
vn 0 0 1 
vn 0 0 1 
vn 0 0 1 
vn 0 0 1 
vn 0 0 1 
vn 0 0 1 
vn 0 0 1 
vn 0 0 1 
vn 0 0 1 
vn 0 0 1 
vn 0 0 1 
vn 0 0 1 
vn 0 0 1 
vn 0 0 1 
vn 0 0 1 
vn 0 0 1 
vn 0 0 1 
vn 0 0 1 
vn 0 0 1 
vn 0 0 1 
vn 0 0 1 
vn 0 0 1 
vn 0 0 1 
vn 0 0 1 
vn 0 0 1 
vn 0 0 1 
vn 0 0 1 
vn 0 0 1 
vn 0 0 1 
vn 0 0 1 
vn 0 0 1 
vn 0 0 1 
vn 0 0 1 
vn 0 0 1 
vn 0 0 1 
vn 0 0 1 
vn 0 0 1 
vn 0 0 1 
vn 0 0 1 
vn 0 0 1 
vn 0 0 1 
vn 0 0 1 
vn 0 0 1 
vn 0 0 1 
vn 0 0 1 
vn 0 0 1 
vn 0 0 1 
vn 0 0 1 
vn 0 0 1 
vn 0 0 1 
vn 0 0 1 
vn 0 0 1 
vn 0 0 1 
vn 0 0 1 
vn 0 0 1 
vn 0 0 1 
vn 0 0 1 
vn 0 0 1 
vn 0 0 1 
vn 0 0 1 
vn 0 0 1 
vn 0 0 1 
vn 0 0 1 
vn 0 0 1 
vn 0 0 1 
vn 0 0 1 
vn 0 0 1 
vn 0 0 1 
vn 0 0 1 
vn 0 0 1 
vn 0 0 1 
vn 0 0 1 
vn 0 0 1 
vn 0 0 1 
vn 0 0 1 
vn 0 0 1 
vn 0 0 1 
vn 0 0 1 
vn 0 0 1 
vn 0 0 1 
vn 0 0 1 
vn 0 0 1 
vn 0 0 1 
vn 0 0 1 
vn 0 0 1 
vn 0 0 1 
vn 0 0 1 
vn 0 0 1 
vn 0 0 1 
vn 0 0 1 
vn 0 0 1 
vn 0 0 1 
vn 0 0 1 
vn 0 0 1 
vn 0 0 1 
vn 0 0 1 
vn 0 0 1 
vn 0 0 1 
vn 0 0 1 
vn 0 0 1 
vn 0 0 1 
vn 0 0 1 
vn 0 0 1 
vn 0 0 1 
vn 0 0 1 
vn 0 0 1 
vn 0 0 1 
vn 0 0 1 
vn 0 0 1 
vn 0 0 1 
vn 0 0 1 
vn 0 0 1 
vn 0 0 1 
vn 0 0 1 
vn 0 0 1 
vn 0 0 1 
vn 0 0 1 
vn 0 0 1 
vn 0 0 1 
vn 0 0 1 
vn 0 0 1 
vn 0 0 1 
vn 0 0 1 
vn 0 0 1 
vn 0 0 1 
vn 0 0 1 
vn 0 0 1 
vn 0 0 1 
vn 0 0 1 
vn 0 0 1 
vn 0 0 1 
vn 0 0 1 
vn 0 0 1 
vn 0 0 1 
vn 0 0 1 
vn 0 0 1 
vn 0 0 1 
vn 0 0 1 
vn 0 0 1 
vn 0 0 1 
vn 0 0 1 
vn 0 0 1 
vn 0 0 1 
vn 0 0 1 
vn 0 0 1 
vn 0 0 1 
vn 0 0 1 
vn 0 0 1 
vn 0 0 1 
vn 0 0 1 
vn 0 0 1 
vn 0 0 1 
vn 0 0 1 
vn 0 0 1 
vn 0 0 1 
vn 0 0 1 
vn 0 0 1 
vn 0 0 1 
vn 0 0 1 
vn 0 0 1 
vn 0 0 1 
vn 0 0 1 
vn 0 0 1 
vn 0 0 1 
vn 0 0 1 
vn 0 0 1 
vn 0 0 1 
vn 0 0 1 
vn 0 0 1 
vn 0 0 1 
vn 0 0 1 
vn 0 0 1 
vn 0 0 1 
vn 0 0 1 
vn 0 0 1 
vn 0 0 1 
vn 0 0 1 
vn 0 0 1 
vn 0 0 1 
vn 0 0 1 
vn 0 0 1 
vn 0 0 1 
vn 0 0 1 
vn 0 0 1 
vn 0 0 1 
vn 0 0 1 
vn 0 0 1 
vn 0 0 1 
vn 0 0 1 
vn 0 0 1 
vn 0 0 1 
vn 0 0 1 
vn 0 0 1 
vn 0 0 1 
vn 0 0 1 
vn 0 0 1 
vn 0 0 1 
vn 0 0 1 
vn 0 0 1 
vn 0 0 1 
vn 0 0 1 
vn 0 0 1 
vn 0 0 1 
vn 0 0 1 
vn 0 0 1 
vn 0 0 1 
vn 0 0 1 
vn 0 0 1 
vn 0 0 1 
vn 0 0 1 
vn 0 0 1 
vn 0 0 1 
vn 0 0 1 
vn 0 0 1 
vn 0 0 1 
vn 0 0 1 
vn 0 0 1 
vn 0 0 1 
vn 0 0 1 
vn 0 0 1 
vn 0 0 1 
vn 0 0 1 
vn 0 0 1 
vn 0 0 1 
vn 0 0 1 
vn 0 0 1 
vn 0 0 1 
vn 0 0 1 
vn 0 0 1 
vn 0 0 1 
vn 0 0 1 
vn 0 0 1 
vn 0 0 1 
vn 0 0 1 
vn 0 0 1 
vn 0 0 1 
vn 0 0 1 
vn 0 0 1 
vn 0 0 1 
vn 0 0 1 
vn 0 0 1 
vn 0 0 1 
vn 0 0 1 
vn 0 0 1 
vn 0 0 1 
vn 0 0 1 
vn 0 0 1 
vn 0 0 1 
vn 0 0 1 
vn 0 0 1 
vn 0 0 1 
vn 0 0 1 
vn 0 0 1 
vn 0 0 1 
vn 0 0 1 
vn 0 0 1 
vn 0 0 1 
vn 0 0 1 
vn 0 0 1 
vn 0 0 1 
vn 0 0 1 
vn 0 0 1 
vn 0 0 1 
vn 0 0 1 
vn 0 0 1 
vn 0 0 1 
vn 0 0 1 
vn 0 0 1 
vn 0 0 1 
vn 0 0 1 
vn 0 0 1 
vn 0 0 1 
vn 0 0 1 
vn 0 0 1 
vn 0 0 1 
vn 0 0 1 
vn 0 0 1 
vn 0 0 1 
vn 0 0 1 
vn 0 0 1 
vn 0 0 1 
vn 0 0 1 
vn 0 0 1 
vn 0 0 1 
vn 0 0 1 
vn 0 0 1 
vn 0 0 1 
vn 0 0 1 
vn 0 0 1 
vn 0 0 1 
vn 0 0 1 
vn 0 0 1 
vn 0 0 1 
vn 0 0 1 
vn 0 0 1 
vn 0 0 1 
vn 0 0 1 
vn 0 0 1 
vn 0 0 1 
vn 0 0 1 
vn 0 0 1 
vn 0 0 1 
vn 0 0 1 
vn 0 0 1 
vn 0 0 1 
vn 0 0 1 
vn 0 0 1 
vn 0 0 1 
vn 0 0 1 
vn 0 0 1 
vn 0 0 1 
vn 0 0 1 
vn 0 0 1 
vn 0 0 1 
vn 0 0 1 
vn 0 0 1 
vn 0 0 1 
vn 0 0 1 
vn 0 0 1 
vn 0 0 1 
vn 0 0 1 
vn 0 0 1 
vn 0 0 1 
vn 0 0 1 
vn 0 0 1 
vn 0 0 1 
vn 0 0 1 
vn 0 0 1 
vn 0 0 1 
vn 0 0 1 
vn 0 0 1 
vn 0 0 1 
vn 0 0 1 
vn 0 0 1 
vn 0 0 1 
vn 0 0 1 
vn 0 0 1 
vn 0 0 1 
vn 0 0 1 
vn 0 0 1 
vn 0 0 1 
vn 0 0 1 
vn 0 0 1 
vn 0 0 1 
vn 0 0 1 
vn 0 0 1 
vn 0 0 1 
vn 0 0 1 
vn 0 0 1 
vn 0 0 1 
vn 0 0 1 
vn 0 0 1 
vn 0 0 1 
vn 0 0 1 
vn 0 0 1 
vn 0 0 1 
vn 0 0 1 
vn 0 0 1 
vn 0 0 1 
vn 0 0 1 
vn 0 0 1 
vn 0 0 1 
vn 0 0 1 
vn 0 0 1 
vn 0 0 1 
vn 0 0 1 
vn 0 0 1 
vn 0 0 1 
vn 0 0 1 
vn 0 0 1 
vn 0 0 1 
vn 0 0 1 
vn 0 0 1 
vn 0 0 1 
vn 0 0 1 
f 289//289 290//290 291//291 
f 292//292 291//291 293//293 
f 293//293 294//294 292//292 
f 294//294 295//295 292//292 
f 291//291 296//296 297//297 
f 297//297 293//293 291//291 
f 295//295 298//298 297//297 
f 297//297 296//296 295//295 
f 295//295 296//296 299//299 
f 300//300 301//301 302//302 
f 300//300 303//303 304//304 
f 303//303 299//299 305//305 
f 302//302 306//306 300//300 
f 305//305 304//304 303//303 
f 302//302 299//299 306//306 
f 302//302 305//305 299//299 
f 300//300 306//306 307//307 
f 308//308 295//295 303//303 
f 309//309 310//310 311//311 
f 311//311 312//312 309//309 
f 313//313 314//314 310//310 
f 310//310 309//309 313//313 
f 308//308 315//315 313//313 
f 313//313 309//309 308//308 
f 315//315 308//308 316//316 
f 316//316 317//317 315//315 
f 318//318 319//319 316//316 
f 316//316 308//308 318//318 
f 320//320 321//321 319//319 
f 319//319 318//318 320//320 
f 318//318 312//312 322//322 
f 322//322 320//320 318//318 
f 311//311 322//322 312//312 
f 323//323 324//324 325//325 
f 325//325 309//309 326//326 
f 327//327 325//325 328//328 
f 326//326 329//329 325//325 
f 309//309 330//330 331//331 
f 328//328 330//330 327//327 
f 331//331 326//326 309//309 
f 329//329 328//328 325//325 
f 330//330 309//309 312//312 
f 332//332 333//333 334//334 
f 312//312 335//335 334//334 
f 334//334 333//333 312//312 
f 336//336 332//332 337//337 
f 312//312 338//338 335//335 
f 337//337 338//338 336//336 
f 338//338 312//312 336//336 
f 332//332 336//336 339//339 
f 327//327 340//340 341//341 
f 327//327 342//342 343//343 
f 343//343 340//340 327//327 
f 330//330 344//344 342//342 
f 342//342 327//327 330//330 
f 323//323 345//345 346//346 
f 347//347 348//348 349//349 
f 350//350 351//351 352//352 
f 353//353 354//354 355//355 
f 353//353 356//356 357//357 
f 323//323 358//358 345//345 
f 323//323 359//359 360//360 
f 361//361 362//362 363//363 
f 349//349 350//350 347//347 
f 350//350 364//364 351//351 
f 365//365 366//366 350//350 
f 355//355 367//367 353//353 
f 357//357 368//368 353//353 
f 353//353 369//369 370//370 
f 323//323 371//371 358//358 
f 323//323 372//372 359//359 
f 323//323 373//373 374//374 
f 323//323 375//375 376//376 
f 327//327 377//377 378//378 
f 363//363 379//379 361//361 
f 348//348 380//380 349//349 
f 350//350 366//366 364//364 
f 353//353 381//381 365//365 
f 368//368 354//354 353//353 
f 370//370 382//382 353//353 
f 353//353 383//383 384//384 
f 353//353 385//385 386//386 
f 360//360 371//371 323//323 
f 374//374 387//387 323//323 
f 323//323 388//388 375//375 
f 327//327 389//389 377//377 
f 327//327 390//390 391//391 
f 362//362 392//392 393//393 
f 362//362 394//394 395//395 
f 363//363 396//396 379//379 
f 349//349 397//397 398//398 
f 352//352 347//347 350//350 
f 367//367 381//381 353//353 
f 353//353 399//399 369//369 
f 386//386 383//383 353//353 
f 323//323 400//400 401//401 
f 323//323 402//402 403//403 
f 387//387 372//372 323//323 
f 376//376 404//404 323//323 
f 323//323 405//405 406//406 
f 323//323 407//407 408//408 
f 327//327 409//409 410//410 
f 391//391 389//389 327//327 
f 327//327 411//411 412//412 
f 327//327 413//413 414//414 
f 327//327 415//415 416//416 
f 327//327 417//417 418//418 
f 395//395 392//392 362//362 
f 362//362 419//419 420//420 
f 362//362 421//421 422//422 
f 363//363 423//423 396//396 
f 363//363 424//424 425//425 
f 363//363 426//426 427//427 
f 428//428 429//429 430//430 
f 349//349 431//431 397//397 
f 350//350 353//353 365//365 
f 384//384 399//399 353//353 
f 353//353 401//401 432//432 
f 323//323 433//433 400//400 
f 323//323 434//434 402//402 
f 404//404 373//373 323//323 
f 406//406 435//435 323//323 
f 323//323 436//436 437//437 
f 323//323 438//438 407//407 
f 323//323 439//439 440//440 
f 410//410 323//323 327//327 
f 327//327 441//441 442//442 
f 327//327 443//443 444//444 
f 412//412 390//390 327//327 
f 416//416 413//413 327//327 
f 327//327 445//445 417//417 
f 327//327 446//446 447//447 
f 362//362 448//448 449//449 
f 362//362 450//450 451//451 
f 393//393 452//452 362//362 
f 362//362 453//453 419//419 
f 362//362 454//454 455//455 
f 361//361 421//421 362//362 
f 427//427 424//424 363//363 
f 430//430 363//363 428//428 
f 428//428 456//456 457//457 
f 428//428 458//458 459//459 
f 428//428 460//460 461//461 
f 398//398 428//428 349//349 
f 349//349 462//462 463//463 
f 382//382 356//356 353//353 
f 401//401 353//353 323//323 
f 346//346 434//434 323//323 
f 437//437 405//405 323//323 
f 323//323 464//464 438//438 
f 410//410 439//439 323//323 
f 327//327 465//465 466//466 
f 327//327 467//467 468//468 
f 442//442 469//469 327//327 
f 444//444 470//470 327//327 
f 414//414 411//411 327//327 
f 447//447 445//445 327//327 
f 327//327 362//362 471//471 
f 451//451 448//448 362//362 
f 420//420 394//394 362//362 
f 455//455 472//472 362//362 
f 362//362 473//473 474//474 
f 362//362 475//475 476//476 
f 425//425 423//423 363//363 
f 457//457 429//429 428//428 
f 461//461 458//458 428//428 
f 398//398 477//477 428//428 
f 349//349 478//478 462//462 
f 432//432 385//385 353//353 
f 435//435 388//388 323//323 
f 440//440 464//464 323//323 
f 327//327 479//479 480//480 
f 327//327 481//481 482//482 
f 468//468 465//465 327//327 
f 470//470 441//441 327//327 
f 418//418 415//415 327//327 
f 327//327 483//483 484//484 
f 327//327 485//485 486//486 
f 471//471 487//487 327//327 
f 452//452 450//450 362//362 
f 474//474 454//454 362//362 
f 362//362 488//488 489//489 
f 476//476 490//490 362//362 
f 430//430 426//426 363//363 
f 477//477 460//460 428//428 
f 380//380 478//478 349//349 
f 408//408 436//436 323//323 
f 482//482 479//479 327//327 
f 469//469 467//467 327//327 
f 484//484 446//446 327//327 
f 487//487 485//485 327//327 
f 472//472 453//453 362//362 
f 490//490 488//488 362//362 
f 362//362 491//491 492//492 
f 459//459 456//456 428//428 
f 403//403 433//433 323//323 
f 466//466 481//481 327//327 
f 327//327 493//493 494//494 
f 486//486 483//483 327//327 
f 489//489 473//473 362//362 
f 422//422 491//491 362//362 
f 480//480 409//409 327//327 
f 378//378 493//493 327//327 
f 492//492 475//475 362//362 
f 494//494 443//443 327//327 
f 463//463 431//431 349//349 
f 495//495 496//496 497//497 
f 495//495 498//498 496//496 
f 495//495 499//499 498//498 
f 495//495 500//500 501//501 
f 495//495 502//502 503//503 
f 501//501 499//499 495//495 
f 503//503 504//504 495//495 
f 504//504 500//500 495//495 
f 505//505 506//506 507//507 
f 505//505 508//508 509//509 
f 507//507 510//510 505//505 
f 505//505 511//511 512//512 
f 505//505 513//513 508//508 
f 505//505 514//514 515//515 
f 512//512 506//506 505//505 
f 515//515 513//513 505//505 
f 509//509 511//511 505//505 
f 505//505 516//516 517//517 
f 505//505 518//518 519//519 
f 517//517 514//514 505//505 
f 510//510 518//518 505//505 
f 505//505 520//520 521//521 
f 522//522 502//502 495//495 
f 521//521 516//516 505//505 
f 519//519 522//522 505//505 
f 523//523 520//520 505//505 
f 505//505 323//323 523//523 
f 323//323 505//505 524//524 
f 323//323 353//353 523//523 
f 495//495 505//505 522//522 
f 525//525 526//526 527//527 
f 525//525 528//528 529//529 
f 525//525 530//530 531//531 
f 527//527 532//532 525//525 
f 525//525 533//533 534//534 
f 531//531 528//528 525//525 
f 525//525 535//535 536//536 
f 525//525 537//537 526//526 
f 534//534 538//538 525//525 
f 536//536 530//530 525//525 
f 538//538 537//537 525//525 
f 525//525 539//539 540//540 
f 525//525 541//541 542//542 
f 532//532 535//535 525//525 
f 542//542 539//539 525//525 
f 540//540 533//533 525//525 
f 543//543 544//544 525//525 
f 544//544 524//524 525//525 
f 545//545 546//546 547//547 
f 546//546 548//548 549//549 
f 549//549 547//547 546//546 
f 546//546 550//550 551//551 
f 551//551 548//548 546//546 
f 552//552 553//553 554//554 
f 546//546 555//555 550//550 
f 556//556 554//554 557//557 
f 552//552 558//558 553//553 
f 556//556 546//546 545//545 
f 547//547 559//559 545//545 
f 554//554 556//556 552//552 
f 559//559 560//560 545//545 
f 545//545 552//552 556//556 
f 561//561 556//556 562//562 
f 562//562 563//563 561//561 
f 556//556 564//564 562//562 
f 556//556 565//565 564//564 
f 566//566 567//567 568//568 
f 566//566 569//569 570//570 
f 566//566 571//571 567//567 
f 566//566 572//572 573//573 
f 566//566 574//574 575//575 
f 566//566 576//576 569//569 
f 566//566 577//577 571//571 
f 566//566 578//578 579//579 
f 566//566 580//580 581//581 
f 573//573 582//582 566//566 
f 570//570 574//574 566//566 
f 566//566 583//583 584//584 
f 579//579 577//577 566//566 
f 581//581 585//585 566//566 
f 575//575 572//572 566//566 
f 584//584 586//586 566//566 
f 566//566 587//587 578//578 
f 566//566 588//588 589//589 
f 585//585 590//590 566//566 
f 586//586 576//576 566//566 
f 566//566 591//591 587//587 
f 590//590 588//588 566//566 
f 568//568 583//583 566//566 
f 582//582 580//580 566//566 
f 566//566 592//592 591//591 
f 561//561 593//593 592//592 
f 592//592 566//566 561//561 
f 561//561 594//594 593//593 
f 561//561 595//595 596//596 
f 596//596 594//594 561//561 
f 589//589 597//597 566//566 
f 289//289 561//561 598//598 
f 598//598 599//599 289//289 
f 600//600 601//601 602//602 
f 600//600 603//603 604//604 
f 604//604 601//601 600//600 
f 602//602 605//605 600//600 
f 600//600 606//606 607//607 
f 605//605 608//608 600//600 
f 600//600 609//609 606//606 
f 607//607 603//603 600//600 
f 610//610 611//611 612//612 
f 610//610 613//613 611//611 
f 610//610 614//614 615//615 
f 610//610 616//616 617//617 
f 618//618 610//610 600//600 
f 610//610 619//619 613//613 
f 610//610 620//620 614//614 
f 610//610 621//621 622//622 
f 610//610 623//623 616//616 
f 600//600 624//624 618//618 
f 612//612 625//625 610//610 
f 622//622 620//620 610//610 
f 618//618 623//623 610//610 
f 625//625 626//626 610//610 
f 617//617 621//621 610//610 
f 615//615 619//619 610//610 
f 290//290 610//610 627//627 
f 626//626 628//628 610//610 
f 628//628 627//627 610//610 
f 627//627 629//629 290//290 
f 290//290 599//599 610//610 
f 291//291 290//290 630//630 
f 630//630 631//631 291//291 
f 631//631 632//632 291//291 
f 290//290 633//633 634//634 
f 634//634 630//630 290//290 
f 296//296 635//635 636//636 
f 291//291 637//637 635//635 
f 635//635 296//296 291//291 
f 636//636 638//638 296//296 
f 296//296 639//639 640//640 
f 299//299 641//641 642//642 
f 299//299 296//296 643//643 
f 640//640 643//643 296//296 
f 641//641 644//644 642//642 
f 640//640 645//645 643//643 
f 643//643 641//641 299//299 
f 299//299 646//646 647//647 
f 306//306 299//299 648//648 
f 647//647 649//649 299//299 
f 649//649 648//648 299//299 
f 306//306 650//650 651//651 
f 651//651 307//307 306//306 
f 306//306 652//652 650//650 
f 306//306 653//653 652//652 
f 651//651 654//654 307//307 
f 655//655 656//656 657//657 
f 655//655 658//658 659//659 
f 655//655 660//660 661//661 
f 655//655 662//662 663//663 
f 655//655 664//664 665//665 
f 655//655 666//666 667//667 
f 655//655 668//668 656//656 
f 655//655 669//669 670//670 
f 655//655 671//671 658//658 
f 655//655 672//672 660//660 
f 655//655 673//673 674//674 
f 655//655 675//675 662//662 
f 667//667 664//664 655//655 
f 655//655 676//676 677//677 
f 670//670 668//668 655//655 
f 661//661 671//671 655//655 
f 655//655 678//678 673//673 
f 665//665 675//675 655//655 
f 657//657 676//676 655//655 
f 674//674 672//672 655//655 
f 663//663 679//679 655//655 
f 659//659 669//669 655//655 
f 677//677 666//666 655//655 
f 679//679 680//680 655//655 
f 307//307 681//681 678//678 
f 678//678 655//655 307//307 
f 307//307 682//682 681//681 
f 680//680 683//683 655//655 
f 684//684 685//685 686//686 
f 684//684 687//687 688//688 
f 684//684 689//689 685//685 
f 688//688 690//690 684//684 
f 684//684 691//691 692//692 
f 684//684 693//693 694//694 
f 690//690 689//689 684//684 
f 684//684 695//695 696//696 
f 692//692 697//697 684//684 
f 684//684 698//698 693//693 
f 684//684 699//699 700//700 
f 684//684 701//701 687//687 
f 684//684 702//702 703//703 
f 684//684 704//704 695//695 
f 684//684 705//705 706//706 
f 694//694 691//691 684//684 
f 686//686 699//699 684//684 
f 696//696 702//702 684//684 
f 684//684 707//707 705//705 
f 700//700 698//698 684//684 
f 703//703 708//708 684//684 
f 697//697 707//707 684//684 
f 706//706 704//704 684//684 
f 708//708 709//709 684//684 
f 709//709 710//710 684//684 
f 710//710 711//711 684//684 
f 684//684 712//712 713//713 
f 711//711 714//714 684//684 
f 715//715 307//307 716//716 
f 714//714 712//712 684//684 
f 716//716 684//684 715//715 
f 684//684 717//717 715//715 
f 718//718 719//719 720//720 
f 718//718 721//721 722//722 
f 720//720 723//723 718//718 
f 722//722 724//724 718//718 
f 724//724 719//719 718//718 
f 718//718 725//725 726//726 
f 726//726 721//721 718//718 
f 718//718 727//727 725//725 
f 718//718 728//728 727//727 
f 729//729 730//730 731//731 
f 718//718 731//731 728//728 
f 729//729 732//732 730//730 
f 731//731 718//718 729//729 
f 729//729 733//733 732//732 
f 734//734 735//735 718//718 
f 718//718 736//736 734//734 
f 339//339 737//737 735//735 
f 735//735 734//734 339//339 
f 339//339 733//733 729//729 
f 729//729 737//737 339//339 
f 738//738 739//739 740//740 
f 738//738 741//741 742//742 
f 738//738 743//743 744//744 
f 742//742 739//739 738//738 
f 738//738 745//745 746//746 
f 738//738 747//747 748//748 
f 740//740 743//743 738//738 
f 738//738 749//749 745//745 
f 750//750 751//751 752//752 
f 744//744 747//747 738//738 
f 738//738 753//753 754//754 
f 746//746 755//755 738//738 
f 738//738 756//756 757//757 
f 750//750 758//758 751//751 
f 750//750 759//759 760//760 
f 754//754 741//741 738//738 
f 757//757 749//749 738//738 
f 738//738 761//761 762//762 
f 738//738 763//763 764//764 
f 738//738 765//765 766//766 
f 750//750 767//767 758//758 
f 750//750 768//768 769//769 
f 750//750 770//770 759//759 
f 750//750 771//771 772//772 
f 755//755 753//753 738//738 
f 738//738 773//773 761//761 
f 766//766 763//763 738//738 
f 769//769 767//767 750//750 
f 772//772 770//770 750//750 
f 762//762 756//756 738//738 
f 738//738 774//774 765//765 
f 750//750 775//775 776//776 
f 760//760 768//768 750//750 
f 750//750 777//777 778//778 
f 764//764 773//773 738//738 
f 752//752 775//775 750//750 
f 750//750 736//736 777//777 
f 779//779 734//734 738//738 
f 748//748 780//780 738//738 
f 778//778 771//771 750//750 
f 780//780 781//781 738//738 
f 734//734 736//736 750//750 
f 776//776 782//782 750//750 
f 738//738 781//781 779//779 
f 782//782 783//783 750//750 
f 750//750 738//738 734//734 
f 332//332 784//784 785//785 
f 786//786 787//787 788//788 
f 786//786 789//789 790//790 
f 786//786 791//791 792//792 
f 786//786 332//332 793//793 
f 332//332 794//794 784//784 
f 332//332 795//795 796//796 
f 797//797 798//798 799//799 
f 786//786 800//800 801//801 
f 786//786 802//802 787//787 
f 790//790 803//803 786//786 
f 792//792 804//804 786//786 
f 786//786 805//805 806//806 
f 793//793 807//807 786//786 
f 332//332 808//808 794//794 
f 332//332 809//809 795//795 
f 332//332 810//810 811//811 
f 332//332 812//812 813//813 
f 734//734 814//814 815//815 
f 799//799 816//816 797//797 
f 801//801 817//817 786//786 
f 786//786 818//818 802//802 
f 786//786 819//819 820//820 
f 804//804 789//789 786//786 
f 806//806 821//821 786//786 
f 807//807 822//822 786//786 
f 796//796 808//808 332//332 
f 811//811 823//823 332//332 
f 332//332 824//824 812//812 
f 734//734 825//825 814//814 
f 734//734 826//826 827//827 
f 828//828 829//829 830//830 
f 828//828 831//831 832//832 
f 798//798 833//833 799//799 
f 834//834 835//835 836//836 
f 788//788 800//800 786//786 
f 803//803 819//819 786//786 
f 786//786 837//837 805//805 
f 822//822 838//838 786//786 
f 332//332 839//839 840//840 
f 332//332 841//841 842//842 
f 823//823 809//809 332//332 
f 813//813 843//843 332//332 
f 332//332 844//844 845//845 
f 332//332 846//846 847//847 
f 827//827 825//825 734//734 
f 734//734 848//848 849//849 
f 734//734 850//850 851//851 
f 734//734 852//852 853//853 
f 734//734 854//854 855//855 
f 734//734 856//856 857//857 
f 832//832 829//829 828//828 
f 828//828 858//858 859//859 
f 797//797 860//860 861//861 
f 798//798 862//862 833//833 
f 798//798 863//863 864//864 
f 798//798 865//865 866//866 
f 798//798 836//836 867//867 
f 786//786 868//868 834//834 
f 820//820 818//818 786//786 
f 838//838 837//837 786//786 
f 840//840 869//869 332//332 
f 842//842 870//870 332//332 
f 843//843 810//810 332//332 
f 845//845 871//871 332//332 
f 332//332 872//872 873//873 
f 332//332 874//874 846//846 
f 332//332 875//875 876//876 
f 332//332 877//877 878//878 
f 332//332 734//734 879//879 
f 734//734 880//880 881//881 
f 734//734 882//882 883//883 
f 849//849 826//826 734//734 
f 853//853 850//850 734//734 
f 734//734 884//884 854//854 
f 857//857 885//885 734//734 
f 828//828 886//886 887//887 
f 828//828 888//888 889//889 
f 830//830 890//890 828//828 
f 828//828 891//891 858//858 
f 828//828 892//892 893//893 
f 892//892 828//828 894//894 
f 895//895 894//894 797//797 
f 816//816 860//860 797//797 
f 866//866 863//863 798//798 
f 798//798 896//896 897//897 
f 836//836 898//898 867//867 
f 836//836 899//899 900//900 
f 836//836 901//901 902//902 
f 836//836 786//786 834//834 
f 786//786 903//903 904//904 
f 821//821 791//791 786//786 
f 869//869 905//905 332//332 
f 785//785 841//841 332//332 
f 873//873 844//844 332//332 
f 332//332 906//906 874//874 
f 878//878 875//875 332//332 
f 734//734 907//907 879//879 
f 734//734 908//908 909//909 
f 881//881 910//910 734//734 
f 883//883 911//911 734//734 
f 851//851 848//848 734//734 
f 885//885 884//884 734//734 
f 734//734 828//828 912//912 
f 889//889 886//886 828//828 
f 859//859 831//831 828//828 
f 893//893 913//913 828//828 
f 894//894 914//914 915//915 
f 797//797 916//916 917//917 
f 864//864 862//862 798//798 
f 867//867 896//896 798//798 
f 902//902 899//899 836//836 
f 835//835 918//918 836//836 
f 786//786 919//919 903//903 
f 905//905 793//793 332//332 
f 871//871 824//824 332//332 
f 876//876 906//906 332//332 
f 332//332 920//920 921//921 
f 332//332 922//922 923//923 
f 909//909 907//907 734//734 
f 911//911 880//880 734//734 
f 855//855 852//852 734//734 
f 912//912 924//924 734//734 
f 828//828 925//925 926//926 
f 890//890 888//888 828//828 
f 894//894 915//915 892//892 
f 894//894 927//927 928//928 
f 797//797 917//917 895//895 
f 897//897 865//865 798//798 
f 918//918 901//901 836//836 
f 817//817 919//919 786//786 
f 847//847 872//872 332//332 
f 923//923 920//920 332//332 
f 910//910 908//908 734//734 
f 734//734 929//929 856//856 
f 926//926 912//912 828//828 
f 913//913 891//891 828//828 
f 895//895 927//927 894//894 
f 797//797 930//930 931//931 
f 900//900 898//898 836//836 
f 870//870 839//839 332//332 
f 879//879 922//922 332//332 
f 734//734 932//932 933//933 
f 924//924 929//929 734//734 
f 928//928 914//914 894//894 
f 861//861 930//930 797//797 
f 921//921 877//877 332//332 
f 815//815 932//932 734//734 
f 931//931 916//916 797//797 
f 933//933 882//882 734//734 
f 904//904 868//868 786//786 
f 333//333 332//332 934//934 
f 332//332 786//786 934//934 
f 934//934 935//935 333//333 
f 935//935 936//936 333//333 
f 936//936 937//937 333//333 
f 938//938 939//939 940//940 
f 941//941 330//330 942//942 
f 330//330 333//333 940//940 
f 333//333 943//943 938//938 
f 942//942 944//944 941//941 
f 940//940 333//333 938//938 
f 940//940 942//942 330//330 
f 336//336 945//945 946//946 
f 947//947 948//948 949//949 
f 949//949 950//950 947//947 
f 951//951 952//952 948//948 
f 948//948 947//947 951//951 
f 950//950 953//953 947//947 
f 954//954 955//955 956//956 
f 953//953 957//957 947//947 
f 956//956 958//958 954//954 
f 955//955 959//959 960//960 
f 951//951 961//961 952//952 
f 339//339 946//946 947//947 
f 955//955 954//954 951//951 
f 960//960 956//956 955//955 
f 947//947 733//733 339//339 
f 958//958 962//962 954//954 
f 951//951 947//947 955//955 
f 955//955 963//963 964//964 
f 964//964 965//965 955//955 
f 963//963 717//717 966//966 
f 715//715 717//717 963//963 
f 966//966 964//964 963//963 
f 965//965 959//959 955//955 
f 967//967 300//300 715//715 
f 318//318 303//303 968//968 
f 300//300 967//967 968//968 
f 968//968 303//303 300//300 
f 336//336 312//312 969//969 
f 318//318 970//970 969//969 
f 969//969 312//312 318//318 
f 971//971 289//289 292//292 
f 556//556 561//561 972//972 
f 289//289 971//971 972//972 
f 972//972 561//561 289//289 
f 324//324 546//546 973//973 
f 556//556 974//974 973//973 
f 973//973 546//546 556//556 
f 324//324 975//975 976//976 
f 308//308 309//309 977//977 
f 325//325 976//976 977//977 
f 977//977 309//309 325//325 
f 292//292 295//295 978//978 
f 308//308 979//979 978//978 
f 978//978 295//295 308//308 
f 980//980 981//981 982//982 
f 980//980 983//983 984//984 
f 980//980 985//985 981//981 
f 980//980 986//986 987//987 
f 980//980 543//543 988//988 
f 989//989 980//980 990//990 
f 982//982 983//983 980//980 
f 988//988 986//986 980//980 
f 989//989 991//991 992//992 
f 980//980 993//993 990//990 
f 987//987 985//985 980//980 
f 990//990 991//991 989//989 
f 984//984 994//994 980//980 
f 544//544 543//543 980//980 
f 994//994 993//993 980//980 
f 992//992 555//555 989//989 
f 546//546 995//995 989//989 
f 989//989 555//555 546//546 
f 324//324 323//323 996//996 
f 544//544 997//997 996//996 
f 546//546 324//324 998//998 
f 996//996 323//323 544//544 
f 996//996 998//998 324//324 
f 998//998 995//995 546//546 
f 980//980 997//997 544//544 
f 978//978 999//999 292//292 
f 977//977 979//979 308//308 
f 976//976 325//325 324//324 
f 973//973 975//975 324//324 
f 972//972 974//974 556//556 
f 292//292 999//999 971//971 
f 969//969 945//945 336//336 
f 968//968 970//970 318//318 
f 715//715 1000//1000 967//967 
f 963//963 1000//1000 715//715 
f 957//957 733//733 947//947 
f 946//946 339//339 336//336 
f 941//941 344//344 330//330 
f 937//937 943//943 333//333 
f 887//887 925//925 828//828 
f 779//779 828//828 734//734 
f 723//723 736//736 718//718 
f 713//713 717//717 684//684 
f 655//655 716//716 307//307 
f 654//654 682//682 307//307 
f 648//648 653//653 306//306 
f 642//642 646//646 299//299 
f 638//638 639//639 296//296 
f 632//632 637//637 291//291 
f 629//629 633//633 290//290 
f 608//608 624//624 600//600 
f 599//599 290//290 289//289 
f 566//566 598//598 561//561 
f 563//563 595//595 561//561 
f 557//557 565//565 556//556 
f 529//529 543//543 525//525 
f 524//524 544//544 323//323 
f 497//497 1001//1001 495//495 
f 449//449 471//471 362//362 
f 341//341 362//362 327//327 
f 339//339 734//734 332//332 
f 334//334 337//337 332//332 
f 312//312 333//333 330//330 
f 328//328 331//331 330//330 
f 325//325 327//327 323//323 
f 311//311 1002//1002 322//322 
f 303//303 318//318 308//308 
f 307//307 715//715 300//300 
f 304//304 301//301 300//300 
f 299//299 303//303 295//295 
f 294//294 298//298 295//295 
f 291//291 292//292 289//289 
o mesh891
v -0.000832135 0.00105053 -4.5e-05 
v -0.000530135 0.00105053 -4.5e-05 
v -0.000530135 0.000595 -4.5e-05 
v -0.00053 0.00086 -4.5e-05 
v -0.00029 0.00105053 -4.5e-05 
v -0.00033 0.00086 -4.5e-05 
v -0.00029 0.000595 -4.5e-05 
v -0.00033 0.00069 -4.5e-05 
v -0.00053 0.00069 -4.5e-05 
v 0.00029 0.00105053 -4.5e-05 
v 0.00029 0.000595 -4.5e-05 
v 0.000530135 0.000595 -4.5e-05 
v 0.00053 0.00069 -4.5e-05 
v 0.00053 0.00086 -4.5e-05 
v 0.000530135 0.00105053 -4.5e-05 
v 0.00033 0.00069 -4.5e-05 
v 0.00033 0.00086 -4.5e-05 
v 0.000832135 0.00105053 -4.5e-05 
v 0.000832135 0.000595 -4.5e-05 
v 0.00025 -7e-05 -4.5e-05 
v 0.00029 -0.000375 -4.5e-05 
v 8.5e-05 -0.00025 -4.5e-05 
v -0.00029 -0.000375 -4.5e-05 
v -8.5e-05 -0.00025 -4.5e-05 
v 0.00025 7e-05 -4.5e-05 
v 8.5e-05 7e-05 -4.5e-05 
v 8.5e-05 0.00025 -4.5e-05 
v 8.5e-05 -7e-05 -4.5e-05 
v -0.00025 -7e-05 -4.5e-05 
v -8.5e-05 -7e-05 -4.5e-05 
v -0.00025 7e-05 -4.5e-05 
v -8.5e-05 0.00025 -4.5e-05 
v 0.00029 -0.000595 -4.5e-05 
v -0.000832135 -0.000595 -4.5e-05 
v -0.000530135 -0.000595 -4.5e-05 
v -0.000530135 -0.00123288 -4.5e-05 
v -0.00029 -0.000595 -4.5e-05 
v -0.00029 -0.00123288 -4.5e-05 
v -0.00033 -0.00086 -4.5e-05 
v -0.00053 -0.00069 -4.5e-05 
v -0.00053 -0.00086 -4.5e-05 
v -0.00033 -0.00069 -4.5e-05 
v 0.00029 -0.00123288 -4.5e-05 
v 0.000530135 -0.00123288 -4.5e-05 
v 0.00033 -0.00086 -4.5e-05 
v 0.000530135 -0.000595 -4.5e-05 
v 0.00053 -0.00069 -4.5e-05 
v 0.00053 -0.00086 -4.5e-05 
v 0.00033 -0.00069 -4.5e-05 
v 0.000832135 -0.000595 -4.5e-05 
v 0.000832135 -0.00123288 -4.5e-05 
v -0.000534899 0.00131098 -4.5e-05 
v -0.000533678 0.00131517 -4.5e-05 
v -0.000536301 0.00130685 -4.5e-05 
v -0.000572913 0.00125913 -4.5e-05 
v -0.000569394 0.00126171 -4.5e-05 
v -0.000537882 0.00130278 -4.5e-05 
v -0.000541569 0.00129488 -4.5e-05 
v -0.00053964 0.00129879 -4.5e-05 
v -0.000545931 0.00128732 -4.5e-05 
v -0.000543668 0.00129105 -4.5e-05 
v -0.000550935 0.00128017 -4.5e-05 
v -0.000548355 0.00128369 -4.5e-05 
v -0.000562711 0.00126732 -4.5e-05 
v -0.00055956 0.00127034 -4.5e-05 
v -0.000565992 0.00126445 -4.5e-05 
v -0.000725642 0.00131098 -4.5e-05 
v -0.00072424 0.00130685 -4.5e-05 
v -0.000732183 0.00149786 -4.5e-05 
v -0.000657935 0.00150114 -4.5e-05 
v -0.000664472 0.00143502 -4.5e-05 
v -0.000592002 0.00143344 -4.5e-05 
v -0.000596068 0.00143502 -4.5e-05 
v -0.000583876 0.00150736 -4.5e-05 
v -0.000530135 0.00151404 -4.5e-05 
v -0.000534899 0.00137112 -4.5e-05 
v -0.000536301 0.00137525 -4.5e-05 
v -0.000532641 0.00136269 -4.5e-05 
v -0.000533678 0.00136693 -4.5e-05 
v -0.00053027 0.00134105 -4.5e-05 
v -0.000556543 0.00127349 -4.5e-05 
v -0.000553666 0.00127677 -4.5e-05 
v -0.000718971 0.00129488 -4.5e-05 
v -0.000716873 0.00129105 -4.5e-05 
v -0.000722658 0.00130278 -4.5e-05 
v -0.000668539 0.00143344 -4.5e-05 
v -0.000588008 0.00143168 -4.5e-05 
v -0.000537882 0.00137932 -4.5e-05 
v -0.00053964 0.00138331 -4.5e-05 
v -0.000530365 0.00134541 -4.5e-05 
v -0.00053179 0.00132369 -4.5e-05 
v -0.000531126 0.001328 -4.5e-05 
v -0.000700981 0.00127034 -4.5e-05 
v -0.000697829 0.00126732 -4.5e-05 
v -0.000709606 0.00128017 -4.5e-05 
v -0.000706875 0.00127677 -4.5e-05 
v -0.000714609 0.00128732 -4.5e-05 
v -0.000720901 0.00129879 -4.5e-05 
v -0.000660341 0.00143642 -4.5e-05 
v -0.000647635 0.00143953 -4.5e-05 
v -0.000651914 0.00143868 -4.5e-05 
v -0.000638986 0.00144067 -4.5e-05 
v -0.000643323 0.00144019 -4.5e-05 
v -0.000625908 0.00144095 -4.5e-05 
v -0.000541569 0.00138722 -4.5e-05 
v -0.00053179 0.00135841 -4.5e-05 
v -0.000530651 0.00134977 -4.5e-05 
v -0.000530651 0.00133233 -4.5e-05 
v -0.000694549 0.00126445 -4.5e-05 
v -0.000712185 0.00128369 -4.5e-05 
v -0.000656152 0.00143764 -4.5e-05 
v -0.00063027 0.00144105 -4.5e-05 
v -0.000634632 0.00144095 -4.5e-05 
v -0.000621555 0.00144067 -4.5e-05 
v -0.000612905 0.00143953 -4.5e-05 
v -0.000617218 0.00144019 -4.5e-05 
v -0.000604388 0.00143764 -4.5e-05 
v -0.000608626 0.00143868 -4.5e-05 
v -0.0006002 0.00143642 -4.5e-05 
v -0.00058027 0.00142765 -4.5e-05 
v -0.000584095 0.00142975 -4.5e-05 
v -0.000545931 0.00139478 -4.5e-05 
v -0.000548355 0.00139841 -4.5e-05 
v -0.000531126 0.0013541 -4.5e-05 
v -0.000530365 0.00133669 -4.5e-05 
v -0.000532641 0.00131941 -4.5e-05 
v -0.000643323 0.00124191 -4.5e-05 
v -0.000668539 0.00124866 -4.5e-05 
v -0.000664472 0.00124708 -4.5e-05 
v -0.000687628 0.00125913 -4.5e-05 
v -0.000684 0.00125671 -4.5e-05 
v -0.000703998 0.00127349 -4.5e-05 
v -0.000728751 0.00132369 -4.5e-05 
v -0.0007279 0.00131941 -4.5e-05 
v -0.000832135 0.00149845 -4.5e-05 
v -0.000720901 0.00138331 -4.5e-05 
v -0.000722658 0.00137932 -4.5e-05 
v -0.000714609 0.00139478 -4.5e-05 
v -0.000716873 0.00139105 -4.5e-05 
v -0.000806502 0.00149754 -4.5e-05 
v -0.000694549 0.00141765 -4.5e-05 
v -0.000697829 0.00141478 -4.5e-05 
v -0.000565992 0.00141765 -4.5e-05 
v -0.000569394 0.00142039 -4.5e-05 
v -0.000550935 0.00140193 -4.5e-05 
v -0.000553666 0.00140533 -4.5e-05 
v -0.000543668 0.00139105 -4.5e-05 
v -0.000588008 0.00125042 -4.5e-05 
v -0.000584095 0.00125235 -4.5e-05 
v -0.0006002 0.00124568 -4.5e-05 
v -0.000596068 0.00124708 -4.5e-05 
v -0.000647635 0.00124257 -4.5e-05 
v -0.000656152 0.00124446 -4.5e-05 
v -0.000651914 0.00124342 -4.5e-05 
v -0.000672532 0.00125042 -4.5e-05 
v -0.00068027 0.00125445 -4.5e-05 
v -0.000676445 0.00125235 -4.5e-05 
v -0.000691146 0.00126171 -4.5e-05 
v -0.000726863 0.00131517 -4.5e-05 
v -0.000725642 0.00137112 -4.5e-05 
v -0.000726863 0.00136693 -4.5e-05 
v -0.000718971 0.00138722 -4.5e-05 
v -0.000712185 0.00139841 -4.5e-05 
v -0.000709606 0.00140193 -4.5e-05 
v -0.000700981 0.00141176 -4.5e-05 
v -0.000687628 0.00142297 -4.5e-05 
v -0.000691146 0.00142039 -4.5e-05 
v -0.000562711 0.00141478 -4.5e-05 
v -0.000556543 0.00140861 -4.5e-05 
v -0.00055956 0.00141176 -4.5e-05 
v -0.000592002 0.00124866 -4.5e-05 
v -0.000604388 0.00124446 -4.5e-05 
v -0.000612905 0.00124257 -4.5e-05 
v -0.000608626 0.00124342 -4.5e-05 
v -0.000621555 0.00124143 -4.5e-05 
v -0.000617218 0.00124191 -4.5e-05 
v -0.000660341 0.00124568 -4.5e-05 
v -0.00072989 0.00133233 -4.5e-05 
v -0.00072989 0.00134977 -4.5e-05 
v -0.000730175 0.00134541 -4.5e-05 
v -0.000728751 0.00135841 -4.5e-05 
v -0.000729415 0.0013541 -4.5e-05 
v -0.00072424 0.00137525 -4.5e-05 
v -0.000706875 0.00140533 -4.5e-05 
v -0.000703998 0.00140861 -4.5e-05 
v -0.000684 0.00142539 -4.5e-05 
v -0.000572913 0.00142297 -4.5e-05 
v -0.00057654 0.00142539 -4.5e-05 
v -0.00063027 0.00124105 -4.5e-05 
v -0.000625908 0.00124115 -4.5e-05 
v -0.000638986 0.00124143 -4.5e-05 
v -0.000634632 0.00124115 -4.5e-05 
v -0.000729415 0.001328 -4.5e-05 
v -0.00073027 0.00134105 -4.5e-05 
v -0.000730175 0.00133669 -4.5e-05 
v -0.0007279 0.00136269 -4.5e-05 
v -0.000672532 0.00143168 -4.5e-05 
v -0.000676445 0.00142975 -4.5e-05 
v -0.00058027 0.00125445 -4.5e-05 
v -0.00057654 0.00125671 -4.5e-05 
v -0.00068027 0.00142765 -4.5e-05 
v -0.000510123 0.00151652 -4.5e-05 
v -0.000436793 0.00152861 -4.5e-05 
v -0.000364001 0.0015436 -4.5e-05 
v -0.000291862 0.00156148 -4.5e-05 
v -0.000220491 0.00158221 -4.5e-05 
v -0.00015 0.00160575 -4.5e-05 
v -0.00015 0.00150575 -4.5e-05 
v 0.000220491 0.00158221 -4.5e-05 
v 0.00015 0.00150575 -4.5e-05 
v -0.00029 0.00156202 -4.5e-05 
v 0.00015 0.00160575 -4.5e-05 
v 0.000436793 0.00152861 -4.5e-05 
v 0.000510123 0.00151652 -4.5e-05 
v 0.000364001 0.0015436 -4.5e-05 
v 0.000291862 0.00156148 -4.5e-05 
v 0.00029 0.00156202 -4.5e-05 
v 0.000725642 0.00131098 -4.5e-05 
v 0.000726863 0.00131517 -4.5e-05 
v 0.00072424 0.00130685 -4.5e-05 
v 0.000687628 0.00125913 -4.5e-05 
v 0.000691146 0.00126171 -4.5e-05 
v 0.000722658 0.00130278 -4.5e-05 
v 0.000718971 0.00129488 -4.5e-05 
v 0.000720901 0.00129879 -4.5e-05 
v 0.000714609 0.00128732 -4.5e-05 
v 0.000716873 0.00129105 -4.5e-05 
v 0.000709606 0.00128017 -4.5e-05 
v 0.000712185 0.00128369 -4.5e-05 
v 0.000697829 0.00126732 -4.5e-05 
v 0.000700981 0.00127034 -4.5e-05 
v 0.000694549 0.00126445 -4.5e-05 
v 0.000534899 0.00131098 -4.5e-05 
v 0.000536301 0.00130685 -4.5e-05 
v 0.000592002 0.00143344 -4.5e-05 
v 0.000530135 0.00151404 -4.5e-05 
v 0.000583876 0.00150736 -4.5e-05 
v 0.000732183 0.00149786 -4.5e-05 
v 0.000668539 0.00143344 -4.5e-05 
v 0.000664472 0.00143502 -4.5e-05 
v 0.000832135 0.00149845 -4.5e-05 
v 0.000725642 0.00137112 -4.5e-05 
v 0.00072424 0.00137525 -4.5e-05 
v 0.0007279 0.00136269 -4.5e-05 
v 0.000726863 0.00136693 -4.5e-05 
v 0.000703998 0.00127349 -4.5e-05 
v 0.000706875 0.00127677 -4.5e-05 
v 0.000541569 0.00129488 -4.5e-05 
v 0.000543668 0.00129105 -4.5e-05 
v 0.000537882 0.00130278 -4.5e-05 
v 0.000596068 0.00143502 -4.5e-05 
v 0.000672532 0.00143168 -4.5e-05 
v 0.000722658 0.00137932 -4.5e-05 
v 0.000720901 0.00138331 -4.5e-05 
v 0.000729415 0.001328 -4.5e-05 
v 0.00072989 0.00133233 -4.5e-05 
v 0.00055956 0.00127034 -4.5e-05 
v 0.000562711 0.00126732 -4.5e-05 
v 0.000550935 0.00128017 -4.5e-05 
v 0.000553666 0.00127677 -4.5e-05 
v 0.000545931 0.00128732 -4.5e-05 
v 0.00053964 0.00129879 -4.5e-05 
v 0.0006002 0.00143642 -4.5e-05 
v 0.000612905 0.00143953 -4.5e-05 
v 0.000608626 0.00143868 -4.5e-05 
v 0.000621555 0.00144067 -4.5e-05 
v 0.000617218 0.00144019 -4.5e-05 
v 0.000657935 0.00150114 -4.5e-05 
v 0.00063027 0.00144105 -4.5e-05 
v 0.000625908 0.00144095 -4.5e-05 
v 0.000718971 0.00138722 -4.5e-05 
v 0.000728751 0.00135841 -4.5e-05 
v 0.00072989 0.00134977 -4.5e-05 
v 0.000729415 0.0013541 -4.5e-05 
v 0.00073027 0.00134105 -4.5e-05 
v 0.000730175 0.00134541 -4.5e-05 
v 0.000730175 0.00133669 -4.5e-05 
v 0.000728751 0.00132369 -4.5e-05 
v 0.000565992 0.00126445 -4.5e-05 
v 0.000548355 0.00128369 -4.5e-05 
v 0.000604388 0.00143764 -4.5e-05 
v 0.000638986 0.00144067 -4.5e-05 
v 0.000634632 0.00144095 -4.5e-05 
v 0.000647635 0.00143953 -4.5e-05 
v 0.000643323 0.00144019 -4.5e-05 
v 0.000656152 0.00143764 -4.5e-05 
v 0.000651914 0.00143868 -4.5e-05 
v 0.000660341 0.00143642 -4.5e-05 
v 0.00068027 0.00142765 -4.5e-05 
v 0.000676445 0.00142975 -4.5e-05 
v 0.000694549 0.00141765 -4.5e-05 
v 0.000691146 0.00142039 -4.5e-05 
v 0.000709606 0.00140193 -4.5e-05 
v 0.000706875 0.00140533 -4.5e-05 
v 0.000806502 0.00149754 -4.5e-05 
v 0.000714609 0.00139478 -4.5e-05 
v 0.000712185 0.00139841 -4.5e-05 
v 0.0007279 0.00131941 -4.5e-05 
v 0.000592002 0.00124866 -4.5e-05 
v 0.000596068 0.00124708 -4.5e-05 
v 0.000572913 0.00125913 -4.5e-05 
v 0.00057654 0.00125671 -4.5e-05 
v 0.000556543 0.00127349 -4.5e-05 
v 0.00053179 0.00132369 -4.5e-05 
v 0.000532641 0.00131941 -4.5e-05 
v 0.00053964 0.00138331 -4.5e-05 
v 0.000537882 0.00137932 -4.5e-05 
v 0.000545931 0.00139478 -4.5e-05 
v 0.000543668 0.00139105 -4.5e-05 
v 0.000565992 0.00141765 -4.5e-05 
v 0.000562711 0.00141478 -4.5e-05 
v 0.000716873 0.00139105 -4.5e-05 
v 0.000672532 0.00125042 -4.5e-05 
v 0.000676445 0.00125235 -4.5e-05 
v 0.000660341 0.00124568 -4.5e-05 
v 0.000664472 0.00124708 -4.5e-05 
v 0.000638986 0.00124143 -4.5e-05 
v 0.000643323 0.00124191 -4.5e-05 
v 0.000612905 0.00124257 -4.5e-05 
v 0.000617218 0.00124191 -4.5e-05 
v 0.000604388 0.00124446 -4.5e-05 
v 0.000608626 0.00124342 -4.5e-05 
v 0.000588008 0.00125042 -4.5e-05 
v 0.00058027 0.00125445 -4.5e-05 
v 0.000584095 0.00125235 -4.5e-05 
v 0.000569394 0.00126171 -4.5e-05 
v 0.000533678 0.00131517 -4.5e-05 
v 0.000534899 0.00137112 -4.5e-05 
v 0.000533678 0.00136693 -4.5e-05 
v 0.000541569 0.00138722 -4.5e-05 
v 0.000548355 0.00139841 -4.5e-05 
v 0.00055956 0.00141176 -4.5e-05 
v 0.000572913 0.00142297 -4.5e-05 
v 0.000569394 0.00142039 -4.5e-05 
v 0.000697829 0.00141478 -4.5e-05 
v 0.000703998 0.00140861 -4.5e-05 
v 0.000700981 0.00141176 -4.5e-05 
v 0.000668539 0.00124866 -4.5e-05 
v 0.000656152 0.00124446 -4.5e-05 
v 0.000647635 0.00124257 -4.5e-05 
v 0.000651914 0.00124342 -4.5e-05 
v 0.0006002 0.00124568 -4.5e-05 
v 0.00053027 0.00134105 -4.5e-05 
v 0.000530651 0.00134977 -4.5e-05 
v 0.000530365 0.00134541 -4.5e-05 
v 0.00053179 0.00135841 -4.5e-05 
v 0.000531126 0.0013541 -4.5e-05 
v 0.000536301 0.00137525 -4.5e-05 
v 0.000553666 0.00140533 -4.5e-05 
v 0.000550935 0.00140193 -4.5e-05 
v 0.000556543 0.00140861 -4.5e-05 
v 0.00057654 0.00142539 -4.5e-05 
v 0.000687628 0.00142297 -4.5e-05 
v 0.000684 0.00142539 -4.5e-05 
v 0.00063027 0.00124105 -4.5e-05 
v 0.000634632 0.00124115 -4.5e-05 
v 0.000621555 0.00124143 -4.5e-05 
v 0.000625908 0.00124115 -4.5e-05 
v 0.000530651 0.00133233 -4.5e-05 
v 0.000531126 0.001328 -4.5e-05 
v 0.000530365 0.00133669 -4.5e-05 
v 0.000532641 0.00136269 -4.5e-05 
v 0.000588008 0.00143168 -4.5e-05 
v 0.000584095 0.00142975 -4.5e-05 
v 0.00068027 0.00125445 -4.5e-05 
v 0.000684 0.00125671 -4.5e-05 
v 0.00058027 0.00142765 -4.5e-05 
v 0.00105251 0.00126464 -4.5e-05 
v 0.00108289 0.00149034 -4.5e-05 
v 0.00109291 0.00148616 -4.5e-05 
v 0.00110274 0.00148156 -4.5e-05 
v 0.00103062 0.0015047 -4.5e-05 
v 0.0010413 0.00150272 -4.5e-05 
v 0.00100906 0.00150729 -4.5e-05 
v 0.00101987 0.00150622 -4.5e-05 
v 0.00126464 0.00105251 -4.5e-05 
v 0.00143076 0.00117271 -4.5e-05 
v 0.00143837 0.00116496 -4.5e-05 
v 0.00111238 0.00147655 -4.5e-05 
v 0.00112179 0.00147113 -4.5e-05 
v 0.00107269 0.00149409 -4.5e-05 
v 0.000987363 0.00150805 -4.5e-05 
v 0.000998221 0.0015079 -4.5e-05 
v 0.000965675 0.00150698 -4.5e-05 
v 0.000976508 0.00150775 -4.5e-05 
v 0.00147113 0.00112179 -4.5e-05 
v 0.00147655 0.00111238 -4.5e-05 
v 0.00144564 0.0011569 -4.5e-05 
v 0.00105188 0.00150029 -4.5e-05 
v 0.00106235 0.00149741 -4.5e-05 
v 0.000954885 0.00150575 -4.5e-05 
v 0.00148616 0.00109291 -4.5e-05 
v 0.00149034 0.00108289 -4.5e-05 
v 0.00148156 0.00110274 -4.5e-05 
v 0.00145913 0.00113989 -4.5e-05 
v 0.00146532 0.00113097 -4.5e-05 
v 0.00145257 0.00114854 -4.5e-05 
v 0.00118013 0.00142283 -4.5e-05 
v 0.00118721 0.00141459 -4.5e-05 
v 0.00113097 0.00146532 -4.5e-05 
v 0.00113989 0.00145913 -4.5e-05 
v 0.00140607 0.00119393 -4.5e-05 
v 0.00141459 0.00118721 -4.5e-05 
v 0.00117271 0.00143076 -4.5e-05 
v 0.0011569 0.00144564 -4.5e-05 
v 0.00116496 0.00143837 -4.5e-05 
v 0.00114854 0.00145257 -4.5e-05 
v 0.00149741 0.00106235 -4.5e-05 
v 0.00150029 0.00105188 -4.5e-05 
v 0.00142283 0.00118013 -4.5e-05 
v 0.00149409 0.00107269 -4.5e-05 
v 0.000880775 0.00150017 -4.5e-05 
v 0.0015006 0.00105053 -4.5e-05 
v 0.00119393 0.00140607 -4.5e-05 
v 0.001134 0.00086 -4.5e-05 
v 0.00150729 0.00100906 -4.5e-05 
v 0.0015079 0.000998221 -4.5e-05 
v 0.00150272 0.0010413 -4.5e-05 
v 0.0015047 0.00103062 -4.5e-05 
v 0.00150622 0.00101987 -4.5e-05 
v 0.00150805 0.000987363 -4.5e-05 
v 0.00150775 0.000976508 -4.5e-05 
v 0.001134 0.00069 -4.5e-05 
v 0.00149754 0.000806502 -4.5e-05 
v 0.00150698 0.000965675 -4.5e-05 
v 0.00149786 0.000732183 -4.5e-05 
v 0.00150575 0.000954885 -4.5e-05 
v 0.00150114 0.000657935 -4.5e-05 
v 0.00150017 0.000880775 -4.5e-05 
v 0.000934 0.00086 -4.5e-05 
v 0.000934 0.00069 -4.5e-05 
v 0.00150643 0.000595 -4.5e-05 
v 0.00126464 -0.00105251 -4.5e-05 
v 0.00142283 -0.00118013 -4.5e-05 
v 0.00141459 -0.00118721 -4.5e-05 
v 0.00143076 -0.00117271 -4.5e-05 
v 0.00145913 -0.00113989 -4.5e-05 
v 0.00145257 -0.00114854 -4.5e-05 
v 0.00143837 -0.00116496 -4.5e-05 
v 0.00144564 -0.0011569 -4.5e-05 
v 0.00148616 -0.00109291 -4.5e-05 
v 0.00148156 -0.00110274 -4.5e-05 
v 0.00149409 -0.00107269 -4.5e-05 
v 0.00149034 -0.00108289 -4.5e-05 
v 0.00147113 -0.00112179 -4.5e-05 
v 0.00146532 -0.00113097 -4.5e-05 
v 0.00147655 -0.00111238 -4.5e-05 
v 0.00149741 -0.00106235 -4.5e-05 
v 0.0015079 -0.000998221 -4.5e-05 
v 0.00150729 -0.00100906 -4.5e-05 
v 0.0015047 -0.00103062 -4.5e-05 
v 0.00150272 -0.0010413 -4.5e-05 
v 0.00150622 -0.00101987 -4.5e-05 
v 0.00150775 -0.000976508 -4.5e-05 
v 0.00150805 -0.000987363 -4.5e-05 
v 0.00150029 -0.00105188 -4.5e-05 
v 0.00150575 -0.000954885 -4.5e-05 
v 0.00150698 -0.000965675 -4.5e-05 
v 0.00150017 -0.000880775 -4.5e-05 
v 0.00149754 -0.000806502 -4.5e-05 
v 0.00108428 -0.00123288 -4.5e-05 
v 0.00149786 -0.000732183 -4.5e-05 
v 0.00150643 -0.000595 -4.5e-05 
v 0.00150114 -0.000657935 -4.5e-05 
v 0.00140607 -0.00119393 -4.5e-05 
v 0.00105251 -0.00126464 -4.5e-05 
v 0.00101987 -0.00150622 -4.5e-05 
v 0.00100906 -0.00150729 -4.5e-05 
v 0.00105188 -0.00150029 -4.5e-05 
v 0.0010413 -0.00150272 -4.5e-05 
v 0.00110274 -0.00148156 -4.5e-05 
v 0.00109291 -0.00148616 -4.5e-05 
v 0.000998221 -0.0015079 -4.5e-05 
v 0.00103062 -0.0015047 -4.5e-05 
v 0.00107269 -0.00149409 -4.5e-05 
v 0.00106235 -0.00149741 -4.5e-05 
v 0.00108289 -0.00149034 -4.5e-05 
v 0.00113989 -0.00145913 -4.5e-05 
v 0.00113097 -0.00146532 -4.5e-05 
v 0.0011569 -0.00144564 -4.5e-05 
v 0.00114854 -0.00145257 -4.5e-05 
v 0.00118013 -0.00142283 -4.5e-05 
v 0.00117271 -0.00143076 -4.5e-05 
v 0.000987363 -0.00150805 -4.5e-05 
v 0.000976508 -0.00150775 -4.5e-05 
v 0.00112179 -0.00147113 -4.5e-05 
v 0.00111238 -0.00147655 -4.5e-05 
v 0.00116496 -0.00143837 -4.5e-05 
v 0.00119393 -0.00140607 -4.5e-05 
v 0.00118721 -0.00141459 -4.5e-05 
v 0.000954885 -0.00150575 -4.5e-05 
v 0.000965675 -0.00150698 -4.5e-05 
v 0.000880775 -0.00150017 -4.5e-05 
v 0.000732183 -0.00149786 -4.5e-05 
v 0.000657935 -0.00150114 -4.5e-05 
v 0.000583876 -0.00150736 -4.5e-05 
v 0.000806502 -0.00149754 -4.5e-05 
v 0.000832135 -0.00149845 -4.5e-05 
v 0.000364001 -0.0015436 -4.5e-05 
v 0.000291862 -0.00156148 -4.5e-05 
v 0.000436793 -0.00152861 -4.5e-05 
v 0.000510123 -0.00151652 -4.5e-05 
v -0.00015 -0.00150575 -4.5e-05 
v -0.000220491 -0.00158221 -4.5e-05 
v -0.00015 -0.00160575 -4.5e-05 
v 0.00015 -0.00150575 -4.5e-05 
v 0.00029 -0.00156202 -4.5e-05 
v 0.000220491 -0.00158221 -4.5e-05 
v 0.00015 -0.00160575 -4.5e-05 
v -0.000436793 -0.00152861 -4.5e-05 
v -0.000364001 -0.0015436 -4.5e-05 
v -0.000291862 -0.00156148 -4.5e-05 
v -0.00029 -0.00156202 -4.5e-05 
v -0.000657935 -0.00150114 -4.5e-05 
v -0.000732183 -0.00149786 -4.5e-05 
v -0.000583876 -0.00150736 -4.5e-05 
v -0.000832135 -0.00123288 -4.5e-05 
v -0.000806502 -0.00149754 -4.5e-05 
v -0.000510123 -0.00151652 -4.5e-05 
v -0.001124 -0.00133613 -4.5e-05 
v -0.0011569 -0.00144564 -4.5e-05 
v -0.00116496 -0.00143837 -4.5e-05 
v -0.00113989 -0.00145913 -4.5e-05 
v -0.00114854 -0.00145257 -4.5e-05 
v -0.00113097 -0.00146532 -4.5e-05 
v -0.00117271 -0.00143076 -4.5e-05 
v -0.00118013 -0.00142283 -4.5e-05 
v -0.001124 -0.00146973 -4.5e-05 
v -0.00118721 -0.00141459 -4.5e-05 
v -0.00112179 -0.00147113 -4.5e-05 
v -0.00105251 -0.00126464 -4.5e-05 
v -0.00108289 -0.00149034 -4.5e-05 
v -0.00109291 -0.00148616 -4.5e-05 
v -0.00103062 -0.0015047 -4.5e-05 
v -0.0010413 -0.00150272 -4.5e-05 
v -0.00100906 -0.00150729 -4.5e-05 
v -0.00101987 -0.00150622 -4.5e-05 
v -0.000987363 -0.00150805 -4.5e-05 
v -0.000998221 -0.0015079 -4.5e-05 
v -0.00111238 -0.00147655 -4.5e-05 
v -0.00110274 -0.00148156 -4.5e-05 
v -0.00106235 -0.00149741 -4.5e-05 
v -0.00107269 -0.00149409 -4.5e-05 
v -0.00105188 -0.00150029 -4.5e-05 
v -0.000976508 -0.00150775 -4.5e-05 
v -0.000954885 -0.00150575 -4.5e-05 
v -0.000965675 -0.00150698 -4.5e-05 
v -0.000880775 -0.00150017 -4.5e-05 
v -0.000832135 -0.00149845 -4.5e-05 
v -0.00108428 -0.00123288 -4.5e-05 
v -0.001124 -0.00119316 -4.5e-05 
v -0.00126464 -0.00105251 -4.5e-05 
v -0.00150272 -0.0010413 -4.5e-05 
v -0.0015047 -0.00103062 -4.5e-05 
v -0.00148156 -0.00110274 -4.5e-05 
v -0.00148616 -0.00109291 -4.5e-05 
v -0.00150622 -0.00101987 -4.5e-05 
v -0.00149034 -0.00108289 -4.5e-05 
v -0.00147113 -0.00112179 -4.5e-05 
v -0.00147655 -0.00111238 -4.5e-05 
v -0.00145913 -0.00113989 -4.5e-05 
v -0.00146532 -0.00113097 -4.5e-05 
v -0.0015079 -0.000998221 -4.5e-05 
v -0.00150805 -0.000987363 -4.5e-05 
v -0.00150729 -0.00100906 -4.5e-05 
v -0.00149741 -0.00106235 -4.5e-05 
v -0.00150029 -0.00105188 -4.5e-05 
v -0.00145257 -0.00114854 -4.5e-05 
v -0.00143837 -0.00116496 -4.5e-05 
v -0.00144564 -0.0011569 -4.5e-05 
v -0.00149409 -0.00107269 -4.5e-05 
v -0.00143076 -0.00117271 -4.5e-05 
v -0.00150775 -0.000976508 -4.5e-05 
v -0.00142283 -0.00118013 -4.5e-05 
v -0.00140607 -0.00119393 -4.5e-05 
v -0.00141459 -0.00118721 -4.5e-05 
v -0.001124 -0.000595 -4.5e-05 
v -0.00150017 -0.000880775 -4.5e-05 
v -0.00149786 -0.000732183 -4.5e-05 
v -0.00150114 -0.000657935 -4.5e-05 
v -0.00149754 -0.000806502 -4.5e-05 
v -0.00150698 -0.000965675 -4.5e-05 
v -0.00150575 -0.000954885 -4.5e-05 
v -0.00150736 -0.000583876 -4.5e-05 
v -0.00151652 -0.000510123 -4.5e-05 
v -0.001124 -0.000375 -4.5e-05 
v -0.00152861 -0.000436793 -4.5e-05 
v -0.00150643 -0.000595 -4.5e-05 
v -0.001124 0.000595 -4.5e-05 
v -0.00156148 0.000291862 -4.5e-05 
v -0.0015436 0.000364001 -4.5e-05 
v -0.00150575 0.00015 -4.5e-05 
v -0.00158221 0.000220491 -4.5e-05 
v -0.00150575 -0.00015 -4.5e-05 
v -0.00156148 -0.000291862 -4.5e-05 
v -0.00152861 0.000436793 -4.5e-05 
v -0.00151652 0.000510123 -4.5e-05 
v -0.00160575 0.00015 -4.5e-05 
v -0.00158221 -0.000220491 -4.5e-05 
v -0.00154134 -0.000375 -4.5e-05 
v -0.0015436 -0.000364001 -4.5e-05 
v -0.00150736 0.000583876 -4.5e-05 
v -0.00160575 -0.00015 -4.5e-05 
v -0.00126464 0.00105251 -4.5e-05 
v -0.00147655 0.00111238 -4.5e-05 
v -0.00147113 0.00112179 -4.5e-05 
v -0.00145257 0.00114854 -4.5e-05 
v -0.00144564 0.0011569 -4.5e-05 
v -0.00148156 0.00110274 -4.5e-05 
v -0.00149741 0.00106235 -4.5e-05 
v -0.00149409 0.00107269 -4.5e-05 
v -0.0015006 0.00105053 -4.5e-05 
v -0.00150029 0.00105188 -4.5e-05 
v -0.00145913 0.00113989 -4.5e-05 
v -0.00146532 0.00113097 -4.5e-05 
v -0.00149034 0.00108289 -4.5e-05 
v -0.00148616 0.00109291 -4.5e-05 
v -0.00143837 0.00116496 -4.5e-05 
v -0.00143076 0.00117271 -4.5e-05 
v -0.00142283 0.00118013 -4.5e-05 
v -0.00141459 0.00118721 -4.5e-05 
v -0.00140607 0.00119393 -4.5e-05 
v -0.001124 0.00105053 -4.5e-05 
v -0.001124 0.00133613 -4.5e-05 
v -0.00118721 0.00141459 -4.5e-05 
v -0.00118013 0.00142283 -4.5e-05 
v -0.00113989 0.00145913 -4.5e-05 
v -0.00113097 0.00146532 -4.5e-05 
v -0.00116496 0.00143837 -4.5e-05 
v -0.0011569 0.00144564 -4.5e-05 
v -0.00117271 0.00143076 -4.5e-05 
v -0.00114854 0.00145257 -4.5e-05 
v -0.00119393 0.00140607 -4.5e-05 
v -0.00105251 0.00126464 -4.5e-05 
v -0.00105188 0.00150029 -4.5e-05 
v -0.0010413 0.00150272 -4.5e-05 
v -0.00101987 0.00150622 -4.5e-05 
v -0.00100906 0.00150729 -4.5e-05 
v -0.00103062 0.0015047 -4.5e-05 
v -0.00107269 0.00149409 -4.5e-05 
v -0.00106235 0.00149741 -4.5e-05 
v -0.00109291 0.00148616 -4.5e-05 
v -0.00108289 0.00149034 -4.5e-05 
v -0.00110274 0.00148156 -4.5e-05 
v -0.000998221 0.0015079 -4.5e-05 
v -0.000987363 0.00150805 -4.5e-05 
v -0.00112179 0.00147113 -4.5e-05 
v -0.00111238 0.00147655 -4.5e-05 
v -0.000976508 0.00150775 -4.5e-05 
v -0.000965675 0.00150698 -4.5e-05 
v -0.000880775 0.00150017 -4.5e-05 
v -0.001124 0.00146973 -4.5e-05 
v -0.000954885 0.00150575 -4.5e-05 
v -0.001124 0.00119316 -4.5e-05 
v 0.000832135 0.0005 -4.5e-05 
v 0.00053 0.0005 -4.5e-05 
v 0.000530135 0.0005 -4.5e-05 
v 0.00053 -0.0005 -4.5e-05 
v 0.00053 -0.000375 -4.5e-05 
v 0.000530135 -0.0005 -4.5e-05 
v 0.000832135 -0.0005 -4.5e-05 
v 0.001114 -0.000375 -4.5e-05 
v 0.00152861 -0.000436793 -4.5e-05 
v 0.00151652 -0.000510123 -4.5e-05 
v 0.001114 -0.0005 -4.5e-05 
v 0.00150736 -0.000583876 -4.5e-05 
v 0.00154134 -0.000375 -4.5e-05 
v 0.00150575 0.00015 -4.5e-05 
v 0.001114 0.0005 -4.5e-05 
v 0.00156148 0.000291862 -4.5e-05 
v 0.00158221 0.000220491 -4.5e-05 
v 0.00152861 0.000436793 -4.5e-05 
v 0.0015436 0.000364001 -4.5e-05 
v 0.00151652 0.000510123 -4.5e-05 
v 0.00156148 -0.000291862 -4.5e-05 
v 0.0015436 -0.000364001 -4.5e-05 
v 0.00150575 -0.00015 -4.5e-05 
v 0.00158221 -0.000220491 -4.5e-05 
v 0.00150736 0.000583876 -4.5e-05 
v 0.00160575 -0.00015 -4.5e-05 
v 0.00160575 0.00015 -4.5e-05 
v -0.000832135 -0.0005 -4.5e-05 
v -0.000530135 -0.0005 -4.5e-05 
v -0.00053 -0.0005 -4.5e-05 
v -0.00053 0.0005 -4.5e-05 
v -0.00053 -0.000375 -4.5e-05 
v -0.000832135 0.000595 -4.5e-05 
v -0.000530135 0.0005 -4.5e-05 
v -0.001114 0.0005 -4.5e-05 
v -0.000832135 0.0005 -4.5e-05 
v -0.001114 -0.0005 -4.5e-05 
v -0.001114 -0.000375 -4.5e-05 
v -0.001134 0.00086 -4.5e-05 
v -0.00150775 0.000976508 -4.5e-05 
v -0.00150805 0.000987363 -4.5e-05 
v -0.0015047 0.00103062 -4.5e-05 
v -0.00150272 0.0010413 -4.5e-05 
v -0.00150729 0.00100906 -4.5e-05 
v -0.00150622 0.00101987 -4.5e-05 
v -0.0015079 0.000998221 -4.5e-05 
v -0.00150575 0.000954885 -4.5e-05 
v -0.00150698 0.000965675 -4.5e-05 
v -0.001134 0.00069 -4.5e-05 
v -0.00149786 0.000732183 -4.5e-05 
v -0.00149754 0.000806502 -4.5e-05 
v -0.00150643 0.000595 -4.5e-05 
v -0.00150114 0.000657935 -4.5e-05 
v -0.00150017 0.000880775 -4.5e-05 
v -0.001124 0.00086 -4.5e-05 
v -0.000934 0.00086 -4.5e-05 
v -0.000934 0.00069 -4.5e-05 
v -0.001124 0.00069 -4.5e-05 
v -0.00119393 -0.00140607 -4.5e-05 
v -8.5e-05 7e-05 -4.5e-05 
vn 0 0 -1 
vn 0 0 -1 
vn 0 0 -1 
vn 0 0 -1 
vn 0 0 -1 
vn 0 0 -1 
vn 0 0 -1 
vn 0 0 -1 
vn 0 0 -1 
vn 0 0 -1 
vn 0 0 -1 
vn 0 0 -1 
vn 0 0 -1 
vn 0 0 -1 
vn 0 0 -1 
vn 0 0 -1 
vn 0 0 -1 
vn 0 0 -1 
vn 0 0 -1 
vn 0 0 -1 
vn 0 0 -1 
vn 0 0 -1 
vn 0 0 -1 
vn 0 0 -1 
vn 0 0 -1 
vn 0 0 -1 
vn 0 0 -1 
vn 0 0 -1 
vn 0 0 -1 
vn 0 0 -1 
vn 0 0 -1 
vn 0 0 -1 
vn 0 0 -1 
vn 0 0 -1 
vn 0 0 -1 
vn 0 0 -1 
vn 0 0 -1 
vn 0 0 -1 
vn 0 0 -1 
vn 0 0 -1 
vn 0 0 -1 
vn 0 0 -1 
vn 0 0 -1 
vn 0 0 -1 
vn 0 0 -1 
vn 0 0 -1 
vn 0 0 -1 
vn 0 0 -1 
vn 0 0 -1 
vn 0 0 -1 
vn 0 0 -1 
vn 0 0 -1 
vn 0 0 -1 
vn 0 0 -1 
vn 0 0 -1 
vn 0 0 -1 
vn 0 0 -1 
vn 0 0 -1 
vn 0 0 -1 
vn 0 0 -1 
vn 0 0 -1 
vn 0 0 -1 
vn 0 0 -1 
vn 0 0 -1 
vn 0 0 -1 
vn 0 0 -1 
vn 0 0 -1 
vn 0 0 -1 
vn 0 0 -1 
vn 0 0 -1 
vn 0 0 -1 
vn 0 0 -1 
vn 0 0 -1 
vn 0 0 -1 
vn 0 0 -1 
vn 0 0 -1 
vn 0 0 -1 
vn 0 0 -1 
vn 0 0 -1 
vn 0 0 -1 
vn 0 0 -1 
vn 0 0 -1 
vn 0 0 -1 
vn 0 0 -1 
vn 0 0 -1 
vn 0 0 -1 
vn 0 0 -1 
vn 0 0 -1 
vn 0 0 -1 
vn 0 0 -1 
vn 0 0 -1 
vn 0 0 -1 
vn 0 0 -1 
vn 0 0 -1 
vn 0 0 -1 
vn 0 0 -1 
vn 0 0 -1 
vn 0 0 -1 
vn 0 0 -1 
vn 0 0 -1 
vn 0 0 -1 
vn 0 0 -1 
vn 0 0 -1 
vn 0 0 -1 
vn 0 0 -1 
vn 0 0 -1 
vn 0 0 -1 
vn 0 0 -1 
vn 0 0 -1 
vn 0 0 -1 
vn 0 0 -1 
vn 0 0 -1 
vn 0 0 -1 
vn 0 0 -1 
vn 0 0 -1 
vn 0 0 -1 
vn 0 0 -1 
vn 0 0 -1 
vn 0 0 -1 
vn 0 0 -1 
vn 0 0 -1 
vn 0 0 -1 
vn 0 0 -1 
vn 0 0 -1 
vn 0 0 -1 
vn 0 0 -1 
vn 0 0 -1 
vn 0 0 -1 
vn 0 0 -1 
vn 0 0 -1 
vn 0 0 -1 
vn 0 0 -1 
vn 0 0 -1 
vn 0 0 -1 
vn 0 0 -1 
vn 0 0 -1 
vn 0 0 -1 
vn 0 0 -1 
vn 0 0 -1 
vn 0 0 -1 
vn 0 0 -1 
vn 0 0 -1 
vn 0 0 -1 
vn 0 0 -1 
vn 0 0 -1 
vn 0 0 -1 
vn 0 0 -1 
vn 0 0 -1 
vn 0 0 -1 
vn 0 0 -1 
vn 0 0 -1 
vn 0 0 -1 
vn 0 0 -1 
vn 0 0 -1 
vn 0 0 -1 
vn 0 0 -1 
vn 0 0 -1 
vn 0 0 -1 
vn 0 0 -1 
vn 0 0 -1 
vn 0 0 -1 
vn 0 0 -1 
vn 0 0 -1 
vn 0 0 -1 
vn 0 0 -1 
vn 0 0 -1 
vn 0 0 -1 
vn 0 0 -1 
vn 0 0 -1 
vn 0 0 -1 
vn 0 0 -1 
vn 0 0 -1 
vn 0 0 -1 
vn 0 0 -1 
vn 0 0 -1 
vn 0 0 -1 
vn 0 0 -1 
vn 0 0 -1 
vn 0 0 -1 
vn 0 0 -1 
vn 0 0 -1 
vn 0 0 -1 
vn 0 0 -1 
vn 0 0 -1 
vn 0 0 -1 
vn 0 0 -1 
vn 0 0 -1 
vn 0 0 -1 
vn 0 0 -1 
vn 0 0 -1 
vn 0 0 -1 
vn 0 0 -1 
vn 0 0 -1 
vn 0 0 -1 
vn 0 0 -1 
vn 0 0 -1 
vn 0 0 -1 
vn 0 0 -1 
vn 0 0 -1 
vn 0 0 -1 
vn 0 0 -1 
vn 0 0 -1 
vn 0 0 -1 
vn 0 0 -1 
vn 0 0 -1 
vn 0 0 -1 
vn 0 0 -1 
vn 0 0 -1 
vn 0 0 -1 
vn 0 0 -1 
vn 0 0 -1 
vn 0 0 -1 
vn 0 0 -1 
vn 0 0 -1 
vn 0 0 -1 
vn 0 0 -1 
vn 0 0 -1 
vn 0 0 -1 
vn 0 0 -1 
vn 0 0 -1 
vn 0 0 -1 
vn 0 0 -1 
vn 0 0 -1 
vn 0 0 -1 
vn 0 0 -1 
vn 0 0 -1 
vn 0 0 -1 
vn 0 0 -1 
vn 0 0 -1 
vn 0 0 -1 
vn 0 0 -1 
vn 0 0 -1 
vn 0 0 -1 
vn 0 0 -1 
vn 0 0 -1 
vn 0 0 -1 
vn 0 0 -1 
vn 0 0 -1 
vn 0 0 -1 
vn 0 0 -1 
vn 0 0 -1 
vn 0 0 -1 
vn 0 0 -1 
vn 0 0 -1 
vn 0 0 -1 
vn 0 0 -1 
vn 0 0 -1 
vn 0 0 -1 
vn 0 0 -1 
vn 0 0 -1 
vn 0 0 -1 
vn 0 0 -1 
vn 0 0 -1 
vn 0 0 -1 
vn 0 0 -1 
vn 0 0 -1 
vn 0 0 -1 
vn 0 0 -1 
vn 0 0 -1 
vn 0 0 -1 
vn 0 0 -1 
vn 0 0 -1 
vn 0 0 -1 
vn 0 0 -1 
vn 0 0 -1 
vn 0 0 -1 
vn 0 0 -1 
vn 0 0 -1 
vn 0 0 -1 
vn 0 0 -1 
vn 0 0 -1 
vn 0 0 -1 
vn 0 0 -1 
vn 0 0 -1 
vn 0 0 -1 
vn 0 0 -1 
vn 0 0 -1 
vn 0 0 -1 
vn 0 0 -1 
vn 0 0 -1 
vn 0 0 -1 
vn 0 0 -1 
vn 0 0 -1 
vn 0 0 -1 
vn 0 0 -1 
vn 0 0 -1 
vn 0 0 -1 
vn 0 0 -1 
vn 0 0 -1 
vn 0 0 -1 
vn 0 0 -1 
vn 0 0 -1 
vn 0 0 -1 
vn 0 0 -1 
vn 0 0 -1 
vn 0 0 -1 
vn 0 0 -1 
vn 0 0 -1 
vn 0 0 -1 
vn 0 0 -1 
vn 0 0 -1 
vn 0 0 -1 
vn 0 0 -1 
vn 0 0 -1 
vn 0 0 -1 
vn 0 0 -1 
vn 0 0 -1 
vn 0 0 -1 
vn 0 0 -1 
vn 0 0 -1 
vn 0 0 -1 
vn 0 0 -1 
vn 0 0 -1 
vn 0 0 -1 
vn 0 0 -1 
vn 0 0 -1 
vn 0 0 -1 
vn 0 0 -1 
vn 0 0 -1 
vn 0 0 -1 
vn 0 0 -1 
vn 0 0 -1 
vn 0 0 -1 
vn 0 0 -1 
vn 0 0 -1 
vn 0 0 -1 
vn 0 0 -1 
vn 0 0 -1 
vn 0 0 -1 
vn 0 0 -1 
vn 0 0 -1 
vn 0 0 -1 
vn 0 0 -1 
vn 0 0 -1 
vn 0 0 -1 
vn 0 0 -1 
vn 0 0 -1 
vn 0 0 -1 
vn 0 0 -1 
vn 0 0 -1 
vn 0 0 -1 
vn 0 0 -1 
vn 0 0 -1 
vn 0 0 -1 
vn 0 0 -1 
vn 0 0 -1 
vn 0 0 -1 
vn 0 0 -1 
vn 0 0 -1 
vn 0 0 -1 
vn 0 0 -1 
vn 0 0 -1 
vn 0 0 -1 
vn 0 0 -1 
vn 0 0 -1 
vn 0 0 -1 
vn 0 0 -1 
vn 0 0 -1 
vn 0 0 -1 
vn 0 0 -1 
vn 0 0 -1 
vn 0 0 -1 
vn 0 0 -1 
vn 0 0 -1 
vn 0 0 -1 
vn 0 0 -1 
vn 0 0 -1 
vn 0 0 -1 
vn 0 0 -1 
vn 0 0 -1 
vn 0 0 -1 
vn 0 0 -1 
vn 0 0 -1 
vn 0 0 -1 
vn 0 0 -1 
vn 0 0 -1 
vn 0 0 -1 
vn 0 0 -1 
vn 0 0 -1 
vn 0 0 -1 
vn 0 0 -1 
vn 0 0 -1 
vn 0 0 -1 
vn 0 0 -1 
vn 0 0 -1 
vn 0 0 -1 
vn 0 0 -1 
vn 0 0 -1 
vn 0 0 -1 
vn 0 0 -1 
vn 0 0 -1 
vn 0 0 -1 
vn 0 0 -1 
vn 0 0 -1 
vn 0 0 -1 
vn 0 0 -1 
vn 0 0 -1 
vn 0 0 -1 
vn 0 0 -1 
vn 0 0 -1 
vn 0 0 -1 
vn 0 0 -1 
vn 0 0 -1 
vn 0 0 -1 
vn 0 0 -1 
vn 0 0 -1 
vn 0 0 -1 
vn 0 0 -1 
vn 0 0 -1 
vn 0 0 -1 
vn 0 0 -1 
vn 0 0 -1 
vn 0 0 -1 
vn 0 0 -1 
vn 0 0 -1 
vn 0 0 -1 
vn 0 0 -1 
vn 0 0 -1 
vn 0 0 -1 
vn 0 0 -1 
vn 0 0 -1 
vn 0 0 -1 
vn 0 0 -1 
vn 0 0 -1 
vn 0 0 -1 
vn 0 0 -1 
vn 0 0 -1 
vn 0 0 -1 
vn 0 0 -1 
vn 0 0 -1 
vn 0 0 -1 
vn 0 0 -1 
vn 0 0 -1 
vn 0 0 -1 
vn 0 0 -1 
vn 0 0 -1 
vn 0 0 -1 
vn 0 0 -1 
vn 0 0 -1 
vn 0 0 -1 
vn 0 0 -1 
vn 0 0 -1 
vn 0 0 -1 
vn 0 0 -1 
vn 0 0 -1 
vn 0 0 -1 
vn 0 0 -1 
vn 0 0 -1 
vn 0 0 -1 
vn 0 0 -1 
vn 0 0 -1 
vn 0 0 -1 
vn 0 0 -1 
vn 0 0 -1 
vn 0 0 -1 
vn 0 0 -1 
vn 0 0 -1 
vn 0 0 -1 
vn 0 0 -1 
vn 0 0 -1 
vn 0 0 -1 
vn 0 0 -1 
vn 0 0 -1 
vn 0 0 -1 
vn 0 0 -1 
vn 0 0 -1 
vn 0 0 -1 
vn 0 0 -1 
vn 0 0 -1 
vn 0 0 -1 
vn 0 0 -1 
vn 0 0 -1 
vn 0 0 -1 
vn 0 0 -1 
vn 0 0 -1 
vn 0 0 -1 
vn 0 0 -1 
vn 0 0 -1 
vn 0 0 -1 
vn 0 0 -1 
vn 0 0 -1 
vn 0 0 -1 
vn 0 0 -1 
vn 0 0 -1 
vn 0 0 -1 
vn 0 0 -1 
vn 0 0 -1 
vn 0 0 -1 
vn 0 0 -1 
vn 0 0 -1 
vn 0 0 -1 
vn 0 0 -1 
vn 0 0 -1 
vn 0 0 -1 
vn 0 0 -1 
vn 0 0 -1 
vn 0 0 -1 
vn 0 0 -1 
vn 0 0 -1 
vn 0 0 -1 
vn 0 0 -1 
vn 0 0 -1 
vn 0 0 -1 
vn 0 0 -1 
vn 0 0 -1 
vn 0 0 -1 
vn 0 0 -1 
vn 0 0 -1 
vn 0 0 -1 
vn 0 0 -1 
vn 0 0 -1 
vn 0 0 -1 
vn 0 0 -1 
vn 0 0 -1 
vn 0 0 -1 
vn 0 0 -1 
vn 0 0 -1 
vn 0 0 -1 
vn 0 0 -1 
vn 0 0 -1 
vn 0 0 -1 
vn 0 0 -1 
vn 0 0 -1 
vn 0 0 -1 
vn 0 0 -1 
vn 0 0 -1 
vn 0 0 -1 
vn 0 0 -1 
vn 0 0 -1 
vn 0 0 -1 
vn 0 0 -1 
vn 0 0 -1 
vn 0 0 -1 
vn 0 0 -1 
vn 0 0 -1 
vn 0 0 -1 
vn 0 0 -1 
vn 0 0 -1 
vn 0 0 -1 
vn 0 0 -1 
vn 0 0 -1 
vn 0 0 -1 
vn 0 0 -1 
vn 0 0 -1 
vn 0 0 -1 
vn 0 0 -1 
vn 0 0 -1 
vn 0 0 -1 
vn 0 0 -1 
vn 0 0 -1 
vn 0 0 -1 
vn 0 0 -1 
vn 0 0 -1 
vn 0 0 -1 
vn 0 0 -1 
vn 0 0 -1 
vn 0 0 -1 
vn 0 0 -1 
vn 0 0 -1 
vn 0 0 -1 
vn 0 0 -1 
vn 0 0 -1 
vn 0 0 -1 
vn 0 0 -1 
vn 0 0 -1 
vn 0 0 -1 
vn 0 0 -1 
vn 0 0 -1 
vn 0 0 -1 
vn 0 0 -1 
vn 0 0 -1 
vn 0 0 -1 
vn 0 0 -1 
vn 0 0 -1 
vn 0 0 -1 
vn 0 0 -1 
vn 0 0 -1 
vn 0 0 -1 
vn 0 0 -1 
vn 0 0 -1 
vn 0 0 -1 
vn 0 0 -1 
vn 0 0 -1 
vn 0 0 -1 
vn 0 0 -1 
vn 0 0 -1 
vn 0 0 -1 
vn 0 0 -1 
vn 0 0 -1 
vn 0 0 -1 
vn 0 0 -1 
vn 0 0 -1 
vn 0 0 -1 
vn 0 0 -1 
vn 0 0 -1 
vn 0 0 -1 
vn 0 0 -1 
vn 0 0 -1 
vn 0 0 -1 
vn 0 0 -1 
vn 0 0 -1 
vn 0 0 -1 
vn 0 0 -1 
vn 0 0 -1 
vn 0 0 -1 
vn 0 0 -1 
vn 0 0 -1 
vn 0 0 -1 
vn 0 0 -1 
vn 0 0 -1 
vn 0 0 -1 
vn 0 0 -1 
vn 0 0 -1 
vn 0 0 -1 
vn 0 0 -1 
vn 0 0 -1 
vn 0 0 -1 
vn 0 0 -1 
vn 0 0 -1 
vn 0 0 -1 
vn 0 0 -1 
vn 0 0 -1 
vn 0 0 -1 
vn 0 0 -1 
vn 0 0 -1 
vn 0 0 -1 
vn 0 0 -1 
vn 0 0 -1 
vn 0 0 -1 
vn 0 0 -1 
vn 0 0 -1 
vn 0 0 -1 
vn 0 0 -1 
vn 0 0 -1 
vn 0 0 -1 
vn 0 0 -1 
vn 0 0 -1 
vn 0 0 -1 
vn 0 0 -1 
vn 0 0 -1 
vn 0 0 -1 
vn 0 0 -1 
vn 0 0 -1 
vn 0 0 -1 
vn 0 0 -1 
vn 0 0 -1 
vn 0 0 -1 
vn 0 0 -1 
vn 0 0 -1 
vn 0 0 -1 
vn 0 0 -1 
vn 0 0 -1 
vn 0 0 -1 
vn 0 0 -1 
vn 0 0 -1 
vn 0 0 -1 
vn 0 0 -1 
vn 0 0 -1 
vn 0 0 -1 
vn 0 0 -1 
vn 0 0 -1 
vn 0 0 -1 
vn 0 0 -1 
vn 0 0 -1 
vn 0 0 -1 
vn 0 0 -1 
vn 0 0 -1 
vn 0 0 -1 
vn 0 0 -1 
vn 0 0 -1 
vn 0 0 -1 
vn 0 0 -1 
vn 0 0 -1 
vn 0 0 -1 
vn 0 0 -1 
vn 0 0 -1 
vn 0 0 -1 
vn 0 0 -1 
vn 0 0 -1 
vn 0 0 -1 
vn 0 0 -1 
vn 0 0 -1 
vn 0 0 -1 
vn 0 0 -1 
vn 0 0 -1 
vn 0 0 -1 
vn 0 0 -1 
vn 0 0 -1 
vn 0 0 -1 
vn 0 0 -1 
vn 0 0 -1 
vn 0 0 -1 
vn 0 0 -1 
vn 0 0 -1 
vn 0 0 -1 
vn 0 0 -1 
vn 0 0 -1 
vn 0 0 -1 
vn 0 0 -1 
vn 0 0 -1 
vn 0 0 -1 
vn 0 0 -1 
vn 0 0 -1 
vn 0 0 -1 
vn 0 0 -1 
vn 0 0 -1 
vn 0 0 -1 
vn 0 0 -1 
vn 0 0 -1 
vn 0 0 -1 
vn 0 0 -1 
vn 0 0 -1 
vn 0 0 -1 
vn 0 0 -1 
f 1003//1003 1004//1004 1005//1005 
f 1005//1005 1004//1004 1006//1006 
f 1004//1004 1007//1007 1008//1008 
f 1009//1009 1010//1010 1008//1008 
f 1006//1006 1011//1011 1005//1005 
f 1008//1008 1007//1007 1009//1009 
f 1011//1011 1009//1009 1005//1005 
f 1011//1011 1010//1010 1009//1009 
f 1007//1007 1012//1012 1013//1013 
f 1014//1014 1015//1015 1016//1016 
f 1016//1016 1017//1017 1014//1014 
f 1014//1014 1013//1013 1018//1018 
f 1013//1013 1012//1012 1019//1019 
f 1016//1016 1012//1012 1017//1017 
f 1019//1019 1018//1018 1013//1013 
f 1018//1018 1015//1015 1014//1014 
f 1017//1017 1020//1020 1021//1021 
f 1022//1022 1023//1023 1024//1024 
f 1023//1023 1025//1025 1026//1026 
f 1023//1023 1022//1022 1027//1027 
f 1026//1026 1024//1024 1023//1023 
f 1027//1027 1028//1028 1029//1029 
f 1024//1024 1030//1030 1022//1022 
f 1031//1031 1032//1032 1026//1026 
f 1025//1025 1009//1009 1033//1033 
f 1033//1033 1009//1009 1034//1034 
f 1009//1009 1013//1013 1029//1029 
f 1027//1027 1013//1013 1023//1023 
f 1033//1033 1031//1031 1025//1025 
f 1029//1029 1034//1034 1009//1009 
f 1026//1026 1025//1025 1031//1031 
f 1029//1029 1013//1013 1027//1027 
f 1025//1025 1023//1023 1035//1035 
f 1036//1036 1037//1037 1038//1038 
f 1039//1039 1040//1040 1041//1041 
f 1037//1037 1042//1042 1043//1043 
f 1040//1040 1043//1043 1041//1041 
f 1043//1043 1038//1038 1037//1037 
f 1037//1037 1039//1039 1044//1044 
f 1043//1043 1040//1040 1038//1038 
f 1041//1041 1044//1044 1039//1039 
f 1039//1039 1035//1035 1045//1045 
f 1046//1046 1045//1045 1047//1047 
f 1048//1048 1046//1046 1049//1049 
f 1047//1047 1050//1050 1046//1046 
f 1035//1035 1051//1051 1047//1047 
f 1049//1049 1035//1035 1048//1048 
f 1047//1047 1045//1045 1035//1035 
f 1050//1050 1049//1049 1046//1046 
f 1048//1048 1052//1052 1053//1053 
f 1004//1004 1054//1054 1055//1055 
f 1004//1004 1056//1056 1054//1054 
f 1004//1004 1057//1057 1058//1058 
f 1004//1004 1059//1059 1056//1056 
f 1004//1004 1060//1060 1061//1061 
f 1004//1004 1062//1062 1063//1063 
f 1004//1004 1064//1064 1065//1065 
f 1004//1004 1066//1066 1067//1067 
f 1058//1058 1068//1068 1004//1004 
f 1003//1003 1069//1069 1070//1070 
f 1071//1071 1072//1072 1073//1073 
f 1074//1074 1075//1075 1076//1076 
f 1077//1077 1078//1078 1079//1079 
f 1077//1077 1080//1080 1081//1081 
f 1077//1077 1004//1004 1082//1082 
f 1061//1061 1059//1059 1004//1004 
f 1065//1065 1062//1062 1004//1004 
f 1004//1004 1083//1083 1084//1084 
f 1068//1068 1066//1066 1004//1004 
f 1003//1003 1085//1085 1086//1086 
f 1070//1070 1087//1087 1003//1003 
f 1073//1073 1088//1088 1071//1071 
f 1077//1077 1089//1089 1074//1074 
f 1077//1077 1090//1090 1091//1091 
f 1081//1081 1078//1078 1077//1077 
f 1082//1082 1092//1092 1077//1077 
f 1004//1004 1093//1093 1094//1094 
f 1063//1063 1060//1060 1004//1004 
f 1067//1067 1083//1083 1004//1004 
f 1003//1003 1095//1095 1096//1096 
f 1003//1003 1097//1097 1098//1098 
f 1086//1086 1099//1099 1003//1003 
f 1087//1087 1100//1100 1003//1003 
f 1072//1072 1101//1101 1073//1073 
f 1072//1072 1102//1102 1103//1103 
f 1072//1072 1104//1104 1105//1105 
f 1072//1072 1076//1076 1106//1106 
f 1076//1076 1077//1077 1074//1074 
f 1091//1091 1107//1107 1077//1077 
f 1077//1077 1108//1108 1080//1080 
f 1092//1092 1109//1109 1077//1077 
f 1094//1094 1110//1110 1004//1004 
f 1084//1084 1064//1064 1004//1004 
f 1096//1096 1111//1111 1003//1003 
f 1003//1003 1112//1112 1097//1097 
f 1100//1100 1085//1085 1003//1003 
f 1072//1072 1113//1113 1101//1101 
f 1105//1105 1102//1102 1072//1072 
f 1072//1072 1114//1114 1115//1115 
f 1076//1076 1116//1116 1106//1106 
f 1076//1076 1117//1117 1118//1118 
f 1076//1076 1119//1119 1120//1120 
f 1075//1075 1121//1121 1076//1076 
f 1077//1077 1122//1122 1123//1123 
f 1077//1077 1124//1124 1125//1125 
f 1079//1079 1090//1090 1077//1077 
f 1109//1109 1126//1126 1077//1077 
f 1110//1110 1127//1127 1004//1004 
f 1055//1055 1128//1128 1004//1004 
f 1004//1004 1003//1003 1129//1129 
f 1003//1003 1130//1130 1131//1131 
f 1003//1003 1132//1132 1133//1133 
f 1003//1003 1134//1134 1095//1095 
f 1099//1099 1112//1112 1003//1003 
f 1003//1003 1135//1135 1136//1136 
f 1137//1137 1138//1138 1139//1139 
f 1137//1137 1140//1140 1141//1141 
f 1142//1142 1143//1143 1144//1144 
f 1143//1143 1142//1142 1071//1071 
f 1103//1103 1113//1113 1072//1072 
f 1106//1106 1114//1114 1072//1072 
f 1120//1120 1117//1117 1076//1076 
f 1123//1123 1089//1089 1077//1077 
f 1077//1077 1145//1145 1146//1146 
f 1077//1077 1147//1147 1148//1148 
f 1077//1077 1149//1149 1124//1124 
f 1126//1126 1108//1108 1077//1077 
f 1128//1128 1093//1093 1004//1004 
f 1004//1004 1150//1150 1151//1151 
f 1004//1004 1152//1152 1153//1153 
f 1003//1003 1154//1154 1129//1129 
f 1003//1003 1155//1155 1156//1156 
f 1003//1003 1157//1157 1130//1130 
f 1003//1003 1158//1158 1159//1159 
f 1003//1003 1160//1160 1132//1132 
f 1098//1098 1134//1134 1003//1003 
f 1136//1136 1161//1161 1003//1003 
f 1137//1137 1162//1162 1163//1163 
f 1137//1137 1164//1164 1138//1138 
f 1137//1137 1165//1165 1140//1140 
f 1166//1166 1137//1137 1142//1142 
f 1144//1144 1167//1167 1142//1142 
f 1071//1071 1168//1168 1169//1169 
f 1115//1115 1104//1104 1072//1072 
f 1121//1121 1119//1119 1076//1076 
f 1077//1077 1170//1170 1145//1145 
f 1077//1077 1171//1171 1172//1172 
f 1125//1125 1147//1147 1077//1077 
f 1127//1127 1082//1082 1004//1004 
f 1004//1004 1173//1173 1150//1150 
f 1004//1004 1174//1174 1152//1152 
f 1004//1004 1175//1175 1176//1176 
f 1004//1004 1177//1177 1178//1178 
f 1156//1156 1154//1154 1003//1003 
f 1131//1131 1179//1179 1003//1003 
f 1133//1133 1158//1158 1003//1003 
f 1161//1161 1069//1069 1003//1003 
f 1003//1003 1137//1137 1180//1180 
f 1137//1137 1181//1181 1182//1182 
f 1137//1137 1183//1183 1184//1184 
f 1137//1137 1185//1185 1162//1162 
f 1141//1141 1164//1164 1137//1137 
f 1142//1142 1186//1186 1166//1166 
f 1167//1167 1187//1187 1142//1142 
f 1071//1071 1188//1188 1168//1168 
f 1118//1118 1116//1116 1076//1076 
f 1077//1077 1189//1189 1190//1190 
f 1172//1172 1170//1170 1077//1077 
f 1107//1107 1149//1149 1077//1077 
f 1153//1153 1173//1173 1004//1004 
f 1178//1178 1175//1175 1004//1004 
f 1004//1004 1191//1191 1192//1192 
f 1004//1004 1193//1193 1194//1194 
f 1179//1179 1155//1155 1003//1003 
f 1111//1111 1160//1160 1003//1003 
f 1180//1180 1195//1195 1003//1003 
f 1137//1137 1196//1196 1197//1197 
f 1184//1184 1181//1181 1137//1137 
f 1163//1163 1198//1198 1137//1137 
f 1166//1166 1165//1165 1137//1137 
f 1071//1071 1169//1169 1143//1143 
f 1190//1190 1122//1122 1077//1077 
f 1148//1148 1171//1171 1077//1077 
f 1176//1176 1174//1174 1004//1004 
f 1194//1194 1191//1191 1004//1004 
f 1159//1159 1157//1157 1003//1003 
f 1197//1197 1180//1180 1137//1137 
f 1198//1198 1183//1183 1137//1137 
f 1187//1187 1186//1186 1142//1142 
f 1071//1071 1199//1199 1200//1200 
f 1146//1146 1189//1189 1077//1077 
f 1004//1004 1201//1201 1202//1202 
f 1192//1192 1177//1177 1004//1004 
f 1195//1195 1135//1135 1003//1003 
f 1139//1139 1185//1185 1137//1137 
f 1200//1200 1203//1203 1071//1071 
f 1202//1202 1057//1057 1004//1004 
f 1129//1129 1193//1193 1004//1004 
f 1203//1203 1188//1188 1071//1071 
f 1151//1151 1201//1201 1004//1004 
f 1088//1088 1199//1199 1071//1071 
f 1007//1007 1004//1004 1204//1204 
f 1007//1007 1205//1205 1206//1206 
f 1004//1004 1077//1077 1204//1204 
f 1204//1204 1205//1205 1007//1007 
f 1206//1206 1207//1207 1007//1007 
f 1208//1208 1209//1209 1210//1210 
f 1211//1211 1012//1012 1212//1212 
f 1007//1007 1210//1210 1212//1212 
f 1007//1007 1213//1213 1208//1208 
f 1212//1212 1214//1214 1211//1211 
f 1210//1210 1007//1007 1208//1208 
f 1212//1212 1012//1012 1007//1007 
f 1017//1017 1215//1215 1216//1216 
f 1017//1017 1217//1217 1215//1215 
f 1017//1017 1218//1218 1217//1217 
f 1012//1012 1219//1219 1218//1218 
f 1218//1218 1017//1017 1012//1012 
f 1020//1020 1220//1220 1221//1221 
f 1020//1020 1222//1222 1220//1220 
f 1020//1020 1223//1223 1224//1224 
f 1020//1020 1225//1225 1222//1222 
f 1020//1020 1226//1226 1227//1227 
f 1020//1020 1228//1228 1229//1229 
f 1020//1020 1230//1230 1231//1231 
f 1020//1020 1232//1232 1233//1233 
f 1224//1224 1234//1234 1020//1020 
f 1017//1017 1235//1235 1236//1236 
f 1237//1237 1238//1238 1239//1239 
f 1240//1240 1241//1241 1242//1242 
f 1243//1243 1244//1244 1245//1245 
f 1243//1243 1246//1246 1247//1247 
f 1227//1227 1225//1225 1020//1020 
f 1231//1231 1228//1228 1020//1020 
f 1020//1020 1248//1248 1249//1249 
f 1234//1234 1232//1232 1020//1020 
f 1017//1017 1250//1250 1251//1251 
f 1236//1236 1252//1252 1017//1017 
f 1239//1239 1253//1253 1237//1237 
f 1240//1240 1254//1254 1241//1241 
f 1243//1243 1255//1255 1256//1256 
f 1247//1247 1244//1244 1243//1243 
f 1020//1020 1257//1257 1258//1258 
f 1229//1229 1226//1226 1020//1020 
f 1233//1233 1248//1248 1020//1020 
f 1017//1017 1259//1259 1260//1260 
f 1017//1017 1261//1261 1262//1262 
f 1251//1251 1263//1263 1017//1017 
f 1252//1252 1264//1264 1017//1017 
f 1239//1239 1265//1265 1253//1253 
f 1239//1239 1266//1266 1267//1267 
f 1239//1239 1268//1268 1269//1269 
f 1270//1270 1271//1271 1272//1272 
f 1242//1242 1270//1270 1240//1240 
f 1256//1256 1273//1273 1243//1243 
f 1243//1243 1274//1274 1246//1246 
f 1243//1243 1275//1275 1276//1276 
f 1243//1243 1277//1277 1278//1278 
f 1243//1243 1258//1258 1279//1279 
f 1020//1020 1280//1280 1257//1257 
f 1249//1249 1230//1230 1020//1020 
f 1260//1260 1281//1281 1017//1017 
f 1017//1017 1282//1282 1261//1261 
f 1264//1264 1250//1250 1017//1017 
f 1239//1239 1283//1283 1265//1265 
f 1269//1269 1266//1266 1239//1239 
f 1272//1272 1239//1239 1270//1270 
f 1270//1270 1284//1284 1285//1285 
f 1270//1270 1286//1286 1287//1287 
f 1270//1270 1288//1288 1289//1289 
f 1242//1242 1290//1290 1270//1270 
f 1240//1240 1291//1291 1292//1292 
f 1293//1293 1294//1294 1240//1240 
f 1295//1295 1296//1296 1297//1297 
f 1243//1243 1298//1298 1299//1299 
f 1245//1245 1255//1255 1243//1243 
f 1278//1278 1275//1275 1243//1243 
f 1258//1258 1243//1243 1020//1020 
f 1221//1221 1300//1300 1020//1020 
f 1017//1017 1301//1301 1302//1302 
f 1017//1017 1303//1303 1304//1304 
f 1017//1017 1305//1305 1259//1259 
f 1263//1263 1282//1282 1017//1017 
f 1017//1017 1306//1306 1307//1307 
f 1238//1238 1308//1308 1309//1309 
f 1238//1238 1310//1310 1311//1311 
f 1238//1238 1312//1312 1313//1313 
f 1267//1267 1283//1283 1239//1239 
f 1285//1285 1271//1271 1270//1270 
f 1289//1289 1286//1286 1270//1270 
f 1292//1292 1254//1254 1240//1240 
f 1240//1240 1297//1297 1293//1293 
f 1297//1297 1243//1243 1295//1295 
f 1243//1243 1314//1314 1298//1298 
f 1276//1276 1274//1274 1243//1243 
f 1300//1300 1280//1280 1020//1020 
f 1020//1020 1315//1315 1316//1316 
f 1020//1020 1317//1317 1318//1318 
f 1017//1017 1319//1319 1320//1320 
f 1017//1017 1321//1321 1322//1322 
f 1017//1017 1323//1323 1324//1324 
f 1017//1017 1325//1325 1301//1301 
f 1017//1017 1326//1326 1327//1327 
f 1017//1017 1328//1328 1303//1303 
f 1262//1262 1305//1305 1017//1017 
f 1307//1307 1329//1329 1017//1017 
f 1238//1238 1330//1330 1331//1331 
f 1238//1238 1332//1332 1308//1308 
f 1238//1238 1333//1333 1310//1310 
f 1313//1313 1334//1334 1238//1238 
f 1238//1238 1335//1335 1336//1336 
f 1272//1272 1268//1268 1239//1239 
f 1290//1290 1288//1288 1270//1270 
f 1297//1297 1337//1337 1293//1293 
f 1297//1297 1338//1338 1339//1339 
f 1299//1299 1295//1295 1243//1243 
f 1279//1279 1277//1277 1243//1243 
f 1020//1020 1340//1340 1315//1315 
f 1020//1020 1341//1341 1317//1317 
f 1020//1020 1342//1342 1343//1343 
f 1320//1320 1020//1020 1017//1017 
f 1324//1324 1321//1321 1017//1017 
f 1302//1302 1344//1344 1017//1017 
f 1304//1304 1326//1326 1017//1017 
f 1329//1329 1235//1235 1017//1017 
f 1017//1017 1238//1238 1345//1345 
f 1238//1238 1346//1346 1347//1347 
f 1238//1238 1348//1348 1349//1349 
f 1238//1238 1350//1350 1330//1330 
f 1311//1311 1332//1332 1238//1238 
f 1238//1238 1351//1351 1352//1352 
f 1334//1334 1353//1353 1238//1238 
f 1238//1238 1354//1354 1335//1335 
f 1287//1287 1284//1284 1270//1270 
f 1240//1240 1355//1355 1356//1356 
f 1339//1339 1337//1337 1297//1297 
f 1273//1273 1314//1314 1243//1243 
f 1318//1318 1340//1340 1020//1020 
f 1320//1320 1342//1342 1020//1020 
f 1017//1017 1357//1357 1358//1358 
f 1017//1017 1359//1359 1360//1360 
f 1344//1344 1323//1323 1017//1017 
f 1281//1281 1328//1328 1017//1017 
f 1017//1017 1361//1361 1362//1362 
f 1345//1345 1363//1363 1017//1017 
f 1349//1349 1346//1346 1238//1238 
f 1331//1331 1364//1364 1238//1238 
f 1352//1352 1333//1333 1238//1238 
f 1336//1336 1312//1312 1238//1238 
f 1356//1356 1291//1291 1240//1240 
f 1296//1296 1338//1338 1297//1297 
f 1343//1343 1341//1341 1020//1020 
f 1360//1360 1357//1357 1017//1017 
f 1327//1327 1325//1325 1017//1017 
f 1363//1363 1361//1361 1017//1017 
f 1364//1364 1348//1348 1238//1238 
f 1353//1353 1351//1351 1238//1238 
f 1238//1238 1365//1365 1366//1366 
f 1294//1294 1355//1355 1240//1240 
f 1020//1020 1367//1367 1368//1368 
f 1358//1358 1319//1319 1017//1017 
f 1362//1362 1306//1306 1017//1017 
f 1309//1309 1350//1350 1238//1238 
f 1366//1366 1369//1369 1238//1238 
f 1368//1368 1223//1223 1020//1020 
f 1322//1322 1359//1359 1017//1017 
f 1369//1369 1354//1354 1238//1238 
f 1316//1316 1367//1367 1020//1020 
f 1237//1237 1365//1365 1238//1238 
f 1370//1370 1371//1371 1372//1372 
f 1372//1372 1373//1373 1370//1370 
f 1370//1370 1374//1374 1375//1375 
f 1370//1370 1376//1376 1377//1377 
f 1378//1378 1379//1379 1380//1380 
f 1370//1370 1381//1381 1382//1382 
f 1370//1370 1383//1383 1371//1371 
f 1377//1377 1374//1374 1370//1370 
f 1370//1370 1384//1384 1385//1385 
f 1370//1370 1386//1386 1387//1387 
f 1378//1378 1388//1388 1389//1389 
f 1380//1380 1390//1390 1378//1378 
f 1373//1373 1381//1381 1370//1370 
f 1370//1370 1391//1391 1392//1392 
f 1385//1385 1376//1376 1370//1370 
f 1370//1370 1393//1393 1386//1386 
f 1378//1378 1394//1394 1395//1395 
f 1389//1389 1396//1396 1378//1378 
f 1378//1378 1397//1397 1398//1398 
f 1390//1390 1399//1399 1378//1378 
f 1370//1370 1400//1400 1401//1401 
f 1370//1370 1402//1402 1403//1403 
f 1392//1392 1383//1383 1370//1370 
f 1387//1387 1384//1384 1370//1370 
f 1396//1396 1394//1394 1378//1378 
f 1399//1399 1397//1397 1378//1378 
f 1378//1378 1404//1404 1405//1405 
f 1370//1370 1406//1406 1400//1400 
f 1370//1370 1407//1407 1408//1408 
f 1403//1403 1409//1409 1370//1370 
f 1375//1375 1391//1391 1370//1370 
f 1378//1378 1410//1410 1411//1411 
f 1398//1398 1388//1388 1378//1378 
f 1405//1405 1412//1412 1378//1378 
f 1408//1408 1406//1406 1370//1370 
f 1382//1382 1402//1402 1370//1370 
f 1378//1378 1413//1413 1410//1410 
f 1412//1412 1379//1379 1378//1378 
f 1409//1409 1407//1407 1370//1370 
f 1414//1414 1393//1393 1370//1370 
f 1395//1395 1413//1413 1378//1378 
f 1020//1020 1370//1370 1378//1378 
f 1370//1370 1020//1020 1414//1414 
f 1378//1378 1415//1415 1020//1020 
f 1020//1020 1243//1243 1414//1414 
f 1401//1401 1416//1416 1370//1370 
f 1417//1417 1418//1418 1419//1419 
f 1417//1417 1420//1420 1421//1421 
f 1417//1417 1422//1422 1418//1418 
f 1417//1417 1415//1415 1420//1420 
f 1417//1417 1423//1423 1424//1424 
f 1421//1421 1422//1422 1417//1417 
f 1419//1419 1423//1423 1417//1417 
f 1425//1425 1417//1417 1426//1426 
f 1424//1424 1427//1427 1417//1417 
f 1426//1426 1428//1428 1425//1425 
f 1427//1427 1429//1429 1417//1417 
f 1428//1428 1430//1430 1425//1425 
f 1429//1429 1431//1431 1417//1417 
f 1021//1021 1020//1020 1432//1432 
f 1020//1020 1415//1415 1417//1417 
f 1431//1431 1426//1426 1417//1417 
f 1021//1021 1433//1433 1425//1425 
f 1417//1417 1432//1432 1020//1020 
f 1425//1425 1434//1434 1021//1021 
f 1430//1430 1434//1434 1425//1425 
f 1435//1435 1436//1436 1437//1437 
f 1435//1435 1438//1438 1436//1436 
f 1435//1435 1439//1439 1440//1440 
f 1435//1435 1441//1441 1438//1438 
f 1440//1440 1442//1442 1435//1435 
f 1435//1435 1443//1443 1444//1444 
f 1435//1435 1445//1445 1446//1446 
f 1442//1442 1441//1441 1435//1435 
f 1435//1435 1447//1447 1448//1448 
f 1444//1444 1449//1449 1435//1435 
f 1435//1435 1450//1450 1445//1445 
f 1435//1435 1451//1451 1452//1452 
f 1448//1448 1439//1439 1435//1435 
f 1446//1446 1443//1443 1435//1435 
f 1435//1435 1453//1453 1454//1454 
f 1452//1452 1455//1455 1435//1435 
f 1435//1435 1456//1456 1457//1457 
f 1449//1449 1447//1447 1435//1435 
f 1454//1454 1458//1458 1435//1435 
f 1457//1457 1451//1451 1435//1435 
f 1435//1435 1459//1459 1460//1460 
f 1458//1458 1450//1450 1435//1435 
f 1460//1460 1456//1456 1435//1435 
f 1455//1455 1453//1453 1435//1435 
f 1435//1435 1461//1461 1459//1459 
f 1435//1435 1462//1462 1461//1461 
f 1052//1052 1435//1435 1463//1463 
f 1435//1435 1464//1464 1462//1462 
f 1435//1435 1465//1465 1466//1466 
f 1052//1052 1465//1465 1435//1435 
f 1466//1466 1464//1464 1435//1435 
f 1437//1437 1467//1467 1435//1435 
f 1468//1468 1469//1469 1470//1470 
f 1468//1468 1471//1471 1472//1472 
f 1468//1468 1473//1473 1474//1474 
f 1470//1470 1475//1475 1468//1468 
f 1472//1472 1476//1476 1468//1468 
f 1468//1468 1477//1477 1478//1478 
f 1474//1474 1479//1479 1468//1468 
f 1468//1468 1480//1480 1481//1481 
f 1468//1468 1482//1482 1483//1483 
f 1468//1468 1484//1484 1485//1485 
f 1468//1468 1486//1486 1487//1487 
f 1476//1476 1469//1469 1468//1468 
f 1479//1479 1477//1477 1468//1468 
f 1468//1468 1488//1488 1489//1489 
f 1483//1483 1480//1480 1468//1468 
f 1485//1485 1490//1490 1468//1468 
f 1475//1475 1486//1486 1468//1468 
f 1489//1489 1473//1473 1468//1468 
f 1490//1490 1482//1482 1468//1468 
f 1468//1468 1491//1491 1492//1492 
f 1478//1478 1471//1471 1468//1468 
f 1492//1492 1484//1484 1468//1468 
f 1481//1481 1488//1488 1468//1468 
f 1053//1053 1468//1468 1493//1493 
f 1487//1487 1494//1494 1468//1468 
f 1494//1494 1493//1493 1468//1468 
f 1493//1493 1495//1495 1053//1053 
f 1053//1053 1463//1463 1468//1468 
f 1046//1046 1053//1053 1496//1496 
f 1046//1046 1497//1497 1498//1498 
f 1053//1053 1499//1499 1496//1496 
f 1496//1496 1497//1497 1046//1046 
f 1053//1053 1500//1500 1499//1499 
f 1045//1045 1501//1501 1502//1502 
f 1045//1045 1503//1503 1501//1501 
f 1046//1046 1504//1504 1503//1503 
f 1503//1503 1045//1045 1046//1046 
f 1040//1040 1505//1505 1506//1506 
f 1505//1505 1507//1507 1506//1506 
f 1045//1045 1508//1508 1505//1505 
f 1045//1045 1509//1509 1510//1510 
f 1505//1505 1040//1040 1045//1045 
f 1510//1510 1508//1508 1045//1045 
f 1510//1510 1511//1511 1508//1508 
f 1038//1038 1040//1040 1512//1512 
f 1040//1040 1513//1513 1512//1512 
f 1040//1040 1514//1514 1513//1513 
f 1040//1040 1515//1515 1514//1514 
f 1038//1038 1516//1516 1517//1517 
f 1038//1038 1518//1518 1516//1516 
f 1519//1519 1517//1517 1520//1520 
f 1038//1038 1521//1521 1518//1518 
f 1517//1517 1519//1519 1038//1038 
f 1522//1522 1523//1523 1524//1524 
f 1522//1522 1525//1525 1526//1526 
f 1526//1526 1523//1523 1522//1522 
f 1522//1522 1527//1527 1525//1525 
f 1522//1522 1528//1528 1529//1529 
f 1522//1522 1530//1530 1527//1527 
f 1524//1524 1528//1528 1522//1522 
f 1529//1529 1531//1531 1522//1522 
f 1532//1532 1530//1530 1522//1522 
f 1533//1533 1534//1534 1535//1535 
f 1533//1533 1536//1536 1537//1537 
f 1533//1533 1538//1538 1539//1539 
f 1533//1533 1540//1540 1541//1541 
f 1533//1533 1542//1542 1532//1532 
f 1535//1535 1543//1543 1533//1533 
f 1533//1533 1544//1544 1545//1545 
f 1537//1537 1546//1546 1533//1533 
f 1541//1541 1538//1538 1533//1533 
f 1543//1543 1542//1542 1533//1533 
f 1546//1546 1544//1544 1533//1533 
f 1533//1533 1547//1547 1540//1540 
f 1533//1533 1548//1548 1549//1549 
f 1545//1545 1534//1534 1533//1533 
f 1549//1549 1547//1547 1533//1533 
f 1539//1539 1536//1536 1533//1533 
f 1519//1519 1550//1550 1548//1548 
f 1548//1548 1533//1533 1519//1519 
f 1519//1519 1551//1551 1550//1550 
f 1522//1522 1533//1533 1532//1532 
f 1036//1036 1552//1552 1553//1553 
f 1036//1036 1519//1519 1552//1552 
f 1554//1554 1555//1555 1556//1556 
f 1554//1554 1557//1557 1558//1558 
f 1556//1556 1559//1559 1554//1554 
f 1558//1558 1560//1560 1554//1554 
f 1554//1554 1561//1561 1562//1562 
f 1554//1554 1563//1563 1564//1564 
f 1554//1554 1565//1565 1566//1566 
f 1559//1559 1567//1567 1554//1554 
f 1554//1554 1568//1568 1569//1569 
f 1562//1562 1557//1557 1554//1554 
f 1554//1554 1570//1570 1563//1563 
f 1554//1554 1571//1571 1572//1572 
f 1567//1567 1565//1565 1554//1554 
f 1554//1554 1573//1573 1568//1568 
f 1564//1564 1561//1561 1554//1554 
f 1554//1554 1574//1574 1571//1571 
f 1566//1566 1575//1575 1554//1554 
f 1560//1560 1573//1573 1554//1554 
f 1554//1554 1576//1576 1574//1574 
f 1554//1554 1577//1577 1578//1578 
f 1569//1569 1555//1555 1554//1554 
f 1578//1578 1576//1576 1554//1554 
f 1579//1579 1554//1554 1580//1580 
f 1572//1572 1570//1570 1554//1554 
f 1579//1579 1581//1581 1582//1582 
f 1580//1580 1583//1583 1579//1579 
f 1575//1575 1584//1584 1554//1554 
f 1583//1583 1581//1581 1579//1579 
f 1584//1584 1585//1585 1554//1554 
f 1585//1585 1580//1580 1554//1554 
f 1579//1579 1553//1553 1554//1554 
f 1579//1579 1586//1586 1587//1587 
f 1588//1588 1587//1587 1589//1589 
f 1579//1579 1590//1590 1586//1586 
f 1587//1587 1588//1588 1579//1579 
f 1591//1591 1592//1592 1593//1593 
f 1594//1594 1595//1595 1592//1592 
f 1592//1592 1591//1591 1594//1594 
f 1596//1596 1588//1588 1597//1597 
f 1591//1591 1598//1598 1599//1599 
f 1594//1594 1600//1600 1595//1595 
f 1597//1597 1601//1601 1596//1596 
f 1588//1588 1602//1602 1603//1603 
f 1593//1593 1598//1598 1591//1591 
f 1588//1588 1596//1596 1594//1594 
f 1603//1603 1597//1597 1588//1588 
f 1599//1599 1604//1604 1591//1591 
f 1601//1601 1605//1605 1596//1596 
f 1594//1594 1591//1591 1588//1588 
f 1606//1606 1607//1607 1608//1608 
f 1606//1606 1609//1609 1610//1610 
f 1606//1606 1611//1611 1607//1607 
f 1606//1606 1612//1612 1613//1613 
f 1606//1606 1614//1614 1615//1615 
f 1606//1606 1616//1616 1609//1609 
f 1608//1608 1617//1617 1606//1606 
f 1606//1606 1618//1618 1619//1619 
f 1615//1615 1612//1612 1606//1606 
f 1606//1606 1620//1620 1621//1621 
f 1617//1617 1616//1616 1606//1606 
f 1613//1613 1618//1618 1606//1606 
f 1621//1621 1622//1622 1606//1606 
f 1619//1619 1611//1611 1606//1606 
f 1610//1610 1620//1620 1606//1606 
f 1622//1622 1623//1623 1606//1606 
f 1623//1623 1624//1624 1606//1606 
f 1606//1606 1625//1625 1614//1614 
f 1626//1626 1627//1627 1628//1628 
f 1626//1626 1629//1629 1630//1630 
f 1626//1626 1631//1631 1632//1632 
f 1628//1628 1633//1633 1626//1626 
f 1626//1626 1634//1634 1629//1629 
f 1633//1633 1631//1631 1626//1626 
f 1632//1632 1634//1634 1626//1626 
f 1626//1626 1635//1635 1627//1627 
f 1636//1636 1637//1637 1638//1638 
f 1636//1636 1639//1639 1640//1640 
f 1638//1638 1641//1641 1636//1636 
f 1641//1641 1639//1639 1636//1636 
f 1636//1636 1642//1642 1643//1643 
f 1636//1636 1644//1644 1645//1645 
f 1643//1643 1637//1637 1636//1636 
f 1636//1636 1646//1646 1644//1644 
f 1636//1636 1647//1647 1648//1648 
f 1645//1645 1642//1642 1636//1636 
f 1640//1640 1647//1647 1636//1636 
f 1636//1636 1649//1649 1650//1650 
f 1636//1636 1651//1651 1652//1652 
f 1650//1650 1646//1646 1636//1636 
f 1648//1648 1651//1651 1636//1636 
f 1649//1649 1636//1636 1626//1626 
f 1653//1653 1003//1003 1636//1636 
f 1626//1626 1654//1654 1649//1649 
f 1652//1652 1655//1655 1636//1636 
f 1636//1636 1655//1655 1653//1653 
f 1003//1003 1625//1625 1656//1656 
f 1656//1656 1636//1636 1003//1003 
f 1014//1014 1021//1021 1657//1657 
f 1023//1023 1013//1013 1658//1658 
f 1014//1014 1659//1659 1658//1658 
f 1658//1658 1013//1013 1014//1014 
f 1048//1048 1035//1035 1660//1660 
f 1023//1023 1661//1661 1660//1660 
f 1660//1660 1035//1035 1023//1023 
f 1662//1662 1663//1663 1052//1052 
f 1664//1664 1665//1665 1666//1666 
f 1667//1667 1666//1666 1668//1668 
f 1664//1664 1669//1669 1665//1665 
f 1666//1666 1667//1667 1664//1664 
f 1052//1052 1663//1663 1667//1667 
f 1667//1667 1465//1465 1052//1052 
f 1670//1670 1671//1671 1672//1672 
f 1672//1672 1673//1673 1670//1670 
f 1671//1671 1674//1674 1675//1675 
f 1675//1675 1672//1672 1671//1671 
f 1671//1671 1676//1676 1674//1674 
f 1664//1664 1677//1677 1678//1678 
f 1679//1679 1680//1680 1677//1677 
f 1671//1671 1681//1681 1676//1676 
f 1677//1677 1664//1664 1679//1679 
f 1664//1664 1671//1671 1670//1670 
f 1671//1671 1434//1434 1681//1681 
f 1679//1679 1682//1682 1680//1680 
f 1673//1673 1683//1683 1670//1670 
f 1021//1021 1434//1434 1671//1671 
f 1670//1670 1679//1679 1664//1664 
f 1678//1678 1669//1669 1664//1664 
f 1684//1684 1685//1685 1037//1037 
f 1025//1025 1039//1039 1686//1686 
f 1037//1037 1685//1685 1686//1686 
f 1686//1686 1039//1039 1037//1037 
f 1005//1005 1009//1009 1687//1687 
f 1025//1025 1688//1688 1687//1687 
f 1687//1687 1009//1009 1025//1025 
f 1689//1689 1005//1005 1690//1690 
f 1588//1588 1591//1591 1691//1691 
f 1689//1689 1692//1692 1691//1691 
f 1691//1691 1591//1591 1689//1689 
f 1036//1036 1579//1579 1693//1693 
f 1588//1588 1694//1694 1693//1693 
f 1693//1693 1579//1579 1588//1588 
f 1695//1695 1696//1696 1697//1697 
f 1695//1695 1698//1698 1699//1699 
f 1695//1695 1700//1700 1701//1701 
f 1697//1697 1702//1702 1695//1695 
f 1695//1695 1703//1703 1704//1704 
f 1701//1701 1698//1698 1695//1695 
f 1704//1704 1696//1696 1695//1695 
f 1705//1705 1706//1706 1707//1707 
f 1702//1702 1700//1700 1695//1695 
f 1707//1707 1695//1695 1705//1705 
f 1705//1705 1708//1708 1709//1709 
f 1695//1695 1710//1710 1703//1703 
f 1709//1709 1706//1706 1705//1705 
f 1591//1591 1708//1708 1705//1705 
f 1707//1707 1710//1710 1695//1695 
f 1699//1699 1614//1614 1695//1695 
f 1625//1625 1711//1711 1695//1695 
f 1695//1695 1614//1614 1625//1625 
f 1625//1625 1003//1003 1712//1712 
f 1689//1689 1713//1713 1712//1712 
f 1712//1712 1003//1003 1689//1689 
f 1591//1591 1714//1714 1713//1713 
f 1713//1713 1689//1689 1591//1591 
f 1712//1712 1711//1711 1625//1625 
f 1705//1705 1714//1714 1591//1591 
f 1693//1693 1684//1684 1036//1036 
f 1691//1691 1694//1694 1588//1588 
f 1690//1690 1692//1692 1689//1689 
f 1687//1687 1690//1690 1005//1005 
f 1686//1686 1688//1688 1025//1025 
f 1037//1037 1036//1036 1684//1684 
f 1671//1671 1657//1657 1021//1021 
f 1668//1668 1465//1465 1667//1667 
f 1052//1052 1048//1048 1662//1662 
f 1660//1660 1662//1662 1048//1048 
f 1658//1658 1661//1661 1023//1023 
f 1657//1657 1659//1659 1014//1014 
f 1653//1653 1137//1137 1003//1003 
f 1630//1630 1654//1654 1626//1626 
f 1606//1606 1656//1656 1625//1625 
f 1604//1604 1708//1708 1591//1591 
f 1589//1589 1602//1602 1588//1588 
f 1582//1582 1590//1590 1579//1579 
f 1553//1553 1579//1579 1036//1036 
f 1533//1533 1552//1552 1519//1519 
f 1531//1531 1715//1715 1522//1522 
f 1520//1520 1551//1551 1519//1519 
f 1512//1512 1521//1521 1038//1038 
f 1506//1506 1515//1515 1040//1040 
f 1502//1502 1509//1509 1045//1045 
f 1498//1498 1504//1504 1046//1046 
f 1495//1495 1500//1500 1053//1053 
f 1463//1463 1053//1053 1052//1052 
f 1432//1432 1433//1433 1021//1021 
f 1411//1411 1415//1415 1378//1378 
f 1347//1347 1345//1345 1238//1238 
f 1216//1216 1238//1238 1017//1017 
f 1211//1211 1219//1219 1012//1012 
f 1207//1207 1213//1213 1007//1007 
f 1182//1182 1196//1196 1137//1137 
f 1053//1053 1046//1046 1048//1048 
f 1049//1049 1051//1051 1035//1035 
f 1045//1045 1040//1040 1039//1039 
f 1044//1044 1042//1042 1037//1037 
f 1038//1038 1519//1519 1036//1036 
f 1035//1035 1039//1039 1025//1025 
f 1034//1034 1716//1716 1033//1033 
f 1021//1021 1014//1014 1017//1017 
f 1016//1016 1019//1019 1012//1012 
f 1013//1013 1009//1009 1007//1007 
f 1008//1008 1006//1006 1004//1004 
f 1005//1005 1689//1689 1003//1003 
o mesh892
v -8.5e-05 0.00025 4.5e-05 
v -8.5e-05 0.00025 -4.5e-05 
v 8.5e-05 0.00025 -4.5e-05 
v 8.5e-05 0.00025 4.5e-05 
vn 7.30242e-14 -1 0 
vn 7.30242e-14 -1 0 
vn 7.30242e-14 -1 0 
vn 7.30242e-14 -1 0 
f 1717//1717 1718//1718 1719//1719 
f 1719//1719 1720//1720 1717//1717 
o mesh893
v 8.5e-05 0.00025 4.5e-05 
v 8.5e-05 0.00025 -4.5e-05 
v 8.5e-05 7e-05 -4.5e-05 
v 8.5e-05 7e-05 4.5e-05 
vn -1 -6.41486e-14 0 
vn -1 -6.41486e-14 0 
vn -1 -6.41486e-14 0 
vn -1 -6.41486e-14 0 
f 1721//1721 1722//1722 1723//1723 
f 1723//1723 1724//1724 1721//1721 
o mesh894
v 8.5e-05 7e-05 4.5e-05 
v 8.5e-05 7e-05 -4.5e-05 
v 0.00025 7e-05 -4.5e-05 
v 0.00025 7e-05 4.5e-05 
vn 7.30242e-14 -1 0 
vn 7.30242e-14 -1 0 
vn 7.30242e-14 -1 0 
vn 7.30242e-14 -1 0 
f 1725//1725 1726//1726 1727//1727 
f 1727//1727 1728//1728 1725//1725 
o mesh895
v 0.00025 7e-05 4.5e-05 
v 0.00025 7e-05 -4.5e-05 
v 0.00025 -7e-05 -4.5e-05 
v 0.00025 -7e-05 4.5e-05 
vn -1 -6.41486e-14 0 
vn -1 -6.41486e-14 0 
vn -1 -6.41486e-14 0 
vn -1 -6.41486e-14 0 
f 1729//1729 1730//1730 1731//1731 
f 1731//1731 1732//1732 1729//1729 
o mesh896
v 0.00025 -7e-05 4.5e-05 
v 0.00025 -7e-05 -4.5e-05 
v 8.5e-05 -7e-05 -4.5e-05 
v 8.5e-05 -7e-05 4.5e-05 
vn -6.72698e-14 1 0 
vn -6.72698e-14 1 0 
vn -6.72698e-14 1 0 
vn -6.72698e-14 1 0 
f 1733//1733 1734//1734 1735//1735 
f 1735//1735 1736//1736 1733//1733 
o mesh897
v 8.5e-05 -7e-05 4.5e-05 
v 8.5e-05 -7e-05 -4.5e-05 
v 8.5e-05 -0.00025 -4.5e-05 
v 8.5e-05 -0.00025 4.5e-05 
vn -1 -6.41486e-14 0 
vn -1 -6.41486e-14 0 
vn -1 -6.41486e-14 0 
vn -1 -6.41486e-14 0 
f 1737//1737 1738//1738 1739//1739 
f 1739//1739 1740//1740 1737//1737 
o mesh898
v 8.5e-05 -0.00025 4.5e-05 
v 8.5e-05 -0.00025 -4.5e-05 
v -8.5e-05 -0.00025 -4.5e-05 
v -8.5e-05 -0.00025 4.5e-05 
vn -6.72698e-14 1 0 
vn -6.72698e-14 1 0 
vn -6.72698e-14 1 0 
vn -6.72698e-14 1 0 
f 1741//1741 1742//1742 1743//1743 
f 1743//1743 1744//1744 1741//1741 
o mesh899
v -8.5e-05 -0.00025 4.5e-05 
v -8.5e-05 -0.00025 -4.5e-05 
v -8.5e-05 -7e-05 -4.5e-05 
v -8.5e-05 -7e-05 4.5e-05 
vn 1 5.677e-14 0 
vn 1 5.677e-14 0 
vn 1 5.677e-14 0 
vn 1 5.677e-14 0 
f 1745//1745 1746//1746 1747//1747 
f 1747//1747 1748//1748 1745//1745 
o mesh900
v -8.5e-05 -7e-05 4.5e-05 
v -8.5e-05 -7e-05 -4.5e-05 
v -0.00025 -7e-05 -4.5e-05 
v -0.00025 -7e-05 4.5e-05 
vn -6.72698e-14 1 0 
vn -6.72698e-14 1 0 
vn -6.72698e-14 1 0 
vn -6.72698e-14 1 0 
f 1749//1749 1750//1750 1751//1751 
f 1751//1751 1752//1752 1749//1749 
o mesh901
v -0.00025 -7e-05 4.5e-05 
v -0.00025 -7e-05 -4.5e-05 
v -0.00025 7e-05 -4.5e-05 
v -0.00025 7e-05 4.5e-05 
vn 1 5.677e-14 0 
vn 1 5.677e-14 0 
vn 1 5.677e-14 0 
vn 1 5.677e-14 0 
f 1753//1753 1754//1754 1755//1755 
f 1755//1755 1756//1756 1753//1753 
o mesh902
v -0.00025 7e-05 4.5e-05 
v -0.00025 7e-05 -4.5e-05 
v -8.5e-05 7e-05 -4.5e-05 
v -8.5e-05 7e-05 4.5e-05 
vn 6.7352e-14 -1 0 
vn 6.7352e-14 -1 0 
vn 6.7352e-14 -1 0 
vn 6.7352e-14 -1 0 
f 1757//1757 1758//1758 1759//1759 
f 1759//1759 1760//1760 1757//1757 
o mesh903
v -0.00033 0.00086 4.5e-05 
v -0.00033 0.00086 -4.5e-05 
v -0.00033 0.00069 -4.5e-05 
v -0.00033 0.00069 4.5e-05 
vn -1 -7.81263e-14 0 
vn -1 -7.81263e-14 0 
vn -1 -7.81263e-14 0 
vn -1 -7.81263e-14 0 
f 1761//1761 1762//1762 1763//1763 
f 1763//1763 1764//1764 1761//1761 
o mesh904
v -0.00033 0.00069 4.5e-05 
v -0.00033 0.00069 -4.5e-05 
v -0.00053 0.00069 -4.5e-05 
v -0.00053 0.00069 4.5e-05 
vn -6.66784e-14 1 0 
vn -6.66784e-14 1 0 
vn -6.66784e-14 1 0 
vn -6.66784e-14 1 0 
f 1765//1765 1766//1766 1767//1767 
f 1767//1767 1768//1768 1765//1765 
o mesh905
v -0.00053 0.00069 4.5e-05 
v -0.00053 0.00069 -4.5e-05 
v -0.00053 0.00086 -4.5e-05 
v -0.00053 0.00086 4.5e-05 
vn 1 5.73989e-14 0 
vn 1 5.73989e-14 0 
vn 1 5.73989e-14 0 
vn 1 5.73989e-14 0 
f 1769//1769 1770//1770 1771//1771 
f 1771//1771 1772//1772 1769//1769 
o mesh906
v 0.00033 -0.00069 4.5e-05 
v 0.00033 -0.00069 -4.5e-05 
v 0.00053 -0.00069 -4.5e-05 
v 0.00053 -0.00069 4.5e-05 
vn 8.0231e-14 -1 0 
vn 8.0231e-14 -1 0 
vn 8.0231e-14 -1 0 
vn 8.0231e-14 -1 0 
f 1773//1773 1774//1774 1775//1775 
f 1775//1775 1776//1776 1773//1773 
o mesh907
v 0.00053 -0.00069 4.5e-05 
v 0.00053 -0.00069 -4.5e-05 
v 0.00053 -0.00086 -4.5e-05 
v 0.00053 -0.00086 4.5e-05 
vn -1 -6.31388e-14 0 
vn -1 -6.31388e-14 0 
vn -1 -6.31388e-14 0 
vn -1 -6.31388e-14 0 
f 1777//1777 1778//1778 1779//1779 
f 1779//1779 1780//1780 1777//1777 
o mesh908
v 0.00053 -0.00086 4.5e-05 
v 0.00053 -0.00086 -4.5e-05 
v 0.00033 -0.00086 -4.5e-05 
v 0.00033 -0.00086 4.5e-05 
vn -7.10152e-14 1 0 
vn -7.10152e-14 1 0 
vn -7.10152e-14 1 0 
vn -7.10152e-14 1 0 
f 1781//1781 1782//1782 1783//1783 
f 1783//1783 1784//1784 1781//1781 
o mesh909
v -0.000934 0.00086 4.5e-05 
v -0.000934 0.00086 -4.5e-05 
v -0.000934 0.00069 -4.5e-05 
v -0.000934 0.00069 4.5e-05 
vn -1 -6.31388e-14 0 
vn -1 -6.31388e-14 0 
vn -1 -6.31388e-14 0 
vn -1 -6.31388e-14 0 
f 1785//1785 1786//1786 1787//1787 
f 1787//1787 1788//1788 1785//1785 
o mesh910
v -0.001134 0.00069 4.5e-05 
v -0.001124 0.00069 4.5e-05 
v -0.001124 0.00069 -4.5e-05 
v -0.000934 0.00069 -4.5e-05 
v -0.000934 0.00069 4.5e-05 
v -0.001134 0.00069 -4.5e-05 
vn -7.10152e-14 1 0 
vn -7.10152e-14 1 0 
vn -7.10152e-14 1 0 
vn -7.10152e-14 1 0 
vn -7.10152e-14 1 0 
vn -7.10152e-14 1 0 
f 1789//1789 1790//1790 1791//1791 
f 1792//1792 1791//1791 1790//1790 
f 1790//1790 1793//1793 1792//1792 
f 1791//1791 1794//1794 1789//1789 
o mesh911
v -0.001134 0.00069 4.5e-05 
v -0.001134 0.00069 -4.5e-05 
v -0.001134 0.00086 -4.5e-05 
v -0.001134 0.00086 4.5e-05 
vn 1 6.76032e-14 0 
vn 1 6.76032e-14 0 
vn 1 6.76032e-14 0 
vn 1 6.76032e-14 0 
f 1795//1795 1796//1796 1797//1797 
f 1797//1797 1798//1798 1795//1795 
o mesh912
v -0.001114 -0.0005 4.5e-05 
v -0.000832135 -0.0005 4.5e-05 
v -0.000832135 -0.0005 -4.5e-05 
v -0.000530135 -0.0005 -4.5e-05 
v -0.000530135 -0.0005 4.5e-05 
v -0.00053 -0.0005 -4.5e-05 
v -0.00053 -0.0005 4.5e-05 
v -0.001114 -0.0005 -4.5e-05 
vn -7.10152e-14 1 0 
vn -7.10152e-14 1 0 
vn -7.10152e-14 1 0 
vn -7.10152e-14 1 0 
vn -7.10152e-14 1 0 
vn -7.10152e-14 1 0 
vn -7.10152e-14 1 0 
vn -7.10152e-14 1 0 
f 1799//1799 1800//1800 1801//1801 
f 1802//1802 1801//1801 1800//1800 
f 1800//1800 1803//1803 1802//1802 
f 1804//1804 1802//1802 1803//1803 
f 1803//1803 1805//1805 1804//1804 
f 1801//1801 1806//1806 1799//1799 
o mesh913
v -0.001114 0.0005 4.5e-05 
v -0.001114 -0.000375 4.5e-05 
v -0.001114 -0.000375 -4.5e-05 
v -0.001114 -0.0005 -4.5e-05 
v -0.001114 -0.0005 4.5e-05 
v -0.001114 0.0005 -4.5e-05 
vn 1 6.76032e-14 0 
vn 1 6.76032e-14 0 
vn 1 6.76032e-14 0 
vn 1 6.76032e-14 0 
vn 1 6.76032e-14 0 
vn 1 6.76032e-14 0 
f 1807//1807 1808//1808 1809//1809 
f 1810//1810 1809//1809 1808//1808 
f 1808//1808 1811//1811 1810//1810 
f 1809//1809 1812//1812 1807//1807 
o mesh914
v -0.00053 0.0005 4.5e-05 
v -0.000530135 0.0005 4.5e-05 
v -0.000530135 0.0005 -4.5e-05 
v -0.000832135 0.0005 -4.5e-05 
v -0.000832135 0.0005 4.5e-05 
v -0.001114 0.0005 -4.5e-05 
v -0.001114 0.0005 4.5e-05 
v -0.00053 0.0005 -4.5e-05 
vn -1.85651e-16 -1 0 
vn -1.85651e-16 -1 0 
vn -1.85651e-16 -1 0 
vn -1.85651e-16 -1 0 
vn -1.85651e-16 -1 0 
vn -1.85651e-16 -1 0 
vn -1.85651e-16 -1 0 
vn -1.85651e-16 -1 0 
f 1813//1813 1814//1814 1815//1815 
f 1816//1816 1815//1815 1814//1814 
f 1814//1814 1817//1817 1816//1816 
f 1818//1818 1816//1816 1817//1817 
f 1817//1817 1819//1819 1818//1818 
f 1815//1815 1820//1820 1813//1813 
o mesh915
v 0.001114 0.0005 4.5e-05 
v 0.000832135 0.0005 4.5e-05 
v 0.000832135 0.0005 -4.5e-05 
v 0.000530135 0.0005 -4.5e-05 
v 0.000530135 0.0005 4.5e-05 
v 0.00053 0.0005 -4.5e-05 
v 0.00053 0.0005 4.5e-05 
v 0.001114 0.0005 -4.5e-05 
vn -1.85651e-16 -1 0 
vn -1.85651e-16 -1 0 
vn -1.85651e-16 -1 0 
vn -1.85651e-16 -1 0 
vn -1.85651e-16 -1 0 
vn -1.85651e-16 -1 0 
vn -1.85651e-16 -1 0 
vn -1.85651e-16 -1 0 
f 1821//1821 1822//1822 1823//1823 
f 1824//1824 1823//1823 1822//1822 
f 1822//1822 1825//1825 1824//1824 
f 1826//1826 1824//1824 1825//1825 
f 1825//1825 1827//1827 1826//1826 
f 1823//1823 1828//1828 1821//1821 
o mesh916
v 0.001114 -0.0005 4.5e-05 
v 0.001114 -0.000375 4.5e-05 
v 0.001114 -0.000375 -4.5e-05 
v 0.001114 0.0005 -4.5e-05 
v 0.001114 0.0005 4.5e-05 
v 0.001114 -0.0005 -4.5e-05 
vn -1 0 0 
vn -1 0 0 
vn -1 0 0 
vn -1 0 0 
vn -1 0 0 
vn -1 0 0 
f 1829//1829 1830//1830 1831//1831 
f 1832//1832 1831//1831 1830//1830 
f 1830//1830 1833//1833 1832//1832 
f 1831//1831 1834//1834 1829//1829 
o mesh917
v 0.00053 -0.0005 4.5e-05 
v 0.000530135 -0.0005 4.5e-05 
v 0.000530135 -0.0005 -4.5e-05 
v 0.000832135 -0.0005 -4.5e-05 
v 0.000832135 -0.0005 4.5e-05 
v 0.001114 -0.0005 -4.5e-05 
v 0.001114 -0.0005 4.5e-05 
v 0.00053 -0.0005 -4.5e-05 
vn -1.85651e-16 1 0 
vn -1.85651e-16 1 0 
vn -1.85651e-16 1 0 
vn -1.85651e-16 1 0 
vn -1.85651e-16 1 0 
vn -1.85651e-16 1 0 
vn -1.85651e-16 1 0 
vn -1.85651e-16 1 0 
f 1835//1835 1836//1836 1837//1837 
f 1838//1838 1837//1837 1836//1836 
f 1836//1836 1839//1839 1838//1838 
f 1840//1840 1838//1838 1839//1839 
f 1839//1839 1841//1841 1840//1840 
f 1837//1837 1842//1842 1835//1835 
o mesh918
v -0.000880775 0.00150017 -4.5e-05 
v -0.000954885 0.00150575 -4.5e-05 
v -0.000954885 0.00150575 4.5e-05 
v -0.000806502 0.00149754 -4.5e-05 
v -0.000832135 0.00149845 -4.5e-05 
v -0.000832135 0.00149845 4.5e-05 
v -0.000880775 0.00150017 4.5e-05 
v -0.000732183 0.00149786 -4.5e-05 
v -0.000806502 0.00149754 4.5e-05 
v -0.000657935 0.00150114 -4.5e-05 
v -0.000732183 0.00149786 4.5e-05 
v -0.000583876 0.00150736 -4.5e-05 
v -0.000657935 0.00150114 4.5e-05 
v -0.000510123 0.00151652 -4.5e-05 
v -0.000530135 0.00151404 -4.5e-05 
v -0.000530135 0.00151404 4.5e-05 
v -0.000583876 0.00150736 4.5e-05 
v -0.000436793 0.00152861 -4.5e-05 
v -0.000510123 0.00151652 4.5e-05 
v -0.000364001 0.0015436 -4.5e-05 
v -0.000436793 0.00152861 4.5e-05 
v -0.000291862 0.00156148 -4.5e-05 
v -0.000364001 0.0015436 4.5e-05 
v -0.000220491 0.00158221 -4.5e-05 
v -0.00029 0.00156202 -4.5e-05 
v -0.00029 0.00156202 4.5e-05 
v -0.000291862 0.00156148 4.5e-05 
v -0.00015 0.00160575 -4.5e-05 
v -0.000220491 0.00158221 4.5e-05 
v -0.00015 0.00160575 4.5e-05 
vn 0.0552762 0.998471 0 
vn 0.0949196 0.995485 0 
vn 0.0949196 0.995485 0 
vn 0.0155455 0.999879 0 
vn 0.0292626 0.999572 0 
vn 0.0292626 0.999572 0 
vn 0.0552762 0.998471 0 
vn -0.0242098 0.999707 0 
vn 0.0155455 0.999879 0 
vn -0.0639268 0.997955 0 
vn -0.0242098 0.999707 0 
vn -0.103543 0.994625 0 
vn -0.0639268 0.997955 0 
vn -0.142995 0.989723 0 
vn -0.132311 0.991208 0 
vn -0.132311 0.991208 0 
vn -0.103543 0.994625 0 
vn -0.182222 0.983257 0 
vn -0.142995 0.989723 0 
vn -0.22116 0.975238 0 
vn -0.182222 0.983257 0 
vn -0.259749 0.965676 0 
vn -0.22116 0.975238 0 
vn -0.297927 0.954589 0 
vn -0.26075 0.965406 0 
vn -0.26075 0.965406 0 
vn -0.259749 0.965676 0 
vn -0.335634 0.941992 0 
vn -0.297927 0.954589 0 
vn -0.335634 0.941992 0 
f 1843//1843 1844//1844 1845//1845 
f 1846//1846 1847//1847 1848//1848 
f 1849//1849 1848//1848 1847//1847 
f 1847//1847 1843//1843 1849//1849 
f 1850//1850 1846//1846 1851//1851 
f 1852//1852 1850//1850 1853//1853 
f 1854//1854 1852//1852 1855//1855 
f 1856//1856 1857//1857 1858//1858 
f 1859//1859 1858//1858 1857//1857 
f 1857//1857 1854//1854 1859//1859 
f 1860//1860 1856//1856 1861//1861 
f 1862//1862 1860//1860 1863//1863 
f 1864//1864 1862//1862 1865//1865 
f 1866//1866 1867//1867 1868//1868 
f 1869//1869 1868//1868 1867//1867 
f 1867//1867 1864//1864 1869//1869 
f 1870//1870 1866//1866 1871//1871 
f 1871//1871 1872//1872 1870//1870 
f 1868//1868 1871//1871 1866//1866 
f 1865//1865 1869//1869 1864//1864 
f 1863//1863 1865//1865 1862//1862 
f 1861//1861 1863//1863 1860//1860 
f 1858//1858 1861//1861 1856//1856 
f 1855//1855 1859//1859 1854//1854 
f 1853//1853 1855//1855 1852//1852 
f 1851//1851 1853//1853 1850//1850 
f 1848//1848 1851//1851 1846//1846 
f 1845//1845 1849//1849 1843//1843 
o mesh919
v -0.00119393 0.00140607 -4.5e-05 
v -0.00119393 0.00140607 4.5e-05 
v -0.00118721 0.00141459 4.5e-05 
v -0.00118721 0.00141459 -4.5e-05 
v -0.00118013 0.00142283 4.5e-05 
v -0.00118013 0.00142283 -4.5e-05 
v -0.00117271 0.00143076 4.5e-05 
v -0.00117271 0.00143076 -4.5e-05 
v -0.00116496 0.00143837 4.5e-05 
v -0.00116496 0.00143837 -4.5e-05 
v -0.0011569 0.00144564 4.5e-05 
v -0.0011569 0.00144564 -4.5e-05 
v -0.00114854 0.00145257 4.5e-05 
v -0.00114854 0.00145257 -4.5e-05 
v -0.00113989 0.00145913 4.5e-05 
v -0.00113989 0.00145913 -4.5e-05 
v -0.00113097 0.00146532 4.5e-05 
v -0.00112179 0.00147113 -4.5e-05 
v -0.001124 0.00146973 -4.5e-05 
v -0.001124 0.00146973 4.5e-05 
v -0.00113097 0.00146532 -4.5e-05 
v -0.00112179 0.00147113 4.5e-05 
v -0.00111238 0.00147655 4.5e-05 
v -0.00111238 0.00147655 -4.5e-05 
v -0.00110274 0.00148156 4.5e-05 
v -0.00110274 0.00148156 -4.5e-05 
v -0.00109291 0.00148616 4.5e-05 
v -0.00109291 0.00148616 -4.5e-05 
v -0.00108289 0.00149034 4.5e-05 
v -0.00108289 0.00149034 -4.5e-05 
v -0.00107269 0.00149409 4.5e-05 
v -0.00107269 0.00149409 -4.5e-05 
v -0.00106235 0.00149741 4.5e-05 
v -0.00106235 0.00149741 -4.5e-05 
v -0.00105188 0.00150029 4.5e-05 
v -0.00105188 0.00150029 -4.5e-05 
v -0.0010413 0.00150272 4.5e-05 
v -0.0010413 0.00150272 -4.5e-05 
v -0.00103062 0.0015047 4.5e-05 
v -0.00103062 0.0015047 -4.5e-05 
v -0.00101987 0.00150622 4.5e-05 
v -0.00101987 0.00150622 -4.5e-05 
v -0.00100906 0.00150729 4.5e-05 
v -0.00100906 0.00150729 -4.5e-05 
v -0.000998221 0.0015079 4.5e-05 
v -0.000998221 0.0015079 -4.5e-05 
v -0.000987363 0.00150805 4.5e-05 
v -0.000987363 0.00150805 -4.5e-05 
v -0.000976508 0.00150775 4.5e-05 
v -0.000976508 0.00150775 -4.5e-05 
v -0.000965675 0.00150698 4.5e-05 
v -0.000965675 0.00150698 -4.5e-05 
v -0.000954885 0.00150575 4.5e-05 
v -0.000954885 0.00150575 -4.5e-05 
vn -0.798277 0.602291 0 
vn -0.798277 0.602291 0 
vn -0.772063 0.635546 0 
vn -0.772063 0.635546 0 
vn -0.744466 0.667661 0 
vn -0.744466 0.667661 0 
vn -0.715533 0.698578 0 
vn -0.715533 0.698578 0 
vn -0.685318 0.728244 0 
vn -0.685318 0.728244 0 
vn -0.653874 0.756603 0 
vn -0.653874 0.756603 0 
vn -0.621258 0.783606 0 
vn -0.621258 0.783606 0 
vn -0.587527 0.809204 0 
vn -0.587527 0.809204 0 
vn -0.552743 0.833352 0 
vn -0.516968 0.856004 0 
vn -0.52567 0.850689 0 
vn -0.52567 0.850689 0 
vn -0.552743 0.833352 0 
vn -0.516968 0.856004 0 
vn -0.480267 0.877123 0 
vn -0.480267 0.877123 0 
vn -0.442704 0.896668 0 
vn -0.442704 0.896668 0 
vn -0.404347 0.914606 0 
vn -0.404347 0.914606 0 
vn -0.365265 0.930903 0 
vn -0.365265 0.930903 0 
vn -0.325529 0.945532 0 
vn -0.325529 0.945532 0 
vn -0.285208 0.958466 0 
vn -0.285208 0.958466 0 
vn -0.244377 0.96968 0 
vn -0.244377 0.96968 0 
vn -0.203107 0.979157 0 
vn -0.203107 0.979157 0 
vn -0.161473 0.986877 0 
vn -0.161473 0.986877 0 
vn -0.119549 0.992828 0 
vn -0.119549 0.992828 0 
vn -0.0774113 0.996999 0 
vn -0.0774113 0.996999 0 
vn -0.0351347 0.999383 0 
vn -0.0351347 0.999383 0 
vn 0.00720502 0.999974 0 
vn 0.00720502 0.999974 0 
vn 0.0495318 0.998773 0 
vn 0.0495318 0.998773 0 
vn 0.0917697 0.99578 0 
vn 0.0917697 0.99578 0 
vn 0.133843 0.991003 0 
vn 0.133843 0.991003 0 
f 1873//1873 1874//1874 1875//1875 
f 1876//1876 1875//1875 1877//1877 
f 1878//1878 1877//1877 1879//1879 
f 1880//1880 1879//1879 1881//1881 
f 1882//1882 1881//1881 1883//1883 
f 1884//1884 1883//1883 1885//1885 
f 1886//1886 1885//1885 1887//1887 
f 1888//1888 1887//1887 1889//1889 
f 1890//1890 1891//1891 1892//1892 
f 1889//1889 1892//1892 1891//1891 
f 1891//1891 1893//1893 1889//1889 
f 1890//1890 1894//1894 1895//1895 
f 1896//1896 1895//1895 1897//1897 
f 1898//1898 1897//1897 1899//1899 
f 1900//1900 1899//1899 1901//1901 
f 1902//1902 1901//1901 1903//1903 
f 1904//1904 1903//1903 1905//1905 
f 1906//1906 1905//1905 1907//1907 
f 1908//1908 1907//1907 1909//1909 
f 1910//1910 1909//1909 1911//1911 
f 1912//1912 1911//1911 1913//1913 
f 1914//1914 1913//1913 1915//1915 
f 1916//1916 1915//1915 1917//1917 
f 1918//1918 1917//1917 1919//1919 
f 1920//1920 1919//1919 1921//1921 
f 1922//1922 1921//1921 1923//1923 
f 1924//1924 1923//1923 1925//1925 
f 1925//1925 1926//1926 1924//1924 
f 1923//1923 1924//1924 1922//1922 
f 1921//1921 1922//1922 1920//1920 
f 1919//1919 1920//1920 1918//1918 
f 1917//1917 1918//1918 1916//1916 
f 1915//1915 1916//1916 1914//1914 
f 1913//1913 1914//1914 1912//1912 
f 1911//1911 1912//1912 1910//1910 
f 1909//1909 1910//1910 1908//1908 
f 1907//1907 1908//1908 1906//1906 
f 1905//1905 1906//1906 1904//1904 
f 1903//1903 1904//1904 1902//1902 
f 1901//1901 1902//1902 1900//1900 
f 1899//1899 1900//1900 1898//1898 
f 1897//1897 1898//1898 1896//1896 
f 1895//1895 1896//1896 1890//1890 
f 1892//1892 1894//1894 1890//1890 
f 1889//1889 1893//1893 1888//1888 
f 1887//1887 1888//1888 1886//1886 
f 1885//1885 1886//1886 1884//1884 
f 1883//1883 1884//1884 1882//1882 
f 1881//1881 1882//1882 1880//1880 
f 1879//1879 1880//1880 1878//1878 
f 1877//1877 1878//1878 1876//1876 
f 1875//1875 1876//1876 1873//1873 
o mesh920
v -0.00119393 0.00140607 -4.5e-05 
v -0.001124 0.00133613 -4.5e-05 
v -0.001124 0.00133613 4.5e-05 
v -0.00105251 0.00126464 4.5e-05 
v -0.00105251 0.00126464 -4.5e-05 
v -0.00119393 0.00140607 4.5e-05 
vn -0.707107 -0.707107 0 
vn -0.707107 -0.707107 0 
vn -0.707107 -0.707107 0 
vn -0.707107 -0.707107 0 
vn -0.707107 -0.707107 0 
vn -0.707107 -0.707107 0 
f 1927//1927 1928//1928 1929//1929 
f 1930//1930 1929//1929 1928//1928 
f 1928//1928 1931//1931 1930//1930 
f 1929//1929 1932//1932 1927//1927 
o mesh921
v -0.00105251 0.00126464 -4.5e-05 
v -0.001124 0.00119316 -4.5e-05 
v -0.001124 0.00119316 4.5e-05 
v -0.00126464 0.00105251 4.5e-05 
v -0.00126464 0.00105251 -4.5e-05 
v -0.00105251 0.00126464 4.5e-05 
vn -0.707107 0.707107 0 
vn -0.707107 0.707107 0 
vn -0.707107 0.707107 0 
vn -0.707107 0.707107 0 
vn -0.707107 0.707107 0 
vn -0.707107 0.707107 0 
f 1933//1933 1934//1934 1935//1935 
f 1936//1936 1935//1935 1934//1934 
f 1934//1934 1937//1937 1936//1936 
f 1935//1935 1938//1938 1933//1933 
o mesh922
v -0.00126464 0.00105251 4.5e-05 
v -0.00126464 0.00105251 -4.5e-05 
v -0.00140607 0.00119393 -4.5e-05 
v -0.00140607 0.00119393 4.5e-05 
vn 0.707107 0.707107 0 
vn 0.707107 0.707107 0 
vn 0.707107 0.707107 0 
vn 0.707107 0.707107 0 
f 1939//1939 1940//1940 1941//1941 
f 1941//1941 1942//1942 1939//1939 
o mesh923
v -0.00150575 0.000954885 -4.5e-05 
v -0.00150575 0.000954885 4.5e-05 
v -0.00150698 0.000965675 4.5e-05 
v -0.00150698 0.000965675 -4.5e-05 
v -0.00150775 0.000976508 4.5e-05 
v -0.00150775 0.000976508 -4.5e-05 
v -0.00150805 0.000987363 4.5e-05 
v -0.00150805 0.000987363 -4.5e-05 
v -0.0015079 0.000998221 4.5e-05 
v -0.0015079 0.000998221 -4.5e-05 
v -0.00150729 0.00100906 4.5e-05 
v -0.00150729 0.00100906 -4.5e-05 
v -0.00150622 0.00101987 4.5e-05 
v -0.00150622 0.00101987 -4.5e-05 
v -0.0015047 0.00103062 4.5e-05 
v -0.0015047 0.00103062 -4.5e-05 
v -0.00150272 0.0010413 4.5e-05 
v -0.00150029 0.00105188 -4.5e-05 
v -0.0015006 0.00105053 -4.5e-05 
v -0.0015006 0.00105053 4.5e-05 
v -0.00150272 0.0010413 -4.5e-05 
v -0.00150029 0.00105188 4.5e-05 
v -0.00149741 0.00106235 4.5e-05 
v -0.00149741 0.00106235 -4.5e-05 
v -0.00149409 0.00107269 4.5e-05 
v -0.00149409 0.00107269 -4.5e-05 
v -0.00149034 0.00108289 4.5e-05 
v -0.00149034 0.00108289 -4.5e-05 
v -0.00148616 0.00109291 4.5e-05 
v -0.00148616 0.00109291 -4.5e-05 
v -0.00148156 0.00110274 4.5e-05 
v -0.00148156 0.00110274 -4.5e-05 
v -0.00147655 0.00111238 4.5e-05 
v -0.00147655 0.00111238 -4.5e-05 
v -0.00147113 0.00112179 4.5e-05 
v -0.00147113 0.00112179 -4.5e-05 
v -0.00146532 0.00113097 4.5e-05 
v -0.00146532 0.00113097 -4.5e-05 
v -0.00145913 0.00113989 4.5e-05 
v -0.00145913 0.00113989 -4.5e-05 
v -0.00145257 0.00114854 4.5e-05 
v -0.00145257 0.00114854 -4.5e-05 
v -0.00144564 0.0011569 4.5e-05 
v -0.00144564 0.0011569 -4.5e-05 
v -0.00143837 0.00116496 4.5e-05 
v -0.00143837 0.00116496 -4.5e-05 
v -0.00143076 0.00117271 4.5e-05 
v -0.00143076 0.00117271 -4.5e-05 
v -0.00142283 0.00118013 4.5e-05 
v -0.00142283 0.00118013 -4.5e-05 
v -0.00141459 0.00118721 4.5e-05 
v -0.00141459 0.00118721 -4.5e-05 
v -0.00140607 0.00119393 4.5e-05 
v -0.00140607 0.00119393 -4.5e-05 
vn -0.991003 -0.133843 0 
vn -0.991003 -0.133843 0 
vn -0.99578 -0.0917697 0 
vn -0.99578 -0.0917697 0 
vn -0.998773 -0.0495318 0 
vn -0.998773 -0.0495318 0 
vn -0.999974 -0.00720502 0 
vn -0.999974 -0.00720502 0 
vn -0.999383 0.0351347 0 
vn -0.999383 0.0351347 0 
vn -0.996999 0.0774113 0 
vn -0.996999 0.0774113 0 
vn -0.992828 0.119549 0 
vn -0.992828 0.119549 0 
vn -0.986877 0.161473 0 
vn -0.986877 0.161473 0 
vn -0.979157 0.203107 0 
vn -0.96968 0.244377 0 
vn -0.970993 0.239108 0 
vn -0.970993 0.239108 0 
vn -0.979157 0.203107 0 
vn -0.96968 0.244377 0 
vn -0.958466 0.285208 0 
vn -0.958466 0.285208 0 
vn -0.945532 0.325529 0 
vn -0.945532 0.325529 0 
vn -0.930903 0.365265 0 
vn -0.930903 0.365265 0 
vn -0.914606 0.404347 0 
vn -0.914606 0.404347 0 
vn -0.896668 0.442704 0 
vn -0.896668 0.442704 0 
vn -0.877123 0.480267 0 
vn -0.877123 0.480267 0 
vn -0.856004 0.516968 0 
vn -0.856004 0.516968 0 
vn -0.833352 0.552743 0 
vn -0.833352 0.552743 0 
vn -0.809204 0.587527 0 
vn -0.809204 0.587527 0 
vn -0.783606 0.621258 0 
vn -0.783606 0.621258 0 
vn -0.756603 0.653874 0 
vn -0.756603 0.653874 0 
vn -0.728244 0.685318 0 
vn -0.728244 0.685318 0 
vn -0.698578 0.715533 0 
vn -0.698578 0.715533 0 
vn -0.667661 0.744466 0 
vn -0.667661 0.744466 0 
vn -0.635546 0.772063 0 
vn -0.635546 0.772063 0 
vn -0.602291 0.798277 0 
vn -0.602291 0.798277 0 
f 1943//1943 1944//1944 1945//1945 
f 1946//1946 1945//1945 1947//1947 
f 1948//1948 1947//1947 1949//1949 
f 1950//1950 1949//1949 1951//1951 
f 1952//1952 1951//1951 1953//1953 
f 1954//1954 1953//1953 1955//1955 
f 1956//1956 1955//1955 1957//1957 
f 1958//1958 1957//1957 1959//1959 
f 1960//1960 1961//1961 1962//1962 
f 1959//1959 1962//1962 1961//1961 
f 1961//1961 1963//1963 1959//1959 
f 1960//1960 1964//1964 1965//1965 
f 1966//1966 1965//1965 1967//1967 
f 1968//1968 1967//1967 1969//1969 
f 1970//1970 1969//1969 1971//1971 
f 1972//1972 1971//1971 1973//1973 
f 1974//1974 1973//1973 1975//1975 
f 1976//1976 1975//1975 1977//1977 
f 1978//1978 1977//1977 1979//1979 
f 1980//1980 1979//1979 1981//1981 
f 1982//1982 1981//1981 1983//1983 
f 1984//1984 1983//1983 1985//1985 
f 1986//1986 1985//1985 1987//1987 
f 1988//1988 1987//1987 1989//1989 
f 1990//1990 1989//1989 1991//1991 
f 1992//1992 1991//1991 1993//1993 
f 1994//1994 1993//1993 1995//1995 
f 1995//1995 1996//1996 1994//1994 
f 1993//1993 1994//1994 1992//1992 
f 1991//1991 1992//1992 1990//1990 
f 1989//1989 1990//1990 1988//1988 
f 1987//1987 1988//1988 1986//1986 
f 1985//1985 1986//1986 1984//1984 
f 1983//1983 1984//1984 1982//1982 
f 1981//1981 1982//1982 1980//1980 
f 1979//1979 1980//1980 1978//1978 
f 1977//1977 1978//1978 1976//1976 
f 1975//1975 1976//1976 1974//1974 
f 1973//1973 1974//1974 1972//1972 
f 1971//1971 1972//1972 1970//1970 
f 1969//1969 1970//1970 1968//1968 
f 1967//1967 1968//1968 1966//1966 
f 1965//1965 1966//1966 1960//1960 
f 1962//1962 1964//1964 1960//1960 
f 1959//1959 1963//1963 1958//1958 
f 1957//1957 1958//1958 1956//1956 
f 1955//1955 1956//1956 1954//1954 
f 1953//1953 1954//1954 1952//1952 
f 1951//1951 1952//1952 1950//1950 
f 1949//1949 1950//1950 1948//1948 
f 1947//1947 1948//1948 1946//1946 
f 1945//1945 1946//1946 1943//1943 
o mesh924
v -0.00158221 0.000220491 -4.5e-05 
v -0.00160575 0.00015 -4.5e-05 
v -0.00160575 0.00015 4.5e-05 
v -0.00156148 0.000291862 -4.5e-05 
v -0.00158221 0.000220491 4.5e-05 
v -0.0015436 0.000364001 -4.5e-05 
v -0.00156148 0.000291862 4.5e-05 
v -0.00152861 0.000436793 -4.5e-05 
v -0.0015436 0.000364001 4.5e-05 
v -0.00151652 0.000510123 -4.5e-05 
v -0.00152861 0.000436793 4.5e-05 
v -0.00150736 0.000583876 -4.5e-05 
v -0.00151652 0.000510123 4.5e-05 
v -0.00150114 0.000657935 -4.5e-05 
v -0.00150643 0.000595 -4.5e-05 
v -0.00150643 0.000595 4.5e-05 
v -0.00150736 0.000583876 4.5e-05 
v -0.00149786 0.000732183 -4.5e-05 
v -0.00150114 0.000657935 4.5e-05 
v -0.00149754 0.000806502 -4.5e-05 
v -0.00149786 0.000732183 4.5e-05 
v -0.00150017 0.000880775 -4.5e-05 
v -0.00149754 0.000806502 4.5e-05 
v -0.00150575 0.000954885 -4.5e-05 
v -0.00150017 0.000880775 4.5e-05 
v -0.00150575 0.000954885 4.5e-05 
vn -0.954589 0.297927 0 
vn -0.941992 0.335634 0 
vn -0.941992 0.335634 0 
vn -0.965676 0.259749 0 
vn -0.954589 0.297927 0 
vn -0.975238 0.22116 0 
vn -0.965676 0.259749 0 
vn -0.983257 0.182222 0 
vn -0.975238 0.22116 0 
vn -0.989723 0.142995 0 
vn -0.983257 0.182222 0 
vn -0.994625 0.103543 0 
vn -0.989723 0.142995 0 
vn -0.997955 0.0639268 0 
vn -0.995226 0.0976022 0 
vn -0.995226 0.0976022 0 
vn -0.994625 0.103543 0 
vn -0.999707 0.0242098 0 
vn -0.997955 0.0639268 0 
vn -0.999879 -0.0155455 0 
vn -0.999707 0.0242098 0 
vn -0.998471 -0.0552762 0 
vn -0.999879 -0.0155455 0 
vn -0.995485 -0.0949196 0 
vn -0.998471 -0.0552762 0 
vn -0.995485 -0.0949196 0 
f 1997//1997 1998//1998 1999//1999 
f 2000//2000 1997//1997 2001//2001 
f 2002//2002 2000//2000 2003//2003 
f 2004//2004 2002//2002 2005//2005 
f 2006//2006 2004//2004 2007//2007 
f 2008//2008 2006//2006 2009//2009 
f 2010//2010 2011//2011 2012//2012 
f 2013//2013 2012//2012 2011//2011 
f 2011//2011 2008//2008 2013//2013 
f 2014//2014 2010//2010 2015//2015 
f 2016//2016 2014//2014 2017//2017 
f 2018//2018 2016//2016 2019//2019 
f 2020//2020 2018//2018 2021//2021 
f 2021//2021 2022//2022 2020//2020 
f 2019//2019 2021//2021 2018//2018 
f 2017//2017 2019//2019 2016//2016 
f 2015//2015 2017//2017 2014//2014 
f 2012//2012 2015//2015 2010//2010 
f 2009//2009 2013//2013 2008//2008 
f 2007//2007 2009//2009 2006//2006 
f 2005//2005 2007//2007 2004//2004 
f 2003//2003 2005//2005 2002//2002 
f 2001//2001 2003//2003 2000//2000 
f 1999//1999 2001//2001 1997//1997 
o mesh925
v -0.00160575 0.00015 4.5e-05 
v -0.00160575 0.00015 -4.5e-05 
v -0.00150575 0.00015 -4.5e-05 
v -0.00150575 0.00015 4.5e-05 
vn 1.55312e-13 -1 0 
vn 1.55312e-13 -1 0 
vn 1.55312e-13 -1 0 
vn 1.55312e-13 -1 0 
f 2023//2023 2024//2024 2025//2025 
f 2025//2025 2026//2026 2023//2023 
o mesh926
v -0.00150575 0.00015 4.5e-05 
v -0.00150575 0.00015 -4.5e-05 
v -0.00150575 -0.00015 -4.5e-05 
v -0.00150575 -0.00015 4.5e-05 
vn -1 -1.56848e-13 0 
vn -1 -1.56848e-13 0 
vn -1 -1.56848e-13 0 
vn -1 -1.56848e-13 0 
f 2027//2027 2028//2028 2029//2029 
f 2029//2029 2030//2030 2027//2027 
o mesh927
v -0.00150575 -0.00015 4.5e-05 
v -0.00150575 -0.00015 -4.5e-05 
v -0.00160575 -0.00015 -4.5e-05 
v -0.00160575 -0.00015 4.5e-05 
vn -1.55312e-13 1 0 
vn -1.55312e-13 1 0 
vn -1.55312e-13 1 0 
vn -1.55312e-13 1 0 
f 2031//2031 2032//2032 2033//2033 
f 2033//2033 2034//2034 2031//2031 
o mesh928
v -0.00150017 -0.000880775 -4.5e-05 
v -0.00150575 -0.000954885 -4.5e-05 
v -0.00150575 -0.000954885 4.5e-05 
v -0.00149754 -0.000806502 -4.5e-05 
v -0.00150017 -0.000880775 4.5e-05 
v -0.00149786 -0.000732183 -4.5e-05 
v -0.00149754 -0.000806502 4.5e-05 
v -0.00150114 -0.000657935 -4.5e-05 
v -0.00149786 -0.000732183 4.5e-05 
v -0.00150736 -0.000583876 -4.5e-05 
v -0.00150643 -0.000595 -4.5e-05 
v -0.00150643 -0.000595 4.5e-05 
v -0.00150114 -0.000657935 4.5e-05 
v -0.00151652 -0.000510123 -4.5e-05 
v -0.00150736 -0.000583876 4.5e-05 
v -0.00152861 -0.000436793 -4.5e-05 
v -0.00151652 -0.000510123 4.5e-05 
v -0.0015436 -0.000364001 -4.5e-05 
v -0.00154134 -0.000375 -4.5e-05 
v -0.00154134 -0.000375 4.5e-05 
v -0.00152861 -0.000436793 4.5e-05 
v -0.00156148 -0.000291862 -4.5e-05 
v -0.0015436 -0.000364001 4.5e-05 
v -0.00158221 -0.000220491 -4.5e-05 
v -0.00156148 -0.000291862 4.5e-05 
v -0.00160575 -0.00015 -4.5e-05 
v -0.00158221 -0.000220491 4.5e-05 
v -0.00160575 -0.00015 4.5e-05 
vn -0.998471 0.0552762 0 
vn -0.995485 0.0949196 0 
vn -0.995485 0.0949196 0 
vn -0.999879 0.0155455 0 
vn -0.998471 0.0552762 0 
vn -0.999707 -0.0242098 0 
vn -0.999879 0.0155455 0 
vn -0.997955 -0.0639268 0 
vn -0.999707 -0.0242098 0 
vn -0.994625 -0.103543 0 
vn -0.995226 -0.0976022 0 
vn -0.995226 -0.0976022 0 
vn -0.997955 -0.0639268 0 
vn -0.989723 -0.142995 0 
vn -0.994625 -0.103543 0 
vn -0.983257 -0.182222 0 
vn -0.989723 -0.142995 0 
vn -0.975238 -0.22116 0 
vn -0.976548 -0.215298 0 
vn -0.976548 -0.215298 0 
vn -0.983257 -0.182222 0 
vn -0.965676 -0.259749 0 
vn -0.975238 -0.22116 0 
vn -0.954589 -0.297927 0 
vn -0.965676 -0.259749 0 
vn -0.941992 -0.335634 0 
vn -0.954589 -0.297927 0 
vn -0.941992 -0.335634 0 
f 2035//2035 2036//2036 2037//2037 
f 2038//2038 2035//2035 2039//2039 
f 2040//2040 2038//2038 2041//2041 
f 2042//2042 2040//2040 2043//2043 
f 2044//2044 2045//2045 2046//2046 
f 2047//2047 2046//2046 2045//2045 
f 2045//2045 2042//2042 2047//2047 
f 2048//2048 2044//2044 2049//2049 
f 2050//2050 2048//2048 2051//2051 
f 2052//2052 2053//2053 2054//2054 
f 2055//2055 2054//2054 2053//2053 
f 2053//2053 2050//2050 2055//2055 
f 2056//2056 2052//2052 2057//2057 
f 2058//2058 2056//2056 2059//2059 
f 2060//2060 2058//2058 2061//2061 
f 2061//2061 2062//2062 2060//2060 
f 2059//2059 2061//2061 2058//2058 
f 2057//2057 2059//2059 2056//2056 
f 2054//2054 2057//2057 2052//2052 
f 2051//2051 2055//2055 2050//2050 
f 2049//2049 2051//2051 2048//2048 
f 2046//2046 2049//2049 2044//2044 
f 2043//2043 2047//2047 2042//2042 
f 2041//2041 2043//2043 2040//2040 
f 2039//2039 2041//2041 2038//2038 
f 2037//2037 2039//2039 2035//2035 
o mesh929
v -0.00140607 -0.00119393 -4.5e-05 
v -0.00140607 -0.00119393 4.5e-05 
v -0.00141459 -0.00118721 4.5e-05 
v -0.00141459 -0.00118721 -4.5e-05 
v -0.00142283 -0.00118013 4.5e-05 
v -0.00142283 -0.00118013 -4.5e-05 
v -0.00143076 -0.00117271 4.5e-05 
v -0.00143076 -0.00117271 -4.5e-05 
v -0.00143837 -0.00116496 4.5e-05 
v -0.00143837 -0.00116496 -4.5e-05 
v -0.00144564 -0.0011569 4.5e-05 
v -0.00144564 -0.0011569 -4.5e-05 
v -0.00145257 -0.00114854 4.5e-05 
v -0.00145257 -0.00114854 -4.5e-05 
v -0.00145913 -0.00113989 4.5e-05 
v -0.00145913 -0.00113989 -4.5e-05 
v -0.00146532 -0.00113097 4.5e-05 
v -0.00146532 -0.00113097 -4.5e-05 
v -0.00147113 -0.00112179 4.5e-05 
v -0.00147113 -0.00112179 -4.5e-05 
v -0.00147655 -0.00111238 4.5e-05 
v -0.00147655 -0.00111238 -4.5e-05 
v -0.00148156 -0.00110274 4.5e-05 
v -0.00148156 -0.00110274 -4.5e-05 
v -0.00148616 -0.00109291 4.5e-05 
v -0.00148616 -0.00109291 -4.5e-05 
v -0.00149034 -0.00108289 4.5e-05 
v -0.00149034 -0.00108289 -4.5e-05 
v -0.00149409 -0.00107269 4.5e-05 
v -0.00149409 -0.00107269 -4.5e-05 
v -0.00149741 -0.00106235 4.5e-05 
v -0.00149741 -0.00106235 -4.5e-05 
v -0.00150029 -0.00105188 4.5e-05 
v -0.00150029 -0.00105188 -4.5e-05 
v -0.00150272 -0.0010413 4.5e-05 
v -0.00150272 -0.0010413 -4.5e-05 
v -0.0015047 -0.00103062 4.5e-05 
v -0.0015047 -0.00103062 -4.5e-05 
v -0.00150622 -0.00101987 4.5e-05 
v -0.00150622 -0.00101987 -4.5e-05 
v -0.00150729 -0.00100906 4.5e-05 
v -0.00150729 -0.00100906 -4.5e-05 
v -0.0015079 -0.000998221 4.5e-05 
v -0.0015079 -0.000998221 -4.5e-05 
v -0.00150805 -0.000987363 4.5e-05 
v -0.00150805 -0.000987363 -4.5e-05 
v -0.00150775 -0.000976508 4.5e-05 
v -0.00150775 -0.000976508 -4.5e-05 
v -0.00150698 -0.000965675 4.5e-05 
v -0.00150698 -0.000965675 -4.5e-05 
v -0.00150575 -0.000954885 4.5e-05 
v -0.00150575 -0.000954885 -4.5e-05 
vn -0.602291 -0.798277 0 
vn -0.602291 -0.798277 0 
vn -0.635546 -0.772063 0 
vn -0.635546 -0.772063 0 
vn -0.667661 -0.744466 0 
vn -0.667661 -0.744466 0 
vn -0.698578 -0.715533 0 
vn -0.698578 -0.715533 0 
vn -0.728244 -0.685318 0 
vn -0.728244 -0.685318 0 
vn -0.756603 -0.653874 0 
vn -0.756603 -0.653874 0 
vn -0.783606 -0.621258 0 
vn -0.783606 -0.621258 0 
vn -0.809204 -0.587527 0 
vn -0.809204 -0.587527 0 
vn -0.833352 -0.552743 0 
vn -0.833352 -0.552743 0 
vn -0.856004 -0.516968 0 
vn -0.856004 -0.516968 0 
vn -0.877123 -0.480267 0 
vn -0.877123 -0.480267 0 
vn -0.896668 -0.442704 0 
vn -0.896668 -0.442704 0 
vn -0.914606 -0.404347 0 
vn -0.914606 -0.404347 0 
vn -0.930903 -0.365265 0 
vn -0.930903 -0.365265 0 
vn -0.945532 -0.325529 0 
vn -0.945532 -0.325529 0 
vn -0.958466 -0.285208 0 
vn -0.958466 -0.285208 0 
vn -0.96968 -0.244377 0 
vn -0.96968 -0.244377 0 
vn -0.979157 -0.203107 0 
vn -0.979157 -0.203107 0 
vn -0.986877 -0.161473 0 
vn -0.986877 -0.161473 0 
vn -0.992828 -0.119549 0 
vn -0.992828 -0.119549 0 
vn -0.996999 -0.0774113 0 
vn -0.996999 -0.0774113 0 
vn -0.999383 -0.0351347 0 
vn -0.999383 -0.0351347 0 
vn -0.999974 0.00720502 0 
vn -0.999974 0.00720502 0 
vn -0.998773 0.0495318 0 
vn -0.998773 0.0495318 0 
vn -0.99578 0.0917697 0 
vn -0.99578 0.0917697 0 
vn -0.991003 0.133843 0 
vn -0.991003 0.133843 0 
f 2063//2063 2064//2064 2065//2065 
f 2066//2066 2065//2065 2067//2067 
f 2068//2068 2067//2067 2069//2069 
f 2070//2070 2069//2069 2071//2071 
f 2072//2072 2071//2071 2073//2073 
f 2074//2074 2073//2073 2075//2075 
f 2076//2076 2075//2075 2077//2077 
f 2078//2078 2077//2077 2079//2079 
f 2080//2080 2079//2079 2081//2081 
f 2082//2082 2081//2081 2083//2083 
f 2084//2084 2083//2083 2085//2085 
f 2086//2086 2085//2085 2087//2087 
f 2088//2088 2087//2087 2089//2089 
f 2090//2090 2089//2089 2091//2091 
f 2092//2092 2091//2091 2093//2093 
f 2094//2094 2093//2093 2095//2095 
f 2096//2096 2095//2095 2097//2097 
f 2098//2098 2097//2097 2099//2099 
f 2100//2100 2099//2099 2101//2101 
f 2102//2102 2101//2101 2103//2103 
f 2104//2104 2103//2103 2105//2105 
f 2106//2106 2105//2105 2107//2107 
f 2108//2108 2107//2107 2109//2109 
f 2110//2110 2109//2109 2111//2111 
f 2112//2112 2111//2111 2113//2113 
f 2113//2113 2114//2114 2112//2112 
f 2111//2111 2112//2112 2110//2110 
f 2109//2109 2110//2110 2108//2108 
f 2107//2107 2108//2108 2106//2106 
f 2105//2105 2106//2106 2104//2104 
f 2103//2103 2104//2104 2102//2102 
f 2101//2101 2102//2102 2100//2100 
f 2099//2099 2100//2100 2098//2098 
f 2097//2097 2098//2098 2096//2096 
f 2095//2095 2096//2096 2094//2094 
f 2093//2093 2094//2094 2092//2092 
f 2091//2091 2092//2092 2090//2090 
f 2089//2089 2090//2090 2088//2088 
f 2087//2087 2088//2088 2086//2086 
f 2085//2085 2086//2086 2084//2084 
f 2083//2083 2084//2084 2082//2082 
f 2081//2081 2082//2082 2080//2080 
f 2079//2079 2080//2080 2078//2078 
f 2077//2077 2078//2078 2076//2076 
f 2075//2075 2076//2076 2074//2074 
f 2073//2073 2074//2074 2072//2072 
f 2071//2071 2072//2072 2070//2070 
f 2069//2069 2070//2070 2068//2068 
f 2067//2067 2068//2068 2066//2066 
f 2065//2065 2066//2066 2063//2063 
o mesh930
v -0.00140607 -0.00119393 4.5e-05 
v -0.00140607 -0.00119393 -4.5e-05 
v -0.00126464 -0.00105251 -4.5e-05 
v -0.00126464 -0.00105251 4.5e-05 
vn 0.707107 -0.707107 0 
vn 0.707107 -0.707107 0 
vn 0.707107 -0.707107 0 
vn 0.707107 -0.707107 0 
f 2115//2115 2116//2116 2117//2117 
f 2117//2117 2118//2118 2115//2115 
o mesh931
v -0.00126464 -0.00105251 -4.5e-05 
v -0.001124 -0.00119316 -4.5e-05 
v -0.001124 -0.00119316 4.5e-05 
v -0.00108428 -0.00123288 4.5e-05 
v -0.00108428 -0.00123288 -4.5e-05 
v -0.00105251 -0.00126464 4.5e-05 
v -0.00105251 -0.00126464 -4.5e-05 
v -0.00126464 -0.00105251 4.5e-05 
vn -0.707107 -0.707107 0 
vn -0.707107 -0.707107 0 
vn -0.707107 -0.707107 0 
vn -0.707107 -0.707107 0 
vn -0.707107 -0.707107 0 
vn -0.707107 -0.707107 0 
vn -0.707107 -0.707107 0 
vn -0.707107 -0.707107 0 
f 2119//2119 2120//2120 2121//2121 
f 2122//2122 2121//2121 2120//2120 
f 2120//2120 2123//2123 2122//2122 
f 2124//2124 2122//2122 2123//2123 
f 2123//2123 2125//2125 2124//2124 
f 2121//2121 2126//2126 2119//2119 
o mesh932
v -0.001124 -0.00133613 4.5e-05 
v -0.001124 -0.00133613 -4.5e-05 
v -0.00119393 -0.00140607 -4.5e-05 
v -0.00105251 -0.00126464 4.5e-05 
v -0.00105251 -0.00126464 -4.5e-05 
v -0.00119393 -0.00140607 4.5e-05 
vn -0.707107 0.707107 0 
vn -0.707107 0.707107 0 
vn -0.707107 0.707107 0 
vn -0.707107 0.707107 0 
vn -0.707107 0.707107 0 
vn -0.707107 0.707107 0 
f 2127//2127 2128//2128 2129//2129 
f 2130//2130 2131//2131 2128//2128 
f 2128//2128 2127//2127 2130//2130 
f 2129//2129 2132//2132 2127//2127 
o mesh933
v -0.000954885 -0.00150575 -4.5e-05 
v -0.000954885 -0.00150575 4.5e-05 
v -0.000965675 -0.00150698 4.5e-05 
v -0.000965675 -0.00150698 -4.5e-05 
v -0.000976508 -0.00150775 4.5e-05 
v -0.000976508 -0.00150775 -4.5e-05 
v -0.000987363 -0.00150805 4.5e-05 
v -0.000987363 -0.00150805 -4.5e-05 
v -0.000998221 -0.0015079 4.5e-05 
v -0.000998221 -0.0015079 -4.5e-05 
v -0.00100906 -0.00150729 4.5e-05 
v -0.00100906 -0.00150729 -4.5e-05 
v -0.00101987 -0.00150622 4.5e-05 
v -0.00101987 -0.00150622 -4.5e-05 
v -0.00103062 -0.0015047 4.5e-05 
v -0.00103062 -0.0015047 -4.5e-05 
v -0.0010413 -0.00150272 4.5e-05 
v -0.0010413 -0.00150272 -4.5e-05 
v -0.00105188 -0.00150029 4.5e-05 
v -0.00105188 -0.00150029 -4.5e-05 
v -0.00106235 -0.00149741 4.5e-05 
v -0.00106235 -0.00149741 -4.5e-05 
v -0.00107269 -0.00149409 4.5e-05 
v -0.00107269 -0.00149409 -4.5e-05 
v -0.00108289 -0.00149034 4.5e-05 
v -0.00108289 -0.00149034 -4.5e-05 
v -0.00109291 -0.00148616 4.5e-05 
v -0.00109291 -0.00148616 -4.5e-05 
v -0.00110274 -0.00148156 4.5e-05 
v -0.00110274 -0.00148156 -4.5e-05 
v -0.00111238 -0.00147655 4.5e-05 
v -0.00111238 -0.00147655 -4.5e-05 
v -0.00112179 -0.00147113 4.5e-05 
v -0.00113097 -0.00146532 -4.5e-05 
v -0.001124 -0.00146973 -4.5e-05 
v -0.001124 -0.00146973 4.5e-05 
v -0.00112179 -0.00147113 -4.5e-05 
v -0.00113097 -0.00146532 4.5e-05 
v -0.00113989 -0.00145913 4.5e-05 
v -0.00113989 -0.00145913 -4.5e-05 
v -0.00114854 -0.00145257 4.5e-05 
v -0.00114854 -0.00145257 -4.5e-05 
v -0.0011569 -0.00144564 4.5e-05 
v -0.0011569 -0.00144564 -4.5e-05 
v -0.00116496 -0.00143837 4.5e-05 
v -0.00116496 -0.00143837 -4.5e-05 
v -0.00117271 -0.00143076 4.5e-05 
v -0.00117271 -0.00143076 -4.5e-05 
v -0.00118013 -0.00142283 4.5e-05 
v -0.00118013 -0.00142283 -4.5e-05 
v -0.00118721 -0.00141459 4.5e-05 
v -0.00118721 -0.00141459 -4.5e-05 
v -0.00119393 -0.00140607 4.5e-05 
v -0.00119393 -0.00140607 -4.5e-05 
vn 0.133843 -0.991003 0 
vn 0.133843 -0.991003 0 
vn 0.0917697 -0.99578 0 
vn 0.0917697 -0.99578 0 
vn 0.0495318 -0.998773 0 
vn 0.0495318 -0.998773 0 
vn 0.00720502 -0.999974 0 
vn 0.00720502 -0.999974 0 
vn -0.0351347 -0.999383 0 
vn -0.0351347 -0.999383 0 
vn -0.0774113 -0.996999 0 
vn -0.0774113 -0.996999 0 
vn -0.119549 -0.992828 0 
vn -0.119549 -0.992828 0 
vn -0.161473 -0.986877 0 
vn -0.161473 -0.986877 0 
vn -0.203107 -0.979157 0 
vn -0.203107 -0.979157 0 
vn -0.244377 -0.96968 0 
vn -0.244377 -0.96968 0 
vn -0.285208 -0.958466 0 
vn -0.285208 -0.958466 0 
vn -0.325529 -0.945532 0 
vn -0.325529 -0.945532 0 
vn -0.365265 -0.930903 0 
vn -0.365265 -0.930903 0 
vn -0.404347 -0.914606 0 
vn -0.404347 -0.914606 0 
vn -0.442704 -0.896668 0 
vn -0.442704 -0.896668 0 
vn -0.480267 -0.877123 0 
vn -0.480267 -0.877123 0 
vn -0.516968 -0.856004 0 
vn -0.552743 -0.833352 0 
vn -0.52567 -0.850689 0 
vn -0.52567 -0.850689 0 
vn -0.516968 -0.856004 0 
vn -0.552743 -0.833352 0 
vn -0.587527 -0.809204 0 
vn -0.587527 -0.809204 0 
vn -0.621258 -0.783606 0 
vn -0.621258 -0.783606 0 
vn -0.653874 -0.756603 0 
vn -0.653874 -0.756603 0 
vn -0.685318 -0.728244 0 
vn -0.685318 -0.728244 0 
vn -0.715533 -0.698578 0 
vn -0.715533 -0.698578 0 
vn -0.744466 -0.667661 0 
vn -0.744466 -0.667661 0 
vn -0.772063 -0.635546 0 
vn -0.772063 -0.635546 0 
vn -0.798277 -0.602291 0 
vn -0.798277 -0.602291 0 
f 2133//2133 2134//2134 2135//2135 
f 2136//2136 2135//2135 2137//2137 
f 2138//2138 2137//2137 2139//2139 
f 2140//2140 2139//2139 2141//2141 
f 2142//2142 2141//2141 2143//2143 
f 2144//2144 2143//2143 2145//2145 
f 2146//2146 2145//2145 2147//2147 
f 2148//2148 2147//2147 2149//2149 
f 2150//2150 2149//2149 2151//2151 
f 2152//2152 2151//2151 2153//2153 
f 2154//2154 2153//2153 2155//2155 
f 2156//2156 2155//2155 2157//2157 
f 2158//2158 2157//2157 2159//2159 
f 2160//2160 2159//2159 2161//2161 
f 2162//2162 2161//2161 2163//2163 
f 2164//2164 2163//2163 2165//2165 
f 2166//2166 2167//2167 2168//2168 
f 2165//2165 2168//2168 2167//2167 
f 2167//2167 2169//2169 2165//2165 
f 2166//2166 2170//2170 2171//2171 
f 2172//2172 2171//2171 2173//2173 
f 2174//2174 2173//2173 2175//2175 
f 2176//2176 2175//2175 2177//2177 
f 2178//2178 2177//2177 2179//2179 
f 2180//2180 2179//2179 2181//2181 
f 2182//2182 2181//2181 2183//2183 
f 2184//2184 2183//2183 2185//2185 
f 2185//2185 2186//2186 2184//2184 
f 2183//2183 2184//2184 2182//2182 
f 2181//2181 2182//2182 2180//2180 
f 2179//2179 2180//2180 2178//2178 
f 2177//2177 2178//2178 2176//2176 
f 2175//2175 2176//2176 2174//2174 
f 2173//2173 2174//2174 2172//2172 
f 2171//2171 2172//2172 2166//2166 
f 2168//2168 2170//2170 2166//2166 
f 2165//2165 2169//2169 2164//2164 
f 2163//2163 2164//2164 2162//2162 
f 2161//2161 2162//2162 2160//2160 
f 2159//2159 2160//2160 2158//2158 
f 2157//2157 2158//2158 2156//2156 
f 2155//2155 2156//2156 2154//2154 
f 2153//2153 2154//2154 2152//2152 
f 2151//2151 2152//2152 2150//2150 
f 2149//2149 2150//2150 2148//2148 
f 2147//2147 2148//2148 2146//2146 
f 2145//2145 2146//2146 2144//2144 
f 2143//2143 2144//2144 2142//2142 
f 2141//2141 2142//2142 2140//2140 
f 2139//2139 2140//2140 2138//2138 
f 2137//2137 2138//2138 2136//2136 
f 2135//2135 2136//2136 2133//2133 
o mesh934
v -0.000220491 -0.00158221 -4.5e-05 
v -0.00015 -0.00160575 -4.5e-05 
v -0.00015 -0.00160575 4.5e-05 
v -0.000291862 -0.00156148 -4.5e-05 
v -0.00029 -0.00156202 -4.5e-05 
v -0.00029 -0.00156202 4.5e-05 
v -0.000220491 -0.00158221 4.5e-05 
v -0.000364001 -0.0015436 -4.5e-05 
v -0.000291862 -0.00156148 4.5e-05 
v -0.000436793 -0.00152861 -4.5e-05 
v -0.000364001 -0.0015436 4.5e-05 
v -0.000510123 -0.00151652 -4.5e-05 
v -0.000436793 -0.00152861 4.5e-05 
v -0.000583876 -0.00150736 -4.5e-05 
v -0.000510123 -0.00151652 4.5e-05 
v -0.000657935 -0.00150114 -4.5e-05 
v -0.000583876 -0.00150736 4.5e-05 
v -0.000732183 -0.00149786 -4.5e-05 
v -0.000657935 -0.00150114 4.5e-05 
v -0.000806502 -0.00149754 -4.5e-05 
v -0.000732183 -0.00149786 4.5e-05 
v -0.000880775 -0.00150017 -4.5e-05 
v -0.000832135 -0.00149845 -4.5e-05 
v -0.000832135 -0.00149845 4.5e-05 
v -0.000806502 -0.00149754 4.5e-05 
v -0.000954885 -0.00150575 -4.5e-05 
v -0.000880775 -0.00150017 4.5e-05 
v -0.000954885 -0.00150575 4.5e-05 
vn -0.297927 -0.954589 0 
vn -0.335634 -0.941992 0 
vn -0.335634 -0.941992 0 
vn -0.259749 -0.965676 0 
vn -0.26075 -0.965406 0 
vn -0.26075 -0.965406 0 
vn -0.297927 -0.954589 0 
vn -0.22116 -0.975238 0 
vn -0.259749 -0.965676 0 
vn -0.182222 -0.983257 0 
vn -0.22116 -0.975238 0 
vn -0.142995 -0.989723 0 
vn -0.182222 -0.983257 0 
vn -0.103543 -0.994625 0 
vn -0.142995 -0.989723 0 
vn -0.0639268 -0.997955 0 
vn -0.103543 -0.994625 0 
vn -0.0242098 -0.999707 0 
vn -0.0639268 -0.997955 0 
vn 0.0155455 -0.999879 0 
vn -0.0242098 -0.999707 0 
vn 0.0552762 -0.998471 0 
vn 0.0292626 -0.999572 0 
vn 0.0292626 -0.999572 0 
vn 0.0155455 -0.999879 0 
vn 0.0949196 -0.995485 0 
vn 0.0552762 -0.998471 0 
vn 0.0949196 -0.995485 0 
f 2187//2187 2188//2188 2189//2189 
f 2190//2190 2191//2191 2192//2192 
f 2193//2193 2192//2192 2191//2191 
f 2191//2191 2187//2187 2193//2193 
f 2194//2194 2190//2190 2195//2195 
f 2196//2196 2194//2194 2197//2197 
f 2198//2198 2196//2196 2199//2199 
f 2200//2200 2198//2198 2201//2201 
f 2202//2202 2200//2200 2203//2203 
f 2204//2204 2202//2202 2205//2205 
f 2206//2206 2204//2204 2207//2207 
f 2208//2208 2209//2209 2210//2210 
f 2211//2211 2210//2210 2209//2209 
f 2209//2209 2206//2206 2211//2211 
f 2212//2212 2208//2208 2213//2213 
f 2213//2213 2214//2214 2212//2212 
f 2210//2210 2213//2213 2208//2208 
f 2207//2207 2211//2211 2206//2206 
f 2205//2205 2207//2207 2204//2204 
f 2203//2203 2205//2205 2202//2202 
f 2201//2201 2203//2203 2200//2200 
f 2199//2199 2201//2201 2198//2198 
f 2197//2197 2199//2199 2196//2196 
f 2195//2195 2197//2197 2194//2194 
f 2192//2192 2195//2195 2190//2190 
f 2189//2189 2193//2193 2187//2187 
o mesh935
v -0.00015 -0.00160575 4.5e-05 
v -0.00015 -0.00160575 -4.5e-05 
v -0.00015 -0.00150575 -4.5e-05 
v -0.00015 -0.00150575 4.5e-05 
vn 1 0 0 
vn 1 0 0 
vn 1 0 0 
vn 1 0 0 
f 2215//2215 2216//2216 2217//2217 
f 2217//2217 2218//2218 2215//2215 
o mesh936
v -0.00015 -0.00150575 4.5e-05 
v -0.00015 -0.00150575 -4.5e-05 
v 0.00015 -0.00150575 -4.5e-05 
v 0.00015 -0.00150575 4.5e-05 
vn 0 -1 0 
vn 0 -1 0 
vn 0 -1 0 
vn 0 -1 0 
f 2219//2219 2220//2220 2221//2221 
f 2221//2221 2222//2222 2219//2219 
o mesh937
v 0.00015 -0.00150575 -4.5e-05 
v 0.00015 -0.00160575 -4.5e-05 
v 0.00015 -0.00160575 4.5e-05 
v 0.00015 -0.00150575 4.5e-05 
vn -1 0 0 
vn -1 0 0 
vn -1 0 0 
vn -1 0 0 
f 2223//2223 2224//2224 2225//2225 
f 2225//2225 2226//2226 2223//2223 
o mesh938
v 0.000880775 -0.00150017 -4.5e-05 
v 0.000954885 -0.00150575 -4.5e-05 
v 0.000954885 -0.00150575 4.5e-05 
v 0.000806502 -0.00149754 -4.5e-05 
v 0.000832135 -0.00149845 -4.5e-05 
v 0.000832135 -0.00149845 4.5e-05 
v 0.000880775 -0.00150017 4.5e-05 
v 0.000732183 -0.00149786 -4.5e-05 
v 0.000806502 -0.00149754 4.5e-05 
v 0.000657935 -0.00150114 -4.5e-05 
v 0.000732183 -0.00149786 4.5e-05 
v 0.000583876 -0.00150736 -4.5e-05 
v 0.000657935 -0.00150114 4.5e-05 
v 0.000510123 -0.00151652 -4.5e-05 
v 0.000583876 -0.00150736 4.5e-05 
v 0.000436793 -0.00152861 -4.5e-05 
v 0.000510123 -0.00151652 4.5e-05 
v 0.000364001 -0.0015436 -4.5e-05 
v 0.000436793 -0.00152861 4.5e-05 
v 0.000291862 -0.00156148 -4.5e-05 
v 0.000364001 -0.0015436 4.5e-05 
v 0.000220491 -0.00158221 -4.5e-05 
v 0.00029 -0.00156202 -4.5e-05 
v 0.00029 -0.00156202 4.5e-05 
v 0.000291862 -0.00156148 4.5e-05 
v 0.00015 -0.00160575 -4.5e-05 
v 0.000220491 -0.00158221 4.5e-05 
v 0.00015 -0.00160575 4.5e-05 
vn -0.0552762 -0.998471 0 
vn -0.0949196 -0.995485 0 
vn -0.0949196 -0.995485 0 
vn -0.0155455 -0.999879 0 
vn -0.0292626 -0.999572 0 
vn -0.0292626 -0.999572 0 
vn -0.0552762 -0.998471 0 
vn 0.0242098 -0.999707 0 
vn -0.0155455 -0.999879 0 
vn 0.0639268 -0.997955 0 
vn 0.0242098 -0.999707 0 
vn 0.103543 -0.994625 0 
vn 0.0639268 -0.997955 0 
vn 0.142995 -0.989723 0 
vn 0.103543 -0.994625 0 
vn 0.182222 -0.983257 0 
vn 0.142995 -0.989723 0 
vn 0.22116 -0.975238 0 
vn 0.182222 -0.983257 0 
vn 0.259749 -0.965676 0 
vn 0.22116 -0.975238 0 
vn 0.297927 -0.954589 0 
vn 0.26075 -0.965406 0 
vn 0.26075 -0.965406 0 
vn 0.259749 -0.965676 0 
vn 0.335634 -0.941992 0 
vn 0.297927 -0.954589 0 
vn 0.335634 -0.941992 0 
f 2227//2227 2228//2228 2229//2229 
f 2230//2230 2231//2231 2232//2232 
f 2233//2233 2232//2232 2231//2231 
f 2231//2231 2227//2227 2233//2233 
f 2234//2234 2230//2230 2235//2235 
f 2236//2236 2234//2234 2237//2237 
f 2238//2238 2236//2236 2239//2239 
f 2240//2240 2238//2238 2241//2241 
f 2242//2242 2240//2240 2243//2243 
f 2244//2244 2242//2242 2245//2245 
f 2246//2246 2244//2244 2247//2247 
f 2248//2248 2249//2249 2250//2250 
f 2251//2251 2250//2250 2249//2249 
f 2249//2249 2246//2246 2251//2251 
f 2252//2252 2248//2248 2253//2253 
f 2253//2253 2254//2254 2252//2252 
f 2250//2250 2253//2253 2248//2248 
f 2247//2247 2251//2251 2246//2246 
f 2245//2245 2247//2247 2244//2244 
f 2243//2243 2245//2245 2242//2242 
f 2241//2241 2243//2243 2240//2240 
f 2239//2239 2241//2241 2238//2238 
f 2237//2237 2239//2239 2236//2236 
f 2235//2235 2237//2237 2234//2234 
f 2232//2232 2235//2235 2230//2230 
f 2229//2229 2233//2233 2227//2227 
o mesh939
v 0.00119393 -0.00140607 -4.5e-05 
v 0.00119393 -0.00140607 4.5e-05 
v 0.00118721 -0.00141459 4.5e-05 
v 0.00118721 -0.00141459 -4.5e-05 
v 0.00118013 -0.00142283 4.5e-05 
v 0.00118013 -0.00142283 -4.5e-05 
v 0.00117271 -0.00143076 4.5e-05 
v 0.00117271 -0.00143076 -4.5e-05 
v 0.00116496 -0.00143837 4.5e-05 
v 0.00116496 -0.00143837 -4.5e-05 
v 0.0011569 -0.00144564 4.5e-05 
v 0.0011569 -0.00144564 -4.5e-05 
v 0.00114854 -0.00145257 4.5e-05 
v 0.00114854 -0.00145257 -4.5e-05 
v 0.00113989 -0.00145913 4.5e-05 
v 0.00113989 -0.00145913 -4.5e-05 
v 0.00113097 -0.00146532 4.5e-05 
v 0.00113097 -0.00146532 -4.5e-05 
v 0.00112179 -0.00147113 4.5e-05 
v 0.00112179 -0.00147113 -4.5e-05 
v 0.00111238 -0.00147655 4.5e-05 
v 0.00111238 -0.00147655 -4.5e-05 
v 0.00110274 -0.00148156 4.5e-05 
v 0.00110274 -0.00148156 -4.5e-05 
v 0.00109291 -0.00148616 4.5e-05 
v 0.00109291 -0.00148616 -4.5e-05 
v 0.00108289 -0.00149034 4.5e-05 
v 0.00108289 -0.00149034 -4.5e-05 
v 0.00107269 -0.00149409 4.5e-05 
v 0.00107269 -0.00149409 -4.5e-05 
v 0.00106235 -0.00149741 4.5e-05 
v 0.00106235 -0.00149741 -4.5e-05 
v 0.00105188 -0.00150029 4.5e-05 
v 0.00105188 -0.00150029 -4.5e-05 
v 0.0010413 -0.00150272 4.5e-05 
v 0.0010413 -0.00150272 -4.5e-05 
v 0.00103062 -0.0015047 4.5e-05 
v 0.00103062 -0.0015047 -4.5e-05 
v 0.00101987 -0.00150622 4.5e-05 
v 0.00101987 -0.00150622 -4.5e-05 
v 0.00100906 -0.00150729 4.5e-05 
v 0.00100906 -0.00150729 -4.5e-05 
v 0.000998221 -0.0015079 4.5e-05 
v 0.000998221 -0.0015079 -4.5e-05 
v 0.000987363 -0.00150805 4.5e-05 
v 0.000987363 -0.00150805 -4.5e-05 
v 0.000976508 -0.00150775 4.5e-05 
v 0.000976508 -0.00150775 -4.5e-05 
v 0.000965675 -0.00150698 4.5e-05 
v 0.000965675 -0.00150698 -4.5e-05 
v 0.000954885 -0.00150575 4.5e-05 
v 0.000954885 -0.00150575 -4.5e-05 
vn 0.798277 -0.602291 0 
vn 0.798277 -0.602291 0 
vn 0.772063 -0.635546 0 
vn 0.772063 -0.635546 0 
vn 0.744466 -0.667661 0 
vn 0.744466 -0.667661 0 
vn 0.715533 -0.698578 0 
vn 0.715533 -0.698578 0 
vn 0.685318 -0.728244 0 
vn 0.685318 -0.728244 0 
vn 0.653874 -0.756603 0 
vn 0.653874 -0.756603 0 
vn 0.621258 -0.783606 0 
vn 0.621258 -0.783606 0 
vn 0.587527 -0.809204 0 
vn 0.587527 -0.809204 0 
vn 0.552743 -0.833352 0 
vn 0.552743 -0.833352 0 
vn 0.516968 -0.856004 0 
vn 0.516968 -0.856004 0 
vn 0.480267 -0.877123 0 
vn 0.480267 -0.877123 0 
vn 0.442704 -0.896668 0 
vn 0.442704 -0.896668 0 
vn 0.404347 -0.914606 0 
vn 0.404347 -0.914606 0 
vn 0.365265 -0.930903 0 
vn 0.365265 -0.930903 0 
vn 0.325529 -0.945532 0 
vn 0.325529 -0.945532 0 
vn 0.285208 -0.958466 0 
vn 0.285208 -0.958466 0 
vn 0.244377 -0.96968 0 
vn 0.244377 -0.96968 0 
vn 0.203107 -0.979157 0 
vn 0.203107 -0.979157 0 
vn 0.161473 -0.986877 0 
vn 0.161473 -0.986877 0 
vn 0.119549 -0.992828 0 
vn 0.119549 -0.992828 0 
vn 0.0774113 -0.996999 0 
vn 0.0774113 -0.996999 0 
vn 0.0351347 -0.999383 0 
vn 0.0351347 -0.999383 0 
vn -0.00720502 -0.999974 0 
vn -0.00720502 -0.999974 0 
vn -0.0495318 -0.998773 0 
vn -0.0495318 -0.998773 0 
vn -0.0917697 -0.99578 0 
vn -0.0917697 -0.99578 0 
vn -0.133843 -0.991003 0 
vn -0.133843 -0.991003 0 
f 2255//2255 2256//2256 2257//2257 
f 2258//2258 2257//2257 2259//2259 
f 2260//2260 2259//2259 2261//2261 
f 2262//2262 2261//2261 2263//2263 
f 2264//2264 2263//2263 2265//2265 
f 2266//2266 2265//2265 2267//2267 
f 2268//2268 2267//2267 2269//2269 
f 2270//2270 2269//2269 2271//2271 
f 2272//2272 2271//2271 2273//2273 
f 2274//2274 2273//2273 2275//2275 
f 2276//2276 2275//2275 2277//2277 
f 2278//2278 2277//2277 2279//2279 
f 2280//2280 2279//2279 2281//2281 
f 2282//2282 2281//2281 2283//2283 
f 2284//2284 2283//2283 2285//2285 
f 2286//2286 2285//2285 2287//2287 
f 2288//2288 2287//2287 2289//2289 
f 2290//2290 2289//2289 2291//2291 
f 2292//2292 2291//2291 2293//2293 
f 2294//2294 2293//2293 2295//2295 
f 2296//2296 2295//2295 2297//2297 
f 2298//2298 2297//2297 2299//2299 
f 2300//2300 2299//2299 2301//2301 
f 2302//2302 2301//2301 2303//2303 
f 2304//2304 2303//2303 2305//2305 
f 2305//2305 2306//2306 2304//2304 
f 2303//2303 2304//2304 2302//2302 
f 2301//2301 2302//2302 2300//2300 
f 2299//2299 2300//2300 2298//2298 
f 2297//2297 2298//2298 2296//2296 
f 2295//2295 2296//2296 2294//2294 
f 2293//2293 2294//2294 2292//2292 
f 2291//2291 2292//2292 2290//2290 
f 2289//2289 2290//2290 2288//2288 
f 2287//2287 2288//2288 2286//2286 
f 2285//2285 2286//2286 2284//2284 
f 2283//2283 2284//2284 2282//2282 
f 2281//2281 2282//2282 2280//2280 
f 2279//2279 2280//2280 2278//2278 
f 2277//2277 2278//2278 2276//2276 
f 2275//2275 2276//2276 2274//2274 
f 2273//2273 2274//2274 2272//2272 
f 2271//2271 2272//2272 2270//2270 
f 2269//2269 2270//2270 2268//2268 
f 2267//2267 2268//2268 2266//2266 
f 2265//2265 2266//2266 2264//2264 
f 2263//2263 2264//2264 2262//2262 
f 2261//2261 2262//2262 2260//2260 
f 2259//2259 2260//2260 2258//2258 
f 2257//2257 2258//2258 2255//2255 
o mesh940
v 0.00119393 -0.00140607 4.5e-05 
v 0.00119393 -0.00140607 -4.5e-05 
v 0.00105251 -0.00126464 -4.5e-05 
v 0.00105251 -0.00126464 4.5e-05 
vn 0.707107 0.707107 0 
vn 0.707107 0.707107 0 
vn 0.707107 0.707107 0 
vn 0.707107 0.707107 0 
f 2307//2307 2308//2308 2309//2309 
f 2309//2309 2310//2310 2307//2307 
o mesh941
v 0.00126464 -0.00105251 4.5e-05 
v 0.00108428 -0.00123288 4.5e-05 
v 0.00108428 -0.00123288 -4.5e-05 
v 0.00105251 -0.00126464 4.5e-05 
v 0.00105251 -0.00126464 -4.5e-05 
v 0.00126464 -0.00105251 -4.5e-05 
vn 0.707107 -0.707107 0 
vn 0.707107 -0.707107 0 
vn 0.707107 -0.707107 0 
vn 0.707107 -0.707107 0 
vn 0.707107 -0.707107 0 
vn 0.707107 -0.707107 0 
f 2311//2311 2312//2312 2313//2313 
f 2314//2314 2315//2315 2313//2313 
f 2313//2313 2312//2312 2314//2314 
f 2313//2313 2316//2316 2311//2311 
o mesh942
v 0.00126464 -0.00105251 -4.5e-05 
v 0.00140607 -0.00119393 -4.5e-05 
v 0.00140607 -0.00119393 4.5e-05 
v 0.00126464 -0.00105251 4.5e-05 
vn -0.707107 -0.707107 0 
vn -0.707107 -0.707107 0 
vn -0.707107 -0.707107 0 
vn -0.707107 -0.707107 0 
f 2317//2317 2318//2318 2319//2319 
f 2319//2319 2320//2320 2317//2317 
o mesh943
v 0.00150575 -0.000954885 -4.5e-05 
v 0.00150575 -0.000954885 4.5e-05 
v 0.00150698 -0.000965675 4.5e-05 
v 0.00150698 -0.000965675 -4.5e-05 
v 0.00150775 -0.000976508 4.5e-05 
v 0.00150775 -0.000976508 -4.5e-05 
v 0.00150805 -0.000987363 4.5e-05 
v 0.00150805 -0.000987363 -4.5e-05 
v 0.0015079 -0.000998221 4.5e-05 
v 0.0015079 -0.000998221 -4.5e-05 
v 0.00150729 -0.00100906 4.5e-05 
v 0.00150729 -0.00100906 -4.5e-05 
v 0.00150622 -0.00101987 4.5e-05 
v 0.00150622 -0.00101987 -4.5e-05 
v 0.0015047 -0.00103062 4.5e-05 
v 0.0015047 -0.00103062 -4.5e-05 
v 0.00150272 -0.0010413 4.5e-05 
v 0.00150272 -0.0010413 -4.5e-05 
v 0.00150029 -0.00105188 4.5e-05 
v 0.00150029 -0.00105188 -4.5e-05 
v 0.00149741 -0.00106235 4.5e-05 
v 0.00149741 -0.00106235 -4.5e-05 
v 0.00149409 -0.00107269 4.5e-05 
v 0.00149409 -0.00107269 -4.5e-05 
v 0.00149034 -0.00108289 4.5e-05 
v 0.00149034 -0.00108289 -4.5e-05 
v 0.00148616 -0.00109291 4.5e-05 
v 0.00148616 -0.00109291 -4.5e-05 
v 0.00148156 -0.00110274 4.5e-05 
v 0.00148156 -0.00110274 -4.5e-05 
v 0.00147655 -0.00111238 4.5e-05 
v 0.00147655 -0.00111238 -4.5e-05 
v 0.00147113 -0.00112179 4.5e-05 
v 0.00147113 -0.00112179 -4.5e-05 
v 0.00146532 -0.00113097 4.5e-05 
v 0.00146532 -0.00113097 -4.5e-05 
v 0.00145913 -0.00113989 4.5e-05 
v 0.00145913 -0.00113989 -4.5e-05 
v 0.00145257 -0.00114854 4.5e-05 
v 0.00145257 -0.00114854 -4.5e-05 
v 0.00144564 -0.0011569 4.5e-05 
v 0.00144564 -0.0011569 -4.5e-05 
v 0.00143837 -0.00116496 4.5e-05 
v 0.00143837 -0.00116496 -4.5e-05 
v 0.00143076 -0.00117271 4.5e-05 
v 0.00143076 -0.00117271 -4.5e-05 
v 0.00142283 -0.00118013 4.5e-05 
v 0.00142283 -0.00118013 -4.5e-05 
v 0.00141459 -0.00118721 4.5e-05 
v 0.00141459 -0.00118721 -4.5e-05 
v 0.00140607 -0.00119393 4.5e-05 
v 0.00140607 -0.00119393 -4.5e-05 
vn 0.991003 0.133843 0 
vn 0.991003 0.133843 0 
vn 0.99578 0.0917697 0 
vn 0.99578 0.0917697 0 
vn 0.998773 0.0495318 0 
vn 0.998773 0.0495318 0 
vn 0.999974 0.00720502 0 
vn 0.999974 0.00720502 0 
vn 0.999383 -0.0351347 0 
vn 0.999383 -0.0351347 0 
vn 0.996999 -0.0774113 0 
vn 0.996999 -0.0774113 0 
vn 0.992828 -0.119549 0 
vn 0.992828 -0.119549 0 
vn 0.986877 -0.161473 0 
vn 0.986877 -0.161473 0 
vn 0.979157 -0.203107 0 
vn 0.979157 -0.203107 0 
vn 0.96968 -0.244377 0 
vn 0.96968 -0.244377 0 
vn 0.958466 -0.285208 0 
vn 0.958466 -0.285208 0 
vn 0.945532 -0.325529 0 
vn 0.945532 -0.325529 0 
vn 0.930903 -0.365265 0 
vn 0.930903 -0.365265 0 
vn 0.914606 -0.404347 0 
vn 0.914606 -0.404347 0 
vn 0.896668 -0.442704 0 
vn 0.896668 -0.442704 0 
vn 0.877123 -0.480267 0 
vn 0.877123 -0.480267 0 
vn 0.856004 -0.516968 0 
vn 0.856004 -0.516968 0 
vn 0.833352 -0.552743 0 
vn 0.833352 -0.552743 0 
vn 0.809204 -0.587527 0 
vn 0.809204 -0.587527 0 
vn 0.783606 -0.621258 0 
vn 0.783606 -0.621258 0 
vn 0.756603 -0.653874 0 
vn 0.756603 -0.653874 0 
vn 0.728244 -0.685318 0 
vn 0.728244 -0.685318 0 
vn 0.698578 -0.715533 0 
vn 0.698578 -0.715533 0 
vn 0.667661 -0.744466 0 
vn 0.667661 -0.744466 0 
vn 0.635546 -0.772063 0 
vn 0.635546 -0.772063 0 
vn 0.602291 -0.798277 0 
vn 0.602291 -0.798277 0 
f 2321//2321 2322//2322 2323//2323 
f 2324//2324 2323//2323 2325//2325 
f 2326//2326 2325//2325 2327//2327 
f 2328//2328 2327//2327 2329//2329 
f 2330//2330 2329//2329 2331//2331 
f 2332//2332 2331//2331 2333//2333 
f 2334//2334 2333//2333 2335//2335 
f 2336//2336 2335//2335 2337//2337 
f 2338//2338 2337//2337 2339//2339 
f 2340//2340 2339//2339 2341//2341 
f 2342//2342 2341//2341 2343//2343 
f 2344//2344 2343//2343 2345//2345 
f 2346//2346 2345//2345 2347//2347 
f 2348//2348 2347//2347 2349//2349 
f 2350//2350 2349//2349 2351//2351 
f 2352//2352 2351//2351 2353//2353 
f 2354//2354 2353//2353 2355//2355 
f 2356//2356 2355//2355 2357//2357 
f 2358//2358 2357//2357 2359//2359 
f 2360//2360 2359//2359 2361//2361 
f 2362//2362 2361//2361 2363//2363 
f 2364//2364 2363//2363 2365//2365 
f 2366//2366 2365//2365 2367//2367 
f 2368//2368 2367//2367 2369//2369 
f 2370//2370 2369//2369 2371//2371 
f 2371//2371 2372//2372 2370//2370 
f 2369//2369 2370//2370 2368//2368 
f 2367//2367 2368//2368 2366//2366 
f 2365//2365 2366//2366 2364//2364 
f 2363//2363 2364//2364 2362//2362 
f 2361//2361 2362//2362 2360//2360 
f 2359//2359 2360//2360 2358//2358 
f 2357//2357 2358//2358 2356//2356 
f 2355//2355 2356//2356 2354//2354 
f 2353//2353 2354//2354 2352//2352 
f 2351//2351 2352//2352 2350//2350 
f 2349//2349 2350//2350 2348//2348 
f 2347//2347 2348//2348 2346//2346 
f 2345//2345 2346//2346 2344//2344 
f 2343//2343 2344//2344 2342//2342 
f 2341//2341 2342//2342 2340//2340 
f 2339//2339 2340//2340 2338//2338 
f 2337//2337 2338//2338 2336//2336 
f 2335//2335 2336//2336 2334//2334 
f 2333//2333 2334//2334 2332//2332 
f 2331//2331 2332//2332 2330//2330 
f 2329//2329 2330//2330 2328//2328 
f 2327//2327 2328//2328 2326//2326 
f 2325//2325 2326//2326 2324//2324 
f 2323//2323 2324//2324 2321//2321 
o mesh944
v 0.00158221 -0.000220491 -4.5e-05 
v 0.00160575 -0.00015 -4.5e-05 
v 0.00160575 -0.00015 4.5e-05 
v 0.00156148 -0.000291862 -4.5e-05 
v 0.00158221 -0.000220491 4.5e-05 
v 0.0015436 -0.000364001 -4.5e-05 
v 0.00156148 -0.000291862 4.5e-05 
v 0.00152861 -0.000436793 -4.5e-05 
v 0.00154134 -0.000375 -4.5e-05 
v 0.00154134 -0.000375 4.5e-05 
v 0.0015436 -0.000364001 4.5e-05 
v 0.00151652 -0.000510123 -4.5e-05 
v 0.00152861 -0.000436793 4.5e-05 
v 0.00150736 -0.000583876 -4.5e-05 
v 0.00151652 -0.000510123 4.5e-05 
v 0.00150114 -0.000657935 -4.5e-05 
v 0.00150643 -0.000595 -4.5e-05 
v 0.00150643 -0.000595 4.5e-05 
v 0.00150736 -0.000583876 4.5e-05 
v 0.00149786 -0.000732183 -4.5e-05 
v 0.00150114 -0.000657935 4.5e-05 
v 0.00149754 -0.000806502 -4.5e-05 
v 0.00149786 -0.000732183 4.5e-05 
v 0.00150017 -0.000880775 -4.5e-05 
v 0.00149754 -0.000806502 4.5e-05 
v 0.00150575 -0.000954885 -4.5e-05 
v 0.00150017 -0.000880775 4.5e-05 
v 0.00150575 -0.000954885 4.5e-05 
vn 0.954589 -0.297927 0 
vn 0.941992 -0.335634 0 
vn 0.941992 -0.335634 0 
vn 0.965676 -0.259749 0 
vn 0.954589 -0.297927 0 
vn 0.975238 -0.22116 0 
vn 0.965676 -0.259749 0 
vn 0.983257 -0.182222 0 
vn 0.976548 -0.215298 0 
vn 0.976548 -0.215298 0 
vn 0.975238 -0.22116 0 
vn 0.989723 -0.142995 0 
vn 0.983257 -0.182222 0 
vn 0.994625 -0.103543 0 
vn 0.989723 -0.142995 0 
vn 0.997955 -0.0639268 0 
vn 0.995226 -0.0976022 0 
vn 0.995226 -0.0976022 0 
vn 0.994625 -0.103543 0 
vn 0.999707 -0.0242098 0 
vn 0.997955 -0.0639268 0 
vn 0.999879 0.0155455 0 
vn 0.999707 -0.0242098 0 
vn 0.998471 0.0552762 0 
vn 0.999879 0.0155455 0 
vn 0.995485 0.0949196 0 
vn 0.998471 0.0552762 0 
vn 0.995485 0.0949196 0 
f 2373//2373 2374//2374 2375//2375 
f 2376//2376 2373//2373 2377//2377 
f 2378//2378 2376//2376 2379//2379 
f 2380//2380 2381//2381 2382//2382 
f 2383//2383 2382//2382 2381//2381 
f 2381//2381 2378//2378 2383//2383 
f 2384//2384 2380//2380 2385//2385 
f 2386//2386 2384//2384 2387//2387 
f 2388//2388 2389//2389 2390//2390 
f 2391//2391 2390//2390 2389//2389 
f 2389//2389 2386//2386 2391//2391 
f 2392//2392 2388//2388 2393//2393 
f 2394//2394 2392//2392 2395//2395 
f 2396//2396 2394//2394 2397//2397 
f 2398//2398 2396//2396 2399//2399 
f 2399//2399 2400//2400 2398//2398 
f 2397//2397 2399//2399 2396//2396 
f 2395//2395 2397//2397 2394//2394 
f 2393//2393 2395//2395 2392//2392 
f 2390//2390 2393//2393 2388//2388 
f 2387//2387 2391//2391 2386//2386 
f 2385//2385 2387//2387 2384//2384 
f 2382//2382 2385//2385 2380//2380 
f 2379//2379 2383//2383 2378//2378 
f 2377//2377 2379//2379 2376//2376 
f 2375//2375 2377//2377 2373//2373 
o mesh945
v 0.00160575 -0.00015 4.5e-05 
v 0.00160575 -0.00015 -4.5e-05 
v 0.00150575 -0.00015 -4.5e-05 
v 0.00150575 -0.00015 4.5e-05 
vn 8.86335e-14 1 0 
vn 8.86335e-14 1 0 
vn 8.86335e-14 1 0 
vn 8.86335e-14 1 0 
f 2401//2401 2402//2402 2403//2403 
f 2403//2403 2404//2404 2401//2401 
o mesh946
v 0.00150575 -0.00015 4.5e-05 
v 0.00150575 -0.00015 -4.5e-05 
v 0.00150575 0.00015 -4.5e-05 
v 0.00150575 0.00015 4.5e-05 
vn 1 -8.31222e-14 0 
vn 1 -8.31222e-14 0 
vn 1 -8.31222e-14 0 
vn 1 -8.31222e-14 0 
f 2405//2405 2406//2406 2407//2407 
f 2407//2407 2408//2408 2405//2405 
o mesh947
v 0.00150575 0.00015 -4.5e-05 
v 0.00160575 0.00015 -4.5e-05 
v 0.00160575 0.00015 4.5e-05 
v 0.00150575 0.00015 4.5e-05 
vn -8.89046e-14 -1 0 
vn -8.89046e-14 -1 0 
vn -8.89046e-14 -1 0 
vn -8.89046e-14 -1 0 
f 2409//2409 2410//2410 2411//2411 
f 2411//2411 2412//2412 2409//2409 
o mesh948
v 0.00150017 0.000880775 -4.5e-05 
v 0.00150575 0.000954885 -4.5e-05 
v 0.00150575 0.000954885 4.5e-05 
v 0.00149754 0.000806502 -4.5e-05 
v 0.00150017 0.000880775 4.5e-05 
v 0.00149786 0.000732183 -4.5e-05 
v 0.00149754 0.000806502 4.5e-05 
v 0.00150114 0.000657935 -4.5e-05 
v 0.00149786 0.000732183 4.5e-05 
v 0.00150736 0.000583876 -4.5e-05 
v 0.00150643 0.000595 -4.5e-05 
v 0.00150643 0.000595 4.5e-05 
v 0.00150114 0.000657935 4.5e-05 
v 0.00151652 0.000510123 -4.5e-05 
v 0.00150736 0.000583876 4.5e-05 
v 0.00152861 0.000436793 -4.5e-05 
v 0.00151652 0.000510123 4.5e-05 
v 0.0015436 0.000364001 -4.5e-05 
v 0.00152861 0.000436793 4.5e-05 
v 0.00156148 0.000291862 -4.5e-05 
v 0.0015436 0.000364001 4.5e-05 
v 0.00158221 0.000220491 -4.5e-05 
v 0.00156148 0.000291862 4.5e-05 
v 0.00160575 0.00015 -4.5e-05 
v 0.00158221 0.000220491 4.5e-05 
v 0.00160575 0.00015 4.5e-05 
vn 0.998471 -0.0552762 0 
vn 0.995485 -0.0949196 0 
vn 0.995485 -0.0949196 0 
vn 0.999879 -0.0155455 0 
vn 0.998471 -0.0552762 0 
vn 0.999707 0.0242098 0 
vn 0.999879 -0.0155455 0 
vn 0.997955 0.0639268 0 
vn 0.999707 0.0242098 0 
vn 0.994625 0.103543 0 
vn 0.995226 0.0976022 0 
vn 0.995226 0.0976022 0 
vn 0.997955 0.0639268 0 
vn 0.989723 0.142995 0 
vn 0.994625 0.103543 0 
vn 0.983257 0.182222 0 
vn 0.989723 0.142995 0 
vn 0.975238 0.22116 0 
vn 0.983257 0.182222 0 
vn 0.965676 0.259749 0 
vn 0.975238 0.22116 0 
vn 0.954589 0.297927 0 
vn 0.965676 0.259749 0 
vn 0.941992 0.335634 0 
vn 0.954589 0.297927 0 
vn 0.941992 0.335634 0 
f 2413//2413 2414//2414 2415//2415 
f 2416//2416 2413//2413 2417//2417 
f 2418//2418 2416//2416 2419//2419 
f 2420//2420 2418//2418 2421//2421 
f 2422//2422 2423//2423 2424//2424 
f 2425//2425 2424//2424 2423//2423 
f 2423//2423 2420//2420 2425//2425 
f 2426//2426 2422//2422 2427//2427 
f 2428//2428 2426//2426 2429//2429 
f 2430//2430 2428//2428 2431//2431 
f 2432//2432 2430//2430 2433//2433 
f 2434//2434 2432//2432 2435//2435 
f 2436//2436 2434//2434 2437//2437 
f 2437//2437 2438//2438 2436//2436 
f 2435//2435 2437//2437 2434//2434 
f 2433//2433 2435//2435 2432//2432 
f 2431//2431 2433//2433 2430//2430 
f 2429//2429 2431//2431 2428//2428 
f 2427//2427 2429//2429 2426//2426 
f 2424//2424 2427//2427 2422//2422 
f 2421//2421 2425//2425 2420//2420 
f 2419//2419 2421//2421 2418//2418 
f 2417//2417 2419//2419 2416//2416 
f 2415//2415 2417//2417 2413//2413 
o mesh949
v 0.00140607 0.00119393 -4.5e-05 
v 0.00140607 0.00119393 4.5e-05 
v 0.00141459 0.00118721 4.5e-05 
v 0.00141459 0.00118721 -4.5e-05 
v 0.00142283 0.00118013 4.5e-05 
v 0.00142283 0.00118013 -4.5e-05 
v 0.00143076 0.00117271 4.5e-05 
v 0.00143076 0.00117271 -4.5e-05 
v 0.00143837 0.00116496 4.5e-05 
v 0.00143837 0.00116496 -4.5e-05 
v 0.00144564 0.0011569 4.5e-05 
v 0.00144564 0.0011569 -4.5e-05 
v 0.00145257 0.00114854 4.5e-05 
v 0.00145257 0.00114854 -4.5e-05 
v 0.00145913 0.00113989 4.5e-05 
v 0.00145913 0.00113989 -4.5e-05 
v 0.00146532 0.00113097 4.5e-05 
v 0.00146532 0.00113097 -4.5e-05 
v 0.00147113 0.00112179 4.5e-05 
v 0.00147113 0.00112179 -4.5e-05 
v 0.00147655 0.00111238 4.5e-05 
v 0.00147655 0.00111238 -4.5e-05 
v 0.00148156 0.00110274 4.5e-05 
v 0.00148156 0.00110274 -4.5e-05 
v 0.00148616 0.00109291 4.5e-05 
v 0.00148616 0.00109291 -4.5e-05 
v 0.00149034 0.00108289 4.5e-05 
v 0.00149034 0.00108289 -4.5e-05 
v 0.00149409 0.00107269 4.5e-05 
v 0.00149409 0.00107269 -4.5e-05 
v 0.00149741 0.00106235 4.5e-05 
v 0.00149741 0.00106235 -4.5e-05 
v 0.00150029 0.00105188 4.5e-05 
v 0.00150272 0.0010413 -4.5e-05 
v 0.0015006 0.00105053 -4.5e-05 
v 0.0015006 0.00105053 4.5e-05 
v 0.00150029 0.00105188 -4.5e-05 
v 0.00150272 0.0010413 4.5e-05 
v 0.0015047 0.00103062 4.5e-05 
v 0.0015047 0.00103062 -4.5e-05 
v 0.00150622 0.00101987 4.5e-05 
v 0.00150622 0.00101987 -4.5e-05 
v 0.00150729 0.00100906 4.5e-05 
v 0.00150729 0.00100906 -4.5e-05 
v 0.0015079 0.000998221 4.5e-05 
v 0.0015079 0.000998221 -4.5e-05 
v 0.00150805 0.000987363 4.5e-05 
v 0.00150805 0.000987363 -4.5e-05 
v 0.00150775 0.000976508 4.5e-05 
v 0.00150775 0.000976508 -4.5e-05 
v 0.00150698 0.000965675 4.5e-05 
v 0.00150698 0.000965675 -4.5e-05 
v 0.00150575 0.000954885 4.5e-05 
v 0.00150575 0.000954885 -4.5e-05 
vn 0.602291 0.798277 0 
vn 0.602291 0.798277 0 
vn 0.635546 0.772063 0 
vn 0.635546 0.772063 0 
vn 0.667661 0.744466 0 
vn 0.667661 0.744466 0 
vn 0.698578 0.715533 0 
vn 0.698578 0.715533 0 
vn 0.728244 0.685318 0 
vn 0.728244 0.685318 0 
vn 0.756603 0.653874 0 
vn 0.756603 0.653874 0 
vn 0.783606 0.621258 0 
vn 0.783606 0.621258 0 
vn 0.809204 0.587527 0 
vn 0.809204 0.587527 0 
vn 0.833352 0.552743 0 
vn 0.833352 0.552743 0 
vn 0.856004 0.516968 0 
vn 0.856004 0.516968 0 
vn 0.877123 0.480267 0 
vn 0.877123 0.480267 0 
vn 0.896668 0.442704 0 
vn 0.896668 0.442704 0 
vn 0.914606 0.404347 0 
vn 0.914606 0.404347 0 
vn 0.930903 0.365265 0 
vn 0.930903 0.365265 0 
vn 0.945532 0.325529 0 
vn 0.945532 0.325529 0 
vn 0.958466 0.285208 0 
vn 0.958466 0.285208 0 
vn 0.96968 0.244377 0 
vn 0.979157 0.203107 0 
vn 0.970993 0.239108 0 
vn 0.970993 0.239108 0 
vn 0.96968 0.244377 0 
vn 0.979157 0.203107 0 
vn 0.986877 0.161473 0 
vn 0.986877 0.161473 0 
vn 0.992828 0.119549 0 
vn 0.992828 0.119549 0 
vn 0.996999 0.0774113 0 
vn 0.996999 0.0774113 0 
vn 0.999383 0.0351347 0 
vn 0.999383 0.0351347 0 
vn 0.999974 -0.00720502 0 
vn 0.999974 -0.00720502 0 
vn 0.998773 -0.0495318 0 
vn 0.998773 -0.0495318 0 
vn 0.99578 -0.0917697 0 
vn 0.99578 -0.0917697 0 
vn 0.991003 -0.133843 0 
vn 0.991003 -0.133843 0 
f 2439//2439 2440//2440 2441//2441 
f 2442//2442 2441//2441 2443//2443 
f 2444//2444 2443//2443 2445//2445 
f 2446//2446 2445//2445 2447//2447 
f 2448//2448 2447//2447 2449//2449 
f 2450//2450 2449//2449 2451//2451 
f 2452//2452 2451//2451 2453//2453 
f 2454//2454 2453//2453 2455//2455 
f 2456//2456 2455//2455 2457//2457 
f 2458//2458 2457//2457 2459//2459 
f 2460//2460 2459//2459 2461//2461 
f 2462//2462 2461//2461 2463//2463 
f 2464//2464 2463//2463 2465//2465 
f 2466//2466 2465//2465 2467//2467 
f 2468//2468 2467//2467 2469//2469 
f 2470//2470 2469//2469 2471//2471 
f 2472//2472 2473//2473 2474//2474 
f 2471//2471 2474//2474 2473//2473 
f 2473//2473 2475//2475 2471//2471 
f 2472//2472 2476//2476 2477//2477 
f 2478//2478 2477//2477 2479//2479 
f 2480//2480 2479//2479 2481//2481 
f 2482//2482 2481//2481 2483//2483 
f 2484//2484 2483//2483 2485//2485 
f 2486//2486 2485//2485 2487//2487 
f 2488//2488 2487//2487 2489//2489 
f 2490//2490 2489//2489 2491//2491 
f 2491//2491 2492//2492 2490//2490 
f 2489//2489 2490//2490 2488//2488 
f 2487//2487 2488//2488 2486//2486 
f 2485//2485 2486//2486 2484//2484 
f 2483//2483 2484//2484 2482//2482 
f 2481//2481 2482//2482 2480//2480 
f 2479//2479 2480//2480 2478//2478 
f 2477//2477 2478//2478 2472//2472 
f 2474//2474 2476//2476 2472//2472 
f 2471//2471 2475//2475 2470//2470 
f 2469//2469 2470//2470 2468//2468 
f 2467//2467 2468//2468 2466//2466 
f 2465//2465 2466//2466 2464//2464 
f 2463//2463 2464//2464 2462//2462 
f 2461//2461 2462//2462 2460//2460 
f 2459//2459 2460//2460 2458//2458 
f 2457//2457 2458//2458 2456//2456 
f 2455//2455 2456//2456 2454//2454 
f 2453//2453 2454//2454 2452//2452 
f 2451//2451 2452//2452 2450//2450 
f 2449//2449 2450//2450 2448//2448 
f 2447//2447 2448//2448 2446//2446 
f 2445//2445 2446//2446 2444//2444 
f 2443//2443 2444//2444 2442//2442 
f 2441//2441 2442//2442 2439//2439 
o mesh950
v 0.00140607 0.00119393 4.5e-05 
v 0.00140607 0.00119393 -4.5e-05 
v 0.00126464 0.00105251 -4.5e-05 
v 0.00126464 0.00105251 4.5e-05 
vn -0.707107 0.707107 0 
vn -0.707107 0.707107 0 
vn -0.707107 0.707107 0 
vn -0.707107 0.707107 0 
f 2493//2493 2494//2494 2495//2495 
f 2495//2495 2496//2496 2493//2493 
o mesh951
v 0.00126464 0.00105251 4.5e-05 
v 0.00126464 0.00105251 -4.5e-05 
v 0.00105251 0.00126464 -4.5e-05 
v 0.00105251 0.00126464 4.5e-05 
vn 0.707107 0.707107 0 
vn 0.707107 0.707107 0 
vn 0.707107 0.707107 0 
vn 0.707107 0.707107 0 
f 2497//2497 2498//2498 2499//2499 
f 2499//2499 2500//2500 2497//2497 
o mesh952
v 0.00105251 0.00126464 -4.5e-05 
v 0.00119393 0.00140607 -4.5e-05 
v 0.00119393 0.00140607 4.5e-05 
v 0.00105251 0.00126464 4.5e-05 
vn 0.707107 -0.707107 0 
vn 0.707107 -0.707107 0 
vn 0.707107 -0.707107 0 
vn 0.707107 -0.707107 0 
f 2501//2501 2502//2502 2503//2503 
f 2503//2503 2504//2504 2501//2501 
o mesh953
v 0.000954885 0.00150575 -4.5e-05 
v 0.000954885 0.00150575 4.5e-05 
v 0.000965675 0.00150698 4.5e-05 
v 0.000965675 0.00150698 -4.5e-05 
v 0.000976508 0.00150775 4.5e-05 
v 0.000976508 0.00150775 -4.5e-05 
v 0.000987363 0.00150805 4.5e-05 
v 0.000987363 0.00150805 -4.5e-05 
v 0.000998221 0.0015079 4.5e-05 
v 0.000998221 0.0015079 -4.5e-05 
v 0.00100906 0.00150729 4.5e-05 
v 0.00100906 0.00150729 -4.5e-05 
v 0.00101987 0.00150622 4.5e-05 
v 0.00101987 0.00150622 -4.5e-05 
v 0.00103062 0.0015047 4.5e-05 
v 0.00103062 0.0015047 -4.5e-05 
v 0.0010413 0.00150272 4.5e-05 
v 0.0010413 0.00150272 -4.5e-05 
v 0.00105188 0.00150029 4.5e-05 
v 0.00105188 0.00150029 -4.5e-05 
v 0.00106235 0.00149741 4.5e-05 
v 0.00106235 0.00149741 -4.5e-05 
v 0.00107269 0.00149409 4.5e-05 
v 0.00107269 0.00149409 -4.5e-05 
v 0.00108289 0.00149034 4.5e-05 
v 0.00108289 0.00149034 -4.5e-05 
v 0.00109291 0.00148616 4.5e-05 
v 0.00109291 0.00148616 -4.5e-05 
v 0.00110274 0.00148156 4.5e-05 
v 0.00110274 0.00148156 -4.5e-05 
v 0.00111238 0.00147655 4.5e-05 
v 0.00111238 0.00147655 -4.5e-05 
v 0.00112179 0.00147113 4.5e-05 
v 0.00112179 0.00147113 -4.5e-05 
v 0.00113097 0.00146532 4.5e-05 
v 0.00113097 0.00146532 -4.5e-05 
v 0.00113989 0.00145913 4.5e-05 
v 0.00113989 0.00145913 -4.5e-05 
v 0.00114854 0.00145257 4.5e-05 
v 0.00114854 0.00145257 -4.5e-05 
v 0.0011569 0.00144564 4.5e-05 
v 0.0011569 0.00144564 -4.5e-05 
v 0.00116496 0.00143837 4.5e-05 
v 0.00116496 0.00143837 -4.5e-05 
v 0.00117271 0.00143076 4.5e-05 
v 0.00117271 0.00143076 -4.5e-05 
v 0.00118013 0.00142283 4.5e-05 
v 0.00118013 0.00142283 -4.5e-05 
v 0.00118721 0.00141459 4.5e-05 
v 0.00118721 0.00141459 -4.5e-05 
v 0.00119393 0.00140607 4.5e-05 
v 0.00119393 0.00140607 -4.5e-05 
vn -0.133843 0.991003 0 
vn -0.133843 0.991003 0 
vn -0.0917697 0.99578 0 
vn -0.0917697 0.99578 0 
vn -0.0495318 0.998773 0 
vn -0.0495318 0.998773 0 
vn -0.00720502 0.999974 0 
vn -0.00720502 0.999974 0 
vn 0.0351347 0.999383 0 
vn 0.0351347 0.999383 0 
vn 0.0774113 0.996999 0 
vn 0.0774113 0.996999 0 
vn 0.119549 0.992828 0 
vn 0.119549 0.992828 0 
vn 0.161473 0.986877 0 
vn 0.161473 0.986877 0 
vn 0.203107 0.979157 0 
vn 0.203107 0.979157 0 
vn 0.244377 0.96968 0 
vn 0.244377 0.96968 0 
vn 0.285208 0.958466 0 
vn 0.285208 0.958466 0 
vn 0.325529 0.945532 0 
vn 0.325529 0.945532 0 
vn 0.365265 0.930903 0 
vn 0.365265 0.930903 0 
vn 0.404347 0.914606 0 
vn 0.404347 0.914606 0 
vn 0.442704 0.896668 0 
vn 0.442704 0.896668 0 
vn 0.480267 0.877123 0 
vn 0.480267 0.877123 0 
vn 0.516968 0.856004 0 
vn 0.516968 0.856004 0 
vn 0.552743 0.833352 0 
vn 0.552743 0.833352 0 
vn 0.587527 0.809204 0 
vn 0.587527 0.809204 0 
vn 0.621258 0.783606 0 
vn 0.621258 0.783606 0 
vn 0.653874 0.756603 0 
vn 0.653874 0.756603 0 
vn 0.685318 0.728244 0 
vn 0.685318 0.728244 0 
vn 0.715533 0.698578 0 
vn 0.715533 0.698578 0 
vn 0.744466 0.667661 0 
vn 0.744466 0.667661 0 
vn 0.772063 0.635546 0 
vn 0.772063 0.635546 0 
vn 0.798277 0.602291 0 
vn 0.798277 0.602291 0 
f 2505//2505 2506//2506 2507//2507 
f 2508//2508 2507//2507 2509//2509 
f 2510//2510 2509//2509 2511//2511 
f 2512//2512 2511//2511 2513//2513 
f 2514//2514 2513//2513 2515//2515 
f 2516//2516 2515//2515 2517//2517 
f 2518//2518 2517//2517 2519//2519 
f 2520//2520 2519//2519 2521//2521 
f 2522//2522 2521//2521 2523//2523 
f 2524//2524 2523//2523 2525//2525 
f 2526//2526 2525//2525 2527//2527 
f 2528//2528 2527//2527 2529//2529 
f 2530//2530 2529//2529 2531//2531 
f 2532//2532 2531//2531 2533//2533 
f 2534//2534 2533//2533 2535//2535 
f 2536//2536 2535//2535 2537//2537 
f 2538//2538 2537//2537 2539//2539 
f 2540//2540 2539//2539 2541//2541 
f 2542//2542 2541//2541 2543//2543 
f 2544//2544 2543//2543 2545//2545 
f 2546//2546 2545//2545 2547//2547 
f 2548//2548 2547//2547 2549//2549 
f 2550//2550 2549//2549 2551//2551 
f 2552//2552 2551//2551 2553//2553 
f 2554//2554 2553//2553 2555//2555 
f 2555//2555 2556//2556 2554//2554 
f 2553//2553 2554//2554 2552//2552 
f 2551//2551 2552//2552 2550//2550 
f 2549//2549 2550//2550 2548//2548 
f 2547//2547 2548//2548 2546//2546 
f 2545//2545 2546//2546 2544//2544 
f 2543//2543 2544//2544 2542//2542 
f 2541//2541 2542//2542 2540//2540 
f 2539//2539 2540//2540 2538//2538 
f 2537//2537 2538//2538 2536//2536 
f 2535//2535 2536//2536 2534//2534 
f 2533//2533 2534//2534 2532//2532 
f 2531//2531 2532//2532 2530//2530 
f 2529//2529 2530//2530 2528//2528 
f 2527//2527 2528//2528 2526//2526 
f 2525//2525 2526//2526 2524//2524 
f 2523//2523 2524//2524 2522//2522 
f 2521//2521 2522//2522 2520//2520 
f 2519//2519 2520//2520 2518//2518 
f 2517//2517 2518//2518 2516//2516 
f 2515//2515 2516//2516 2514//2514 
f 2513//2513 2514//2514 2512//2512 
f 2511//2511 2512//2512 2510//2510 
f 2509//2509 2510//2510 2508//2508 
f 2507//2507 2508//2508 2505//2505 
o mesh954
v 0.000220491 0.00158221 -4.5e-05 
v 0.00015 0.00160575 -4.5e-05 
v 0.00015 0.00160575 4.5e-05 
v 0.000291862 0.00156148 -4.5e-05 
v 0.00029 0.00156202 -4.5e-05 
v 0.00029 0.00156202 4.5e-05 
v 0.000220491 0.00158221 4.5e-05 
v 0.000364001 0.0015436 -4.5e-05 
v 0.000291862 0.00156148 4.5e-05 
v 0.000436793 0.00152861 -4.5e-05 
v 0.000364001 0.0015436 4.5e-05 
v 0.000510123 0.00151652 -4.5e-05 
v 0.000436793 0.00152861 4.5e-05 
v 0.000583876 0.00150736 -4.5e-05 
v 0.000530135 0.00151404 -4.5e-05 
v 0.000530135 0.00151404 4.5e-05 
v 0.000510123 0.00151652 4.5e-05 
v 0.000657935 0.00150114 -4.5e-05 
v 0.000583876 0.00150736 4.5e-05 
v 0.000732183 0.00149786 -4.5e-05 
v 0.000657935 0.00150114 4.5e-05 
v 0.000806502 0.00149754 -4.5e-05 
v 0.000732183 0.00149786 4.5e-05 
v 0.000880775 0.00150017 -4.5e-05 
v 0.000832135 0.00149845 -4.5e-05 
v 0.000832135 0.00149845 4.5e-05 
v 0.000806502 0.00149754 4.5e-05 
v 0.000954885 0.00150575 -4.5e-05 
v 0.000880775 0.00150017 4.5e-05 
v 0.000954885 0.00150575 4.5e-05 
vn 0.297927 0.954589 0 
vn 0.335634 0.941992 0 
vn 0.335634 0.941992 0 
vn 0.259749 0.965676 0 
vn 0.26075 0.965406 0 
vn 0.26075 0.965406 0 
vn 0.297927 0.954589 0 
vn 0.22116 0.975238 0 
vn 0.259749 0.965676 0 
vn 0.182222 0.983257 0 
vn 0.22116 0.975238 0 
vn 0.142995 0.989723 0 
vn 0.182222 0.983257 0 
vn 0.103543 0.994625 0 
vn 0.132311 0.991208 0 
vn 0.132311 0.991208 0 
vn 0.142995 0.989723 0 
vn 0.0639268 0.997955 0 
vn 0.103543 0.994625 0 
vn 0.0242098 0.999707 0 
vn 0.0639268 0.997955 0 
vn -0.0155455 0.999879 0 
vn 0.0242098 0.999707 0 
vn -0.0552762 0.998471 0 
vn -0.0292626 0.999572 0 
vn -0.0292626 0.999572 0 
vn -0.0155455 0.999879 0 
vn -0.0949196 0.995485 0 
vn -0.0552762 0.998471 0 
vn -0.0949196 0.995485 0 
f 2557//2557 2558//2558 2559//2559 
f 2560//2560 2561//2561 2562//2562 
f 2563//2563 2562//2562 2561//2561 
f 2561//2561 2557//2557 2563//2563 
f 2564//2564 2560//2560 2565//2565 
f 2566//2566 2564//2564 2567//2567 
f 2568//2568 2566//2566 2569//2569 
f 2570//2570 2571//2571 2572//2572 
f 2573//2573 2572//2572 2571//2571 
f 2571//2571 2568//2568 2573//2573 
f 2574//2574 2570//2570 2575//2575 
f 2576//2576 2574//2574 2577//2577 
f 2578//2578 2576//2576 2579//2579 
f 2580//2580 2581//2581 2582//2582 
f 2583//2583 2582//2582 2581//2581 
f 2581//2581 2578//2578 2583//2583 
f 2584//2584 2580//2580 2585//2585 
f 2585//2585 2586//2586 2584//2584 
f 2582//2582 2585//2585 2580//2580 
f 2579//2579 2583//2583 2578//2578 
f 2577//2577 2579//2579 2576//2576 
f 2575//2575 2577//2577 2574//2574 
f 2572//2572 2575//2575 2570//2570 
f 2569//2569 2573//2573 2568//2568 
f 2567//2567 2569//2569 2566//2566 
f 2565//2565 2567//2567 2564//2564 
f 2562//2562 2565//2565 2560//2560 
f 2559//2559 2563//2563 2557//2557 
o mesh955
v 0.00015 0.00160575 4.5e-05 
v 0.00015 0.00160575 -4.5e-05 
v 0.00015 0.00150575 -4.5e-05 
v 0.00015 0.00150575 4.5e-05 
vn -1 -1.28749e-13 0 
vn -1 -1.28749e-13 0 
vn -1 -1.28749e-13 0 
vn -1 -1.28749e-13 0 
f 2587//2587 2588//2588 2589//2589 
f 2589//2589 2590//2590 2587//2587 
o mesh956
v 0.00015 0.00150575 4.5e-05 
v 0.00015 0.00150575 -4.5e-05 
v -0.00015 0.00150575 -4.5e-05 
v -0.00015 0.00150575 4.5e-05 
vn -1.38778e-13 1 0 
vn -1.38778e-13 1 0 
vn -1.38778e-13 1 0 
vn -1.38778e-13 1 0 
f 2591//2591 2592//2592 2593//2593 
f 2593//2593 2594//2594 2591//2591 
o mesh957
v 0.001134 0.00069 4.5e-05 
v 0.001134 0.00069 -4.5e-05 
v 0.000934 0.00069 -4.5e-05 
v 0.000934 0.00069 4.5e-05 
vn -1.38778e-13 1 0 
vn -1.38778e-13 1 0 
vn -1.38778e-13 1 0 
vn -1.38778e-13 1 0 
f 2595//2595 2596//2596 2597//2597 
f 2597//2597 2598//2598 2595//2595 
o mesh958
v 0.000934 0.00069 4.5e-05 
v 0.000934 0.00069 -4.5e-05 
v 0.000934 0.00086 -4.5e-05 
v 0.000934 0.00086 4.5e-05 
vn 1 5.73989e-14 0 
vn 1 5.73989e-14 0 
vn 1 5.73989e-14 0 
vn 1 5.73989e-14 0 
f 2599//2599 2600//2600 2601//2601 
f 2601//2601 2602//2602 2599//2599 
o mesh959
v 0.000934 0.00086 4.5e-05 
v 0.000934 0.00086 -4.5e-05 
v 0.001134 0.00086 -4.5e-05 
v 0.001134 0.00086 4.5e-05 
vn 7.96889e-14 -1 0 
vn 7.96889e-14 -1 0 
vn 7.96889e-14 -1 0 
vn 7.96889e-14 -1 0 
f 2603//2603 2604//2604 2605//2605 
f 2605//2605 2606//2606 2603//2603 
o mesh960
v -0.00053 -0.00069 4.5e-05 
v -0.00053 -0.00069 -4.5e-05 
v -0.00033 -0.00069 -4.5e-05 
v -0.00033 -0.00069 4.5e-05 
vn 7.96889e-14 -1 0 
vn 7.96889e-14 -1 0 
vn 7.96889e-14 -1 0 
vn 7.96889e-14 -1 0 
f 2607//2607 2608//2608 2609//2609 
f 2609//2609 2610//2610 2607//2607 
o mesh961
v -0.00033 -0.00069 4.5e-05 
v -0.00033 -0.00069 -4.5e-05 
v -0.00033 -0.00086 -4.5e-05 
v -0.00033 -0.00086 4.5e-05 
vn -1 -5.73989e-14 0 
vn -1 -5.73989e-14 0 
vn -1 -5.73989e-14 0 
vn -1 -5.73989e-14 0 
f 2611//2611 2612//2612 2613//2613 
f 2613//2613 2614//2614 2611//2611 
o mesh962
v -0.00033 -0.00086 4.5e-05 
v -0.00033 -0.00086 -4.5e-05 
v -0.00053 -0.00086 -4.5e-05 
v -0.00053 -0.00086 4.5e-05 
vn -7.10152e-14 1 0 
vn -7.10152e-14 1 0 
vn -7.10152e-14 1 0 
vn -7.10152e-14 1 0 
f 2615//2615 2616//2616 2617//2617 
f 2617//2617 2618//2618 2615//2615 
o mesh963
v 0.00053 0.00086 4.5e-05 
v 0.00053 0.00086 -4.5e-05 
v 0.00053 0.00069 -4.5e-05 
v 0.00053 0.00069 4.5e-05 
vn -1 -5.73989e-14 0 
vn -1 -5.73989e-14 0 
vn -1 -5.73989e-14 0 
vn -1 -5.73989e-14 0 
f 2619//2619 2620//2620 2621//2621 
f 2621//2621 2622//2622 2619//2619 
o mesh964
v 0.00053 0.00069 4.5e-05 
v 0.00053 0.00069 -4.5e-05 
v 0.00033 0.00069 -4.5e-05 
v 0.00033 0.00069 4.5e-05 
vn -7.10152e-14 1 0 
vn -7.10152e-14 1 0 
vn -7.10152e-14 1 0 
vn -7.10152e-14 1 0 
f 2623//2623 2624//2624 2625//2625 
f 2625//2625 2626//2626 2623//2623 
o mesh965
v 0.00033 0.00069 4.5e-05 
v 0.00033 0.00069 -4.5e-05 
v 0.00033 0.00086 -4.5e-05 
v 0.00033 0.00086 4.5e-05 
vn 1 5.22968e-14 0 
vn 1 5.22968e-14 0 
vn 1 5.22968e-14 0 
vn 1 5.22968e-14 0 
f 2627//2627 2628//2628 2629//2629 
f 2629//2629 2630//2630 2627//2627 
o mesh966
v -0.00053 0.00086 4.5e-05 
v -0.00053 0.00086 -4.5e-05 
v -0.00033 0.00086 -4.5e-05 
v -0.00033 0.00086 4.5e-05 
vn 5.31259e-14 -1 0 
vn 5.31259e-14 -1 0 
vn 5.31259e-14 -1 0 
vn 5.31259e-14 -1 0 
f 2631//2631 2632//2632 2633//2633 
f 2633//2633 2634//2634 2631//2631 
o mesh967
v 0.00033 -0.00086 4.5e-05 
v 0.00033 -0.00086 -4.5e-05 
v 0.00033 -0.00069 -4.5e-05 
v 0.00033 -0.00069 4.5e-05 
vn 1 5.22968e-14 0 
vn 1 5.22968e-14 0 
vn 1 5.22968e-14 0 
vn 1 5.22968e-14 0 
f 2635//2635 2636//2636 2637//2637 
f 2637//2637 2638//2638 2635//2635 
o mesh968
v -0.000934 0.00086 4.5e-05 
v -0.001124 0.00086 4.5e-05 
v -0.001124 0.00086 -4.5e-05 
v -0.001134 0.00086 -4.5e-05 
v -0.001134 0.00086 4.5e-05 
v -0.000934 0.00086 -4.5e-05 
vn 5.31259e-14 -1 0 
vn 5.31259e-14 -1 0 
vn 5.31259e-14 -1 0 
vn 5.31259e-14 -1 0 
vn 5.31259e-14 -1 0 
vn 5.31259e-14 -1 0 
f 2639//2639 2640//2640 2641//2641 
f 2642//2642 2641//2641 2640//2640 
f 2640//2640 2643//2643 2642//2642 
f 2641//2641 2644//2644 2639//2639 
o mesh969
v -0.00053 -0.0005 4.5e-05 
v -0.00053 -0.000375 4.5e-05 
v -0.00053 -0.000375 -4.5e-05 
v -0.00053 0.0005 -4.5e-05 
v -0.00053 0.0005 4.5e-05 
v -0.00053 -0.0005 -4.5e-05 
vn -1 0 0 
vn -1 0 0 
vn -1 0 0 
vn -1 0 0 
vn -1 0 0 
vn -1 0 0 
f 2645//2645 2646//2646 2647//2647 
f 2648//2648 2647//2647 2646//2646 
f 2646//2646 2649//2649 2648//2648 
f 2647//2647 2650//2650 2645//2645 
o mesh970
v 0.00053 0.0005 4.5e-05 
v 0.00053 -0.000375 4.5e-05 
v 0.00053 -0.000375 -4.5e-05 
v 0.00053 -0.0005 -4.5e-05 
v 0.00053 -0.0005 4.5e-05 
v 0.00053 0.0005 -4.5e-05 
vn 1 0 0 
vn 1 0 0 
vn 1 0 0 
vn 1 0 0 
vn 1 0 0 
vn 1 0 0 
f 2651//2651 2652//2652 2653//2653 
f 2654//2654 2653//2653 2652//2652 
f 2652//2652 2655//2655 2654//2654 
f 2653//2653 2656//2656 2651//2651 
o mesh971
v -0.00015 0.00150575 4.5e-05 
v -0.00015 0.00150575 -4.5e-05 
v -0.00015 0.00160575 -4.5e-05 
v -0.00015 0.00160575 4.5e-05 
vn 1 0 0 
vn 1 0 0 
vn 1 0 0 
vn 1 0 0 
f 2657//2657 2658//2658 2659//2659 
f 2659//2659 2660//2660 2657//2657 
o mesh972
v 0.001134 0.00086 4.5e-05 
v 0.001134 0.00086 -4.5e-05 
v 0.001134 0.00069 -4.5e-05 
v 0.001134 0.00069 4.5e-05 
vn -1 0 0 
vn -1 0 0 
vn -1 0 0 
vn -1 0 0 
f 2661//2661 2662//2662 2663//2663 
f 2663//2663 2664//2664 2661//2661 
o mesh973
v -0.00053 -0.00086 4.5e-05 
v -0.00053 -0.00086 -4.5e-05 
v -0.00053 -0.00069 -4.5e-05 
v -0.00053 -0.00069 4.5e-05 
vn 1 0 0 
vn 1 0 0 
vn 1 0 0 
vn 1 0 0 
f 2665//2665 2666//2666 2667//2667 
f 2667//2667 2668//2668 2665//2665 
o mesh974
v 0.00033 0.00086 4.5e-05 
v 0.00033 0.00086 -4.5e-05 
v 0.00053 0.00086 -4.5e-05 
v 0.00053 0.00086 4.5e-05 
vn 6.17995e-14 -1 0 
vn 6.17995e-14 -1 0 
vn 6.17995e-14 -1 0 
vn 6.17995e-14 -1 0 
f 2669//2669 2670//2670 2671//2671 
f 2671//2671 2672//2672 2669//2669 
o mesh975
v -8.5e-05 7e-05 4.5e-05 
v -8.5e-05 7e-05 -4.5e-05 
v -8.5e-05 0.00025 -4.5e-05 
v -8.5e-05 0.00025 4.5e-05 
vn 1 0 0 
vn 1 0 0 
vn 1 0 0 
vn 1 0 0 
f 2673//2673 2674//2674 2675//2675 
f 2675//2675 2676//2676 2673//2673 
o mesh976
v -0.000730175 0.00133669 -4.5e-05 
v -0.00073027 0.00134105 -4.5e-05 
v -0.00073027 0.00134105 4.5e-05 
v -0.00072989 0.00133233 -4.5e-05 
v -0.000730175 0.00133669 4.5e-05 
v -0.000729415 0.001328 -4.5e-05 
v -0.00072989 0.00133233 4.5e-05 
v -0.000728751 0.00132369 -4.5e-05 
v -0.000729415 0.001328 4.5e-05 
v -0.0007279 0.00131941 -4.5e-05 
v -0.000728751 0.00132369 4.5e-05 
v -0.000726863 0.00131517 -4.5e-05 
v -0.0007279 0.00131941 4.5e-05 
v -0.000725642 0.00131098 -4.5e-05 
v -0.000726863 0.00131517 4.5e-05 
v -0.00072424 0.00130685 -4.5e-05 
v -0.000725642 0.00131098 4.5e-05 
v -0.000722658 0.00130278 -4.5e-05 
v -0.00072424 0.00130685 4.5e-05 
v -0.000720901 0.00129879 -4.5e-05 
v -0.000722658 0.00130278 4.5e-05 
v -0.000718971 0.00129488 -4.5e-05 
v -0.000720901 0.00129879 4.5e-05 
v -0.000716873 0.00129105 -4.5e-05 
v -0.000718971 0.00129488 4.5e-05 
v -0.000714609 0.00128732 -4.5e-05 
v -0.000716873 0.00129105 4.5e-05 
v -0.000712185 0.00128369 -4.5e-05 
v -0.000714609 0.00128732 4.5e-05 
v -0.000709606 0.00128017 -4.5e-05 
v -0.000712185 0.00128369 4.5e-05 
v -0.000706875 0.00127677 -4.5e-05 
v -0.000709606 0.00128017 4.5e-05 
v -0.000703998 0.00127349 -4.5e-05 
v -0.000706875 0.00127677 4.5e-05 
v -0.000700981 0.00127034 -4.5e-05 
v -0.000703998 0.00127349 4.5e-05 
v -0.000697829 0.00126732 -4.5e-05 
v -0.000700981 0.00127034 4.5e-05 
v -0.000694549 0.00126445 -4.5e-05 
v -0.000697829 0.00126732 4.5e-05 
v -0.000691146 0.00126171 -4.5e-05 
v -0.000694549 0.00126445 4.5e-05 
v -0.000687628 0.00125913 -4.5e-05 
v -0.000691146 0.00126171 4.5e-05 
v -0.000684 0.00125671 -4.5e-05 
v -0.000687628 0.00125913 4.5e-05 
v -0.00068027 0.00125445 -4.5e-05 
v -0.000684 0.00125671 4.5e-05 
v -0.000676445 0.00125235 -4.5e-05 
v -0.00068027 0.00125445 4.5e-05 
v -0.000672532 0.00125042 -4.5e-05 
v -0.000676445 0.00125235 4.5e-05 
v -0.000668539 0.00124866 -4.5e-05 
v -0.000672532 0.00125042 4.5e-05 
v -0.000664472 0.00124708 -4.5e-05 
v -0.000668539 0.00124866 4.5e-05 
v -0.000660341 0.00124568 -4.5e-05 
v -0.000664472 0.00124708 4.5e-05 
v -0.000656152 0.00124446 -4.5e-05 
v -0.000660341 0.00124568 4.5e-05 
v -0.000651914 0.00124342 -4.5e-05 
v -0.000656152 0.00124446 4.5e-05 
v -0.000647635 0.00124257 -4.5e-05 
v -0.000651914 0.00124342 4.5e-05 
v -0.000643323 0.00124191 -4.5e-05 
v -0.000647635 0.00124257 4.5e-05 
v -0.000638986 0.00124143 -4.5e-05 
v -0.000643323 0.00124191 4.5e-05 
v -0.000634632 0.00124115 -4.5e-05 
v -0.000638986 0.00124143 4.5e-05 
v -0.00063027 0.00124105 -4.5e-05 
v -0.000634632 0.00124115 4.5e-05 
v -0.000625908 0.00124115 -4.5e-05 
v -0.00063027 0.00124105 4.5e-05 
v -0.000621555 0.00124143 -4.5e-05 
v -0.000625908 0.00124115 4.5e-05 
v -0.000617218 0.00124191 -4.5e-05 
v -0.000621555 0.00124143 4.5e-05 
v -0.000612905 0.00124257 -4.5e-05 
v -0.000617218 0.00124191 4.5e-05 
v -0.000608626 0.00124342 -4.5e-05 
v -0.000612905 0.00124257 4.5e-05 
v -0.000604388 0.00124446 -4.5e-05 
v -0.000608626 0.00124342 4.5e-05 
v -0.0006002 0.00124568 -4.5e-05 
v -0.000604388 0.00124446 4.5e-05 
v -0.000596068 0.00124708 -4.5e-05 
v -0.0006002 0.00124568 4.5e-05 
v -0.000592002 0.00124866 -4.5e-05 
v -0.000596068 0.00124708 4.5e-05 
v -0.000588008 0.00125042 -4.5e-05 
v -0.000592002 0.00124866 4.5e-05 
v -0.000584095 0.00125235 -4.5e-05 
v -0.000588008 0.00125042 4.5e-05 
v -0.00058027 0.00125445 -4.5e-05 
v -0.000584095 0.00125235 4.5e-05 
v -0.00057654 0.00125671 -4.5e-05 
v -0.00058027 0.00125445 4.5e-05 
v -0.000572913 0.00125913 -4.5e-05 
v -0.00057654 0.00125671 4.5e-05 
v -0.000569394 0.00126171 -4.5e-05 
v -0.000572913 0.00125913 4.5e-05 
v -0.000565992 0.00126445 -4.5e-05 
v -0.000569394 0.00126171 4.5e-05 
v -0.000562711 0.00126732 -4.5e-05 
v -0.000565992 0.00126445 4.5e-05 
v -0.00055956 0.00127034 -4.5e-05 
v -0.000562711 0.00126732 4.5e-05 
v -0.000556543 0.00127349 -4.5e-05 
v -0.00055956 0.00127034 4.5e-05 
v -0.000553666 0.00127677 -4.5e-05 
v -0.000556543 0.00127349 4.5e-05 
v -0.000550935 0.00128017 -4.5e-05 
v -0.000553666 0.00127677 4.5e-05 
v -0.000548355 0.00128369 -4.5e-05 
v -0.000550935 0.00128017 4.5e-05 
v -0.000545931 0.00128732 -4.5e-05 
v -0.000548355 0.00128369 4.5e-05 
v -0.000543668 0.00129105 -4.5e-05 
v -0.000545931 0.00128732 4.5e-05 
v -0.000541569 0.00129488 -4.5e-05 
v -0.000543668 0.00129105 4.5e-05 
v -0.00053964 0.00129879 -4.5e-05 
v -0.000541569 0.00129488 4.5e-05 
v -0.000537882 0.00130278 -4.5e-05 
v -0.00053964 0.00129879 4.5e-05 
v -0.000536301 0.00130685 -4.5e-05 
v -0.000537882 0.00130278 4.5e-05 
v -0.000534899 0.00131098 -4.5e-05 
v -0.000536301 0.00130685 4.5e-05 
v -0.000533678 0.00131517 -4.5e-05 
v -0.000534899 0.00131098 4.5e-05 
v -0.000532641 0.00131941 -4.5e-05 
v -0.000533678 0.00131517 4.5e-05 
v -0.00053179 0.00132369 -4.5e-05 
v -0.000532641 0.00131941 4.5e-05 
v -0.000531126 0.001328 -4.5e-05 
v -0.00053179 0.00132369 4.5e-05 
v -0.000530651 0.00133233 -4.5e-05 
v -0.000531126 0.001328 4.5e-05 
v -0.000530365 0.00133669 -4.5e-05 
v -0.000530651 0.00133233 4.5e-05 
v -0.00053027 0.00134105 -4.5e-05 
v -0.000530365 0.00133669 4.5e-05 
v -0.000530365 0.00134541 -4.5e-05 
v -0.00053027 0.00134105 4.5e-05 
v -0.000530651 0.00134977 -4.5e-05 
v -0.000530365 0.00134541 4.5e-05 
v -0.000531126 0.0013541 -4.5e-05 
v -0.000530651 0.00134977 4.5e-05 
v -0.00053179 0.00135841 -4.5e-05 
v -0.000531126 0.0013541 4.5e-05 
v -0.000532641 0.00136269 -4.5e-05 
v -0.00053179 0.00135841 4.5e-05 
v -0.000533678 0.00136693 -4.5e-05 
v -0.000532641 0.00136269 4.5e-05 
v -0.000534899 0.00137112 -4.5e-05 
v -0.000533678 0.00136693 4.5e-05 
v -0.000536301 0.00137525 -4.5e-05 
v -0.000534899 0.00137112 4.5e-05 
v -0.000537882 0.00137932 -4.5e-05 
v -0.000536301 0.00137525 4.5e-05 
v -0.00053964 0.00138331 -4.5e-05 
v -0.000537882 0.00137932 4.5e-05 
v -0.000541569 0.00138722 -4.5e-05 
v -0.00053964 0.00138331 4.5e-05 
v -0.000543668 0.00139105 -4.5e-05 
v -0.000541569 0.00138722 4.5e-05 
v -0.000545931 0.00139478 -4.5e-05 
v -0.000543668 0.00139105 4.5e-05 
v -0.000548355 0.00139841 -4.5e-05 
v -0.000545931 0.00139478 4.5e-05 
v -0.000550935 0.00140193 -4.5e-05 
v -0.000548355 0.00139841 4.5e-05 
v -0.000553666 0.00140533 -4.5e-05 
v -0.000550935 0.00140193 4.5e-05 
v -0.000556543 0.00140861 -4.5e-05 
v -0.000553666 0.00140533 4.5e-05 
v -0.00055956 0.00141176 -4.5e-05 
v -0.000556543 0.00140861 4.5e-05 
v -0.000562711 0.00141478 -4.5e-05 
v -0.00055956 0.00141176 4.5e-05 
v -0.000565992 0.00141765 -4.5e-05 
v -0.000562711 0.00141478 4.5e-05 
v -0.000569394 0.00142039 -4.5e-05 
v -0.000565992 0.00141765 4.5e-05 
v -0.000572913 0.00142297 -4.5e-05 
v -0.000569394 0.00142039 4.5e-05 
v -0.00057654 0.00142539 -4.5e-05 
v -0.000572913 0.00142297 4.5e-05 
v -0.00058027 0.00142765 -4.5e-05 
v -0.00057654 0.00142539 4.5e-05 
v -0.000584095 0.00142975 -4.5e-05 
v -0.00058027 0.00142765 4.5e-05 
v -0.000588008 0.00143168 -4.5e-05 
v -0.000584095 0.00142975 4.5e-05 
v -0.000592002 0.00143344 -4.5e-05 
v -0.000588008 0.00143168 4.5e-05 
v -0.000596068 0.00143502 -4.5e-05 
v -0.000592002 0.00143344 4.5e-05 
v -0.0006002 0.00143642 -4.5e-05 
v -0.000596068 0.00143502 4.5e-05 
v -0.000604388 0.00143764 -4.5e-05 
v -0.0006002 0.00143642 4.5e-05 
v -0.000608626 0.00143868 -4.5e-05 
v -0.000604388 0.00143764 4.5e-05 
v -0.000612905 0.00143953 -4.5e-05 
v -0.000608626 0.00143868 4.5e-05 
v -0.000617218 0.00144019 -4.5e-05 
v -0.000612905 0.00143953 4.5e-05 
v -0.000621555 0.00144067 -4.5e-05 
v -0.000617218 0.00144019 4.5e-05 
v -0.000625908 0.00144095 -4.5e-05 
v -0.000621555 0.00144067 4.5e-05 
v -0.00063027 0.00144105 -4.5e-05 
v -0.000625908 0.00144095 4.5e-05 
v -0.000634632 0.00144095 -4.5e-05 
v -0.00063027 0.00144105 4.5e-05 
v -0.000638986 0.00144067 -4.5e-05 
v -0.000634632 0.00144095 4.5e-05 
v -0.000643323 0.00144019 -4.5e-05 
v -0.000638986 0.00144067 4.5e-05 
v -0.000647635 0.00143953 -4.5e-05 
v -0.000643323 0.00144019 4.5e-05 
v -0.000651914 0.00143868 -4.5e-05 
v -0.000647635 0.00143953 4.5e-05 
v -0.000656152 0.00143764 -4.5e-05 
v -0.000651914 0.00143868 4.5e-05 
v -0.000660341 0.00143642 -4.5e-05 
v -0.000656152 0.00143764 4.5e-05 
v -0.000664472 0.00143502 -4.5e-05 
v -0.000660341 0.00143642 4.5e-05 
v -0.000668539 0.00143344 -4.5e-05 
v -0.000664472 0.00143502 4.5e-05 
v -0.000672532 0.00143168 -4.5e-05 
v -0.000668539 0.00143344 4.5e-05 
v -0.000676445 0.00142975 -4.5e-05 
v -0.000672532 0.00143168 4.5e-05 
v -0.00068027 0.00142765 -4.5e-05 
v -0.000676445 0.00142975 4.5e-05 
v -0.000684 0.00142539 -4.5e-05 
v -0.00068027 0.00142765 4.5e-05 
v -0.000687628 0.00142297 -4.5e-05 
v -0.000684 0.00142539 4.5e-05 
v -0.000691146 0.00142039 -4.5e-05 
v -0.000687628 0.00142297 4.5e-05 
v -0.000694549 0.00141765 -4.5e-05 
v -0.000691146 0.00142039 4.5e-05 
v -0.000697829 0.00141478 -4.5e-05 
v -0.000694549 0.00141765 4.5e-05 
v -0.000700981 0.00141176 -4.5e-05 
v -0.000697829 0.00141478 4.5e-05 
v -0.000703998 0.00140861 -4.5e-05 
v -0.000700981 0.00141176 4.5e-05 
v -0.000706875 0.00140533 -4.5e-05 
v -0.000703998 0.00140861 4.5e-05 
v -0.000709606 0.00140193 -4.5e-05 
v -0.000706875 0.00140533 4.5e-05 
v -0.000712185 0.00139841 -4.5e-05 
v -0.000709606 0.00140193 4.5e-05 
v -0.000714609 0.00139478 -4.5e-05 
v -0.000712185 0.00139841 4.5e-05 
v -0.000716873 0.00139105 -4.5e-05 
v -0.000714609 0.00139478 4.5e-05 
v -0.000718971 0.00138722 -4.5e-05 
v -0.000716873 0.00139105 4.5e-05 
v -0.000720901 0.00138331 -4.5e-05 
v -0.000718971 0.00138722 4.5e-05 
v -0.000722658 0.00137932 -4.5e-05 
v -0.000720901 0.00138331 4.5e-05 
v -0.00072424 0.00137525 -4.5e-05 
v -0.000722658 0.00137932 4.5e-05 
v -0.000725642 0.00137112 -4.5e-05 
v -0.00072424 0.00137525 4.5e-05 
v -0.000726863 0.00136693 -4.5e-05 
v -0.000725642 0.00137112 4.5e-05 
v -0.0007279 0.00136269 -4.5e-05 
v -0.000726863 0.00136693 4.5e-05 
v -0.000728751 0.00135841 -4.5e-05 
v -0.0007279 0.00136269 4.5e-05 
v -0.000729415 0.0013541 -4.5e-05 
v -0.000728751 0.00135841 4.5e-05 
v -0.00072989 0.00134977 -4.5e-05 
v -0.000729415 0.0013541 4.5e-05 
v -0.000730175 0.00134541 -4.5e-05 
v -0.00072989 0.00134977 4.5e-05 
v -0.000730175 0.00134541 4.5e-05 
vn 0.999048 0.0436194 0 
vn 1 2.44929e-16 0 
vn 1 2.44929e-16 0 
vn 0.996195 0.0871557 0 
vn 0.999048 0.0436194 0 
vn 0.991445 0.130526 0 
vn 0.996195 0.0871557 0 
vn 0.984808 0.173648 0 
vn 0.991445 0.130526 0 
vn 0.976296 0.21644 0 
vn 0.984808 0.173648 0 
vn 0.965926 0.258819 0 
vn 0.976296 0.21644 0 
vn 0.953717 0.300706 0 
vn 0.965926 0.258819 0 
vn 0.939693 0.34202 0 
vn 0.953717 0.300706 0 
vn 0.92388 0.382683 0 
vn 0.939693 0.34202 0 
vn 0.906308 0.422618 0 
vn 0.92388 0.382683 0 
vn 0.887011 0.461749 0 
vn 0.906308 0.422618 0 
vn 0.866025 0.5 0 
vn 0.887011 0.461749 0 
vn 0.843391 0.5373 0 
vn 0.866025 0.5 0 
vn 0.819152 0.573576 0 
vn 0.843391 0.5373 0 
vn 0.793353 0.608761 0 
vn 0.819152 0.573576 0 
vn 0.766044 0.642788 0 
vn 0.793353 0.608761 0 
vn 0.737277 0.67559 0 
vn 0.766044 0.642788 0 
vn 0.707107 0.707107 0 
vn 0.737277 0.67559 0 
vn 0.67559 0.737277 0 
vn 0.707107 0.707107 0 
vn 0.642788 0.766044 0 
vn 0.67559 0.737277 0 
vn 0.608761 0.793353 0 
vn 0.642788 0.766044 0 
vn 0.573576 0.819152 0 
vn 0.608761 0.793353 0 
vn 0.5373 0.843391 0 
vn 0.573576 0.819152 0 
vn 0.5 0.866025 0 
vn 0.5373 0.843391 0 
vn 0.461749 0.887011 0 
vn 0.5 0.866025 0 
vn 0.422618 0.906308 0 
vn 0.461749 0.887011 0 
vn 0.382683 0.92388 0 
vn 0.422618 0.906308 0 
vn 0.34202 0.939693 0 
vn 0.382683 0.92388 0 
vn 0.300706 0.953717 0 
vn 0.34202 0.939693 0 
vn 0.258819 0.965926 0 
vn 0.300706 0.953717 0 
vn 0.21644 0.976296 0 
vn 0.258819 0.965926 0 
vn 0.173648 0.984808 0 
vn 0.21644 0.976296 0 
vn 0.130526 0.991445 0 
vn 0.173648 0.984808 0 
vn 0.0871557 0.996195 0 
vn 0.130526 0.991445 0 
vn 0.0436194 0.999048 0 
vn 0.0871557 0.996195 0 
vn -1.83697e-16 1 0 
vn 0.0436194 0.999048 0 
vn -0.0436194 0.999048 0 
vn -1.83697e-16 1 0 
vn -0.0871557 0.996195 0 
vn -0.0436194 0.999048 0 
vn -0.130526 0.991445 0 
vn -0.0871557 0.996195 0 
vn -0.173648 0.984808 0 
vn -0.130526 0.991445 0 
vn -0.21644 0.976296 0 
vn -0.173648 0.984808 0 
vn -0.258819 0.965926 0 
vn -0.21644 0.976296 0 
vn -0.300706 0.953717 0 
vn -0.258819 0.965926 0 
vn -0.34202 0.939693 0 
vn -0.300706 0.953717 0 
vn -0.382683 0.92388 0 
vn -0.34202 0.939693 0 
vn -0.422618 0.906308 0 
vn -0.382683 0.92388 0 
vn -0.461749 0.887011 0 
vn -0.422618 0.906308 0 
vn -0.5 0.866025 0 
vn -0.461749 0.887011 0 
vn -0.5373 0.843391 0 
vn -0.5 0.866025 0 
vn -0.573576 0.819152 0 
vn -0.5373 0.843391 0 
vn -0.608761 0.793353 0 
vn -0.573576 0.819152 0 
vn -0.642788 0.766044 0 
vn -0.608761 0.793353 0 
vn -0.67559 0.737277 0 
vn -0.642788 0.766044 0 
vn -0.707107 0.707107 0 
vn -0.67559 0.737277 0 
vn -0.737277 0.67559 0 
vn -0.707107 0.707107 0 
vn -0.766044 0.642788 0 
vn -0.737277 0.67559 0 
vn -0.793353 0.608761 0 
vn -0.766044 0.642788 0 
vn -0.819152 0.573576 0 
vn -0.793353 0.608761 0 
vn -0.843391 0.5373 0 
vn -0.819152 0.573576 0 
vn -0.866025 0.5 0 
vn -0.843391 0.5373 0 
vn -0.887011 0.461749 0 
vn -0.866025 0.5 0 
vn -0.906308 0.422618 0 
vn -0.887011 0.461749 0 
vn -0.92388 0.382683 0 
vn -0.906308 0.422618 0 
vn -0.939693 0.34202 0 
vn -0.92388 0.382683 0 
vn -0.953717 0.300706 0 
vn -0.939693 0.34202 0 
vn -0.965926 0.258819 0 
vn -0.953717 0.300706 0 
vn -0.976296 0.21644 0 
vn -0.965926 0.258819 0 
vn -0.984808 0.173648 0 
vn -0.976296 0.21644 0 
vn -0.991445 0.130526 0 
vn -0.984808 0.173648 0 
vn -0.996195 0.0871557 0 
vn -0.991445 0.130526 0 
vn -0.999048 0.0436194 0 
vn -0.996195 0.0871557 0 
vn -1 -1.22465e-16 0 
vn -0.999048 0.0436194 0 
vn -0.999048 -0.0436194 0 
vn -1 -1.22465e-16 0 
vn -0.996195 -0.0871557 0 
vn -0.999048 -0.0436194 0 
vn -0.991445 -0.130526 0 
vn -0.996195 -0.0871557 0 
vn -0.984808 -0.173648 0 
vn -0.991445 -0.130526 0 
vn -0.976296 -0.21644 0 
vn -0.984808 -0.173648 0 
vn -0.965926 -0.258819 0 
vn -0.976296 -0.21644 0 
vn -0.953717 -0.300706 0 
vn -0.965926 -0.258819 0 
vn -0.939693 -0.34202 0 
vn -0.953717 -0.300706 0 
vn -0.92388 -0.382683 0 
vn -0.939693 -0.34202 0 
vn -0.906308 -0.422618 0 
vn -0.92388 -0.382683 0 
vn -0.887011 -0.461749 0 
vn -0.906308 -0.422618 0 
vn -0.866025 -0.5 0 
vn -0.887011 -0.461749 0 
vn -0.843391 -0.5373 0 
vn -0.866025 -0.5 0 
vn -0.819152 -0.573576 0 
vn -0.843391 -0.5373 0 
vn -0.793353 -0.608761 0 
vn -0.819152 -0.573576 0 
vn -0.766044 -0.642788 0 
vn -0.793353 -0.608761 0 
vn -0.737277 -0.67559 0 
vn -0.766044 -0.642788 0 
vn -0.707107 -0.707107 0 
vn -0.737277 -0.67559 0 
vn -0.67559 -0.737277 0 
vn -0.707107 -0.707107 0 
vn -0.642788 -0.766044 0 
vn -0.67559 -0.737277 0 
vn -0.608761 -0.793353 0 
vn -0.642788 -0.766044 0 
vn -0.573576 -0.819152 0 
vn -0.608761 -0.793353 0 
vn -0.5373 -0.843391 0 
vn -0.573576 -0.819152 0 
vn -0.5 -0.866025 0 
vn -0.5373 -0.843391 0 
vn -0.461749 -0.887011 0 
vn -0.5 -0.866025 0 
vn -0.422618 -0.906308 0 
vn -0.461749 -0.887011 0 
vn -0.382683 -0.92388 0 
vn -0.422618 -0.906308 0 
vn -0.34202 -0.939693 0 
vn -0.382683 -0.92388 0 
vn -0.300706 -0.953717 0 
vn -0.34202 -0.939693 0 
vn -0.258819 -0.965926 0 
vn -0.300706 -0.953717 0 
vn -0.21644 -0.976296 0 
vn -0.258819 -0.965926 0 
vn -0.173648 -0.984808 0 
vn -0.21644 -0.976296 0 
vn -0.130526 -0.991445 0 
vn -0.173648 -0.984808 0 
vn -0.0871557 -0.996195 0 
vn -0.130526 -0.991445 0 
vn -0.0436194 -0.999048 0 
vn -0.0871557 -0.996195 0 
vn 6.12323e-17 -1 0 
vn -0.0436194 -0.999048 0 
vn 0.0436194 -0.999048 0 
vn 6.12323e-17 -1 0 
vn 0.0871557 -0.996195 0 
vn 0.0436194 -0.999048 0 
vn 0.130526 -0.991445 0 
vn 0.0871557 -0.996195 0 
vn 0.173648 -0.984808 0 
vn 0.130526 -0.991445 0 
vn 0.21644 -0.976296 0 
vn 0.173648 -0.984808 0 
vn 0.258819 -0.965926 0 
vn 0.21644 -0.976296 0 
vn 0.300706 -0.953717 0 
vn 0.258819 -0.965926 0 
vn 0.34202 -0.939693 0 
vn 0.300706 -0.953717 0 
vn 0.382683 -0.92388 0 
vn 0.34202 -0.939693 0 
vn 0.422618 -0.906308 0 
vn 0.382683 -0.92388 0 
vn 0.461749 -0.887011 0 
vn 0.422618 -0.906308 0 
vn 0.5 -0.866025 0 
vn 0.461749 -0.887011 0 
vn 0.5373 -0.843391 0 
vn 0.5 -0.866025 0 
vn 0.573576 -0.819152 0 
vn 0.5373 -0.843391 0 
vn 0.608761 -0.793353 0 
vn 0.573576 -0.819152 0 
vn 0.642788 -0.766044 0 
vn 0.608761 -0.793353 0 
vn 0.67559 -0.737277 0 
vn 0.642788 -0.766044 0 
vn 0.707107 -0.707107 0 
vn 0.67559 -0.737277 0 
vn 0.737277 -0.67559 0 
vn 0.707107 -0.707107 0 
vn 0.766044 -0.642788 0 
vn 0.737277 -0.67559 0 
vn 0.793353 -0.608761 0 
vn 0.766044 -0.642788 0 
vn 0.819152 -0.573576 0 
vn 0.793353 -0.608761 0 
vn 0.843391 -0.5373 0 
vn 0.819152 -0.573576 0 
vn 0.866025 -0.5 0 
vn 0.843391 -0.5373 0 
vn 0.887011 -0.461749 0 
vn 0.866025 -0.5 0 
vn 0.906308 -0.422618 0 
vn 0.887011 -0.461749 0 
vn 0.92388 -0.382683 0 
vn 0.906308 -0.422618 0 
vn 0.939693 -0.34202 0 
vn 0.92388 -0.382683 0 
vn 0.953717 -0.300706 0 
vn 0.939693 -0.34202 0 
vn 0.965926 -0.258819 0 
vn 0.953717 -0.300706 0 
vn 0.976296 -0.21644 0 
vn 0.965926 -0.258819 0 
vn 0.984808 -0.173648 0 
vn 0.976296 -0.21644 0 
vn 0.991445 -0.130526 0 
vn 0.984808 -0.173648 0 
vn 0.996195 -0.0871557 0 
vn 0.991445 -0.130526 0 
vn 0.999048 -0.0436194 0 
vn 0.996195 -0.0871557 0 
vn 0.999048 -0.0436194 0 
f 2677//2677 2678//2678 2679//2679 
f 2680//2680 2677//2677 2681//2681 
f 2682//2682 2680//2680 2683//2683 
f 2684//2684 2682//2682 2685//2685 
f 2686//2686 2684//2684 2687//2687 
f 2688//2688 2686//2686 2689//2689 
f 2690//2690 2688//2688 2691//2691 
f 2692//2692 2690//2690 2693//2693 
f 2694//2694 2692//2692 2695//2695 
f 2696//2696 2694//2694 2697//2697 
f 2698//2698 2696//2696 2699//2699 
f 2700//2700 2698//2698 2701//2701 
f 2702//2702 2700//2700 2703//2703 
f 2704//2704 2702//2702 2705//2705 
f 2706//2706 2704//2704 2707//2707 
f 2708//2708 2706//2706 2709//2709 
f 2710//2710 2708//2708 2711//2711 
f 2712//2712 2710//2710 2713//2713 
f 2714//2714 2712//2712 2715//2715 
f 2716//2716 2714//2714 2717//2717 
f 2718//2718 2716//2716 2719//2719 
f 2720//2720 2718//2718 2721//2721 
f 2722//2722 2720//2720 2723//2723 
f 2724//2724 2722//2722 2725//2725 
f 2726//2726 2724//2724 2727//2727 
f 2728//2728 2726//2726 2729//2729 
f 2730//2730 2728//2728 2731//2731 
f 2732//2732 2730//2730 2733//2733 
f 2734//2734 2732//2732 2735//2735 
f 2736//2736 2734//2734 2737//2737 
f 2738//2738 2736//2736 2739//2739 
f 2740//2740 2738//2738 2741//2741 
f 2742//2742 2740//2740 2743//2743 
f 2744//2744 2742//2742 2745//2745 
f 2746//2746 2744//2744 2747//2747 
f 2748//2748 2746//2746 2749//2749 
f 2750//2750 2748//2748 2751//2751 
f 2752//2752 2750//2750 2753//2753 
f 2754//2754 2752//2752 2755//2755 
f 2756//2756 2754//2754 2757//2757 
f 2758//2758 2756//2756 2759//2759 
f 2760//2760 2758//2758 2761//2761 
f 2762//2762 2760//2760 2763//2763 
f 2764//2764 2762//2762 2765//2765 
f 2766//2766 2764//2764 2767//2767 
f 2768//2768 2766//2766 2769//2769 
f 2770//2770 2768//2768 2771//2771 
f 2772//2772 2770//2770 2773//2773 
f 2774//2774 2772//2772 2775//2775 
f 2776//2776 2774//2774 2777//2777 
f 2778//2778 2776//2776 2779//2779 
f 2780//2780 2778//2778 2781//2781 
f 2782//2782 2780//2780 2783//2783 
f 2784//2784 2782//2782 2785//2785 
f 2786//2786 2784//2784 2787//2787 
f 2788//2788 2786//2786 2789//2789 
f 2790//2790 2788//2788 2791//2791 
f 2792//2792 2790//2790 2793//2793 
f 2794//2794 2792//2792 2795//2795 
f 2796//2796 2794//2794 2797//2797 
f 2798//2798 2796//2796 2799//2799 
f 2800//2800 2798//2798 2801//2801 
f 2802//2802 2800//2800 2803//2803 
f 2804//2804 2802//2802 2805//2805 
f 2806//2806 2804//2804 2807//2807 
f 2808//2808 2806//2806 2809//2809 
f 2810//2810 2808//2808 2811//2811 
f 2812//2812 2810//2810 2813//2813 
f 2814//2814 2812//2812 2815//2815 
f 2816//2816 2814//2814 2817//2817 
f 2818//2818 2816//2816 2819//2819 
f 2820//2820 2818//2818 2821//2821 
f 2822//2822 2820//2820 2823//2823 
f 2824//2824 2822//2822 2825//2825 
f 2826//2826 2824//2824 2827//2827 
f 2828//2828 2826//2826 2829//2829 
f 2830//2830 2828//2828 2831//2831 
f 2832//2832 2830//2830 2833//2833 
f 2834//2834 2832//2832 2835//2835 
f 2836//2836 2834//2834 2837//2837 
f 2838//2838 2836//2836 2839//2839 
f 2840//2840 2838//2838 2841//2841 
f 2842//2842 2840//2840 2843//2843 
f 2844//2844 2842//2842 2845//2845 
f 2846//2846 2844//2844 2847//2847 
f 2848//2848 2846//2846 2849//2849 
f 2850//2850 2848//2848 2851//2851 
f 2852//2852 2850//2850 2853//2853 
f 2854//2854 2852//2852 2855//2855 
f 2856//2856 2854//2854 2857//2857 
f 2858//2858 2856//2856 2859//2859 
f 2860//2860 2858//2858 2861//2861 
f 2862//2862 2860//2860 2863//2863 
f 2864//2864 2862//2862 2865//2865 
f 2866//2866 2864//2864 2867//2867 
f 2868//2868 2866//2866 2869//2869 
f 2870//2870 2868//2868 2871//2871 
f 2872//2872 2870//2870 2873//2873 
f 2874//2874 2872//2872 2875//2875 
f 2876//2876 2874//2874 2877//2877 
f 2878//2878 2876//2876 2879//2879 
f 2880//2880 2878//2878 2881//2881 
f 2882//2882 2880//2880 2883//2883 
f 2884//2884 2882//2882 2885//2885 
f 2886//2886 2884//2884 2887//2887 
f 2888//2888 2886//2886 2889//2889 
f 2890//2890 2888//2888 2891//2891 
f 2892//2892 2890//2890 2893//2893 
f 2894//2894 2892//2892 2895//2895 
f 2896//2896 2894//2894 2897//2897 
f 2898//2898 2896//2896 2899//2899 
f 2900//2900 2898//2898 2901//2901 
f 2902//2902 2900//2900 2903//2903 
f 2904//2904 2902//2902 2905//2905 
f 2906//2906 2904//2904 2907//2907 
f 2908//2908 2906//2906 2909//2909 
f 2910//2910 2908//2908 2911//2911 
f 2912//2912 2910//2910 2913//2913 
f 2914//2914 2912//2912 2915//2915 
f 2916//2916 2914//2914 2917//2917 
f 2918//2918 2916//2916 2919//2919 
f 2920//2920 2918//2918 2921//2921 
f 2922//2922 2920//2920 2923//2923 
f 2924//2924 2922//2922 2925//2925 
f 2926//2926 2924//2924 2927//2927 
f 2928//2928 2926//2926 2929//2929 
f 2930//2930 2928//2928 2931//2931 
f 2932//2932 2930//2930 2933//2933 
f 2934//2934 2932//2932 2935//2935 
f 2936//2936 2934//2934 2937//2937 
f 2938//2938 2936//2936 2939//2939 
f 2940//2940 2938//2938 2941//2941 
f 2942//2942 2940//2940 2943//2943 
f 2944//2944 2942//2942 2945//2945 
f 2946//2946 2944//2944 2947//2947 
f 2948//2948 2946//2946 2949//2949 
f 2950//2950 2948//2948 2951//2951 
f 2952//2952 2950//2950 2953//2953 
f 2954//2954 2952//2952 2955//2955 
f 2956//2956 2954//2954 2957//2957 
f 2958//2958 2956//2956 2959//2959 
f 2960//2960 2958//2958 2961//2961 
f 2962//2962 2960//2960 2963//2963 
f 2678//2678 2962//2962 2964//2964 
f 2964//2964 2679//2679 2678//2678 
f 2963//2963 2964//2964 2962//2962 
f 2961//2961 2963//2963 2960//2960 
f 2959//2959 2961//2961 2958//2958 
f 2957//2957 2959//2959 2956//2956 
f 2955//2955 2957//2957 2954//2954 
f 2953//2953 2955//2955 2952//2952 
f 2951//2951 2953//2953 2950//2950 
f 2949//2949 2951//2951 2948//2948 
f 2947//2947 2949//2949 2946//2946 
f 2945//2945 2947//2947 2944//2944 
f 2943//2943 2945//2945 2942//2942 
f 2941//2941 2943//2943 2940//2940 
f 2939//2939 2941//2941 2938//2938 
f 2937//2937 2939//2939 2936//2936 
f 2935//2935 2937//2937 2934//2934 
f 2933//2933 2935//2935 2932//2932 
f 2931//2931 2933//2933 2930//2930 
f 2929//2929 2931//2931 2928//2928 
f 2927//2927 2929//2929 2926//2926 
f 2925//2925 2927//2927 2924//2924 
f 2923//2923 2925//2925 2922//2922 
f 2921//2921 2923//2923 2920//2920 
f 2919//2919 2921//2921 2918//2918 
f 2917//2917 2919//2919 2916//2916 
f 2915//2915 2917//2917 2914//2914 
f 2913//2913 2915//2915 2912//2912 
f 2911//2911 2913//2913 2910//2910 
f 2909//2909 2911//2911 2908//2908 
f 2907//2907 2909//2909 2906//2906 
f 2905//2905 2907//2907 2904//2904 
f 2903//2903 2905//2905 2902//2902 
f 2901//2901 2903//2903 2900//2900 
f 2899//2899 2901//2901 2898//2898 
f 2897//2897 2899//2899 2896//2896 
f 2895//2895 2897//2897 2894//2894 
f 2893//2893 2895//2895 2892//2892 
f 2891//2891 2893//2893 2890//2890 
f 2889//2889 2891//2891 2888//2888 
f 2887//2887 2889//2889 2886//2886 
f 2885//2885 2887//2887 2884//2884 
f 2883//2883 2885//2885 2882//2882 
f 2881//2881 2883//2883 2880//2880 
f 2879//2879 2881//2881 2878//2878 
f 2877//2877 2879//2879 2876//2876 
f 2875//2875 2877//2877 2874//2874 
f 2873//2873 2875//2875 2872//2872 
f 2871//2871 2873//2873 2870//2870 
f 2869//2869 2871//2871 2868//2868 
f 2867//2867 2869//2869 2866//2866 
f 2865//2865 2867//2867 2864//2864 
f 2863//2863 2865//2865 2862//2862 
f 2861//2861 2863//2863 2860//2860 
f 2859//2859 2861//2861 2858//2858 
f 2857//2857 2859//2859 2856//2856 
f 2855//2855 2857//2857 2854//2854 
f 2853//2853 2855//2855 2852//2852 
f 2851//2851 2853//2853 2850//2850 
f 2849//2849 2851//2851 2848//2848 
f 2847//2847 2849//2849 2846//2846 
f 2845//2845 2847//2847 2844//2844 
f 2843//2843 2845//2845 2842//2842 
f 2841//2841 2843//2843 2840//2840 
f 2839//2839 2841//2841 2838//2838 
f 2837//2837 2839//2839 2836//2836 
f 2835//2835 2837//2837 2834//2834 
f 2833//2833 2835//2835 2832//2832 
f 2831//2831 2833//2833 2830//2830 
f 2829//2829 2831//2831 2828//2828 
f 2827//2827 2829//2829 2826//2826 
f 2825//2825 2827//2827 2824//2824 
f 2823//2823 2825//2825 2822//2822 
f 2821//2821 2823//2823 2820//2820 
f 2819//2819 2821//2821 2818//2818 
f 2817//2817 2819//2819 2816//2816 
f 2815//2815 2817//2817 2814//2814 
f 2813//2813 2815//2815 2812//2812 
f 2811//2811 2813//2813 2810//2810 
f 2809//2809 2811//2811 2808//2808 
f 2807//2807 2809//2809 2806//2806 
f 2805//2805 2807//2807 2804//2804 
f 2803//2803 2805//2805 2802//2802 
f 2801//2801 2803//2803 2800//2800 
f 2799//2799 2801//2801 2798//2798 
f 2797//2797 2799//2799 2796//2796 
f 2795//2795 2797//2797 2794//2794 
f 2793//2793 2795//2795 2792//2792 
f 2791//2791 2793//2793 2790//2790 
f 2789//2789 2791//2791 2788//2788 
f 2787//2787 2789//2789 2786//2786 
f 2785//2785 2787//2787 2784//2784 
f 2783//2783 2785//2785 2782//2782 
f 2781//2781 2783//2783 2780//2780 
f 2779//2779 2781//2781 2778//2778 
f 2777//2777 2779//2779 2776//2776 
f 2775//2775 2777//2777 2774//2774 
f 2773//2773 2775//2775 2772//2772 
f 2771//2771 2773//2773 2770//2770 
f 2769//2769 2771//2771 2768//2768 
f 2767//2767 2769//2769 2766//2766 
f 2765//2765 2767//2767 2764//2764 
f 2763//2763 2765//2765 2762//2762 
f 2761//2761 2763//2763 2760//2760 
f 2759//2759 2761//2761 2758//2758 
f 2757//2757 2759//2759 2756//2756 
f 2755//2755 2757//2757 2754//2754 
f 2753//2753 2755//2755 2752//2752 
f 2751//2751 2753//2753 2750//2750 
f 2749//2749 2751//2751 2748//2748 
f 2747//2747 2749//2749 2746//2746 
f 2745//2745 2747//2747 2744//2744 
f 2743//2743 2745//2745 2742//2742 
f 2741//2741 2743//2743 2740//2740 
f 2739//2739 2741//2741 2738//2738 
f 2737//2737 2739//2739 2736//2736 
f 2735//2735 2737//2737 2734//2734 
f 2733//2733 2735//2735 2732//2732 
f 2731//2731 2733//2733 2730//2730 
f 2729//2729 2731//2731 2728//2728 
f 2727//2727 2729//2729 2726//2726 
f 2725//2725 2727//2727 2724//2724 
f 2723//2723 2725//2725 2722//2722 
f 2721//2721 2723//2723 2720//2720 
f 2719//2719 2721//2721 2718//2718 
f 2717//2717 2719//2719 2716//2716 
f 2715//2715 2717//2717 2714//2714 
f 2713//2713 2715//2715 2712//2712 
f 2711//2711 2713//2713 2710//2710 
f 2709//2709 2711//2711 2708//2708 
f 2707//2707 2709//2709 2706//2706 
f 2705//2705 2707//2707 2704//2704 
f 2703//2703 2705//2705 2702//2702 
f 2701//2701 2703//2703 2700//2700 
f 2699//2699 2701//2701 2698//2698 
f 2697//2697 2699//2699 2696//2696 
f 2695//2695 2697//2697 2694//2694 
f 2693//2693 2695//2695 2692//2692 
f 2691//2691 2693//2693 2690//2690 
f 2689//2689 2691//2691 2688//2688 
f 2687//2687 2689//2689 2686//2686 
f 2685//2685 2687//2687 2684//2684 
f 2683//2683 2685//2685 2682//2682 
f 2681//2681 2683//2683 2680//2680 
f 2679//2679 2681//2681 2677//2677 
