# OBJ generated by ONSHAPE BY PTC INC, 1.216 Units = meters
mtllib Part_1_1.mtl
g Part 1
usemtl 0.301961_0.301961_0.301961_0.000000_0.000000
o mesh781
v -0.000143028 -9.5e-05 0.0110102 
v -0.000143028 -8.5e-05 0.0110102 
v -0.000143028 -8.5e-05 0.0109842 
v -0.000143028 -9.5e-05 0.0109842 
vn -1 0 0 
vn -1 0 0 
vn -1 0 0 
vn -1 0 0 
f 1//1 2//2 3//3 
f 3//3 4//4 1//1 
o mesh782
v -9.91215e-05 -9.5e-05 0.0110102 
v -9.91215e-05 -8.5e-05 0.0110102 
v -0.000143028 -8.5e-05 0.0110102 
v -0.000143028 -9.5e-05 0.0110102 
vn 0 0 1 
vn 0 0 1 
vn 0 0 1 
vn 0 0 1 
f 5//5 6//6 7//7 
f 7//7 8//8 5//5 
o mesh783
v -9.91215e-05 -9.5e-05 0.0109842 
v -9.91215e-05 -8.5e-05 0.0109842 
v -9.91215e-05 -8.5e-05 0.0110102 
v -9.91215e-05 -9.5e-05 0.0110102 
vn 1 0 0 
vn 1 0 0 
vn 1 0 0 
vn 1 0 0 
f 9//9 10//10 11//11 
f 11//11 12//12 9//9 
o mesh784
v -0.000143028 -9.5e-05 0.0109842 
v -0.000143028 -8.5e-05 0.0109842 
v -9.91215e-05 -8.5e-05 0.0109842 
v -9.91215e-05 -9.5e-05 0.0109842 
vn 0 0 -1 
vn 0 0 -1 
vn 0 0 -1 
vn 0 0 -1 
f 13//13 14//14 15//15 
f 15//15 16//16 13//13 
o mesh785
v -9.91215e-05 -9.5e-05 0.0110102 
v -0.000143028 -9.5e-05 0.0110102 
v -0.000143028 -9.5e-05 0.0109842 
v -9.91215e-05 -9.5e-05 0.0109842 
vn 0 -1 0 
vn 0 -1 0 
vn 0 -1 0 
vn 0 -1 0 
f 17//17 18//18 19//19 
f 19//19 20//20 17//17 
o mesh786
v -9.91215e-05 -8.5e-05 0.0109842 
v -0.000138776 -8.5e-05 0.0101782 
v -0.000135454 -8.5e-05 0.0101842 
v -0.000690024 -8.5e-05 0.000216211 
v -0.000135454 -8.5e-05 -7.97385e-05 
v -0.000138776 -8.5e-05 -7.38041e-05 
v -0.000128054 -8.5e-05 -9.11486e-05 
v -0.000131877 -8.5e-05 -8.55236e-05 
v -8.38562e-05 -8.5e-05 0.00463737 
v -0.000690028 -8.5e-05 0.00581221 
v -0.000690028 -8.5e-05 0.00536221 
v 0.000131822 -8.5e-05 0.0101899 
v 0.000135399 -8.5e-05 0.0101842 
v -5.9706e-05 -8.5e-05 0.0102498 
v -5.336e-05 -8.5e-05 0.0102523 
v -7.20508e-05 -8.5e-05 0.0102441 
v -6.59401e-05 -8.5e-05 0.0102471 
v -8.38562e-05 -8.5e-05 0.0102374 
v -7.80266e-05 -8.5e-05 0.0102409 
v -0.000131877 -8.5e-05 0.0101899 
v -0.000141839 -8.5e-05 -6.77315e-05 
v -0.000144637 -8.5e-05 -6.15321e-05 
v -0.000115177 -8.5e-05 -0.000106959 
v -0.000119696 -8.5e-05 -0.000101876 
v -4.69142e-05 -8.5e-05 0.00465444 
v -4.03805e-05 -8.5e-05 0.00465633 
v -5.9706e-05 -8.5e-05 0.00464982 
v -5.336e-05 -8.5e-05 0.00465227 
v -7.80266e-05 -8.5e-05 0.00464087 
v -9.5034e-05 -8.5e-05 0.00462962 
v -8.95289e-05 -8.5e-05 0.00463361 
v -0.000131877 -8.5e-05 0.00458995 
v -0.000128054 -8.5e-05 0.00459557 
v -0.000141839 -8.5e-05 0.00457215 
v -0.000138776 -8.5e-05 0.00457823 
v -0.000147163 -8.5e-05 0.00455964 
v -0.000144637 -8.5e-05 0.00456595 
v -0.000123991 -8.5e-05 0.0055034 
v -0.000128054 -8.5e-05 0.00550885 
v -0.000115177 -8.5e-05 0.00549304 
v -0.000119696 -8.5e-05 0.00549812 
v -2.75567e-08 -8.5e-05 0.0046616 
v -8.95289e-05 -8.5e-05 0.00547081 
v -9.5034e-05 -8.5e-05 0.0054748 
v 0.000141784 -8.5e-05 0.0101722 
v 0.000144582 -8.5e-05 0.010166 
v 0.000127999 -8.5e-05 0.0101956 
v 0.000100306 -8.5e-05 0.0102254 
v 0.000105445 -8.5e-05 0.0102209 
v 8.38011e-05 -8.5e-05 0.0102374 
v 8.94738e-05 -8.5e-05 0.0102336 
v 7.19957e-05 -8.5e-05 0.0102441 
v 7.79714e-05 -8.5e-05 0.0102409 
v 5.96509e-05 -8.5e-05 0.0102498 
v 6.5885e-05 -8.5e-05 0.0102471 
v -3.37713e-05 -8.5e-05 0.0102579 
v -2.70988e-05 -8.5e-05 0.0102592 
v -4.69142e-05 -8.5e-05 0.0102544 
v -0.000100361 -8.5e-05 0.0102254 
v -9.5034e-05 -8.5e-05 0.0102296 
v -0.000123991 -8.5e-05 0.010201 
v -0.000119696 -8.5e-05 0.0102063 
v -0.000128054 -8.5e-05 0.0101956 
v -0.000147163 -8.5e-05 0.0101596 
v -0.000144637 -8.5e-05 0.010166 
v -0.000123991 -8.5e-05 -9.66029e-05 
v -0.0001055 -8.5e-05 -0.000116515 
v -0.000110442 -8.5e-05 -0.000111842 
v -8.38562e-05 -8.5e-05 -0.000132944 
v -8.95289e-05 -8.5e-05 -0.000129192 
v -3.37713e-05 -8.5e-05 0.00465793 
v -2.70988e-05 -8.5e-05 0.00465925 
v -7.20508e-05 -8.5e-05 0.00464412 
v -6.59401e-05 -8.5e-05 0.0046471 
v -0.000110442 -8.5e-05 0.00461626 
v -0.0001055 -8.5e-05 0.00462094 
v -0.000119696 -8.5e-05 0.0046063 
v -0.000115177 -8.5e-05 0.00461138 
v -0.000135454 -8.5e-05 0.00458416 
v -0.000138776 -8.5e-05 0.0055262 
v -0.000141839 -8.5e-05 0.00553227 
v -0.000110442 -8.5e-05 0.00548816 
v -0.000100361 -8.5e-05 0.00547903 
v 0.000689972 -8.5e-05 0.00901221 
v 0.000138721 -8.5e-05 0.0101782 
v 0.000115122 -8.5e-05 0.0102114 
v 0.000119641 -8.5e-05 0.0102063 
v 0.000110387 -8.5e-05 0.0102163 
v 9.49789e-05 -8.5e-05 0.0102296 
v 4.68591e-05 -8.5e-05 0.0102544 
v 5.33049e-05 -8.5e-05 0.0102523 
v 1.3559e-05 -8.5e-05 0.010261 
v 2.03204e-05 -8.5e-05 0.0102603 
v -4.03805e-05 -8.5e-05 0.0102563 
v -0.0001055 -8.5e-05 0.0102209 
v -0.000141839 -8.5e-05 0.0101722 
v -0.000214324 -8.5e-05 0.00023115 
v -0.000690028 -8.5e-05 0.00286621 
v -0.000690028 -8.5e-05 0.00241621 
v -0.000147163 -8.5e-05 -5.52175e-05 
v -9.5034e-05 -8.5e-05 -0.000125198 
v -0.000100361 -8.5e-05 -0.000120969 
v -7.80266e-05 -8.5e-05 -0.000136447 
v -2.03755e-05 -8.5e-05 0.00466028 
v -1.36141e-05 -8.5e-05 0.00466101 
v -0.000100361 -8.5e-05 0.00462539 
v -0.000123991 -8.5e-05 0.00460102 
v -0.000238195 -8.5e-05 0.00413155 
v -0.000214324 -8.5e-05 0.00427327 
v -0.000268572 -8.5e-05 0.00384578 
v -0.000238195 -8.5e-05 0.000372872 
v -0.000144637 -8.5e-05 0.00553847 
v -0.000131877 -8.5e-05 0.00551448 
v -0.000135454 -8.5e-05 0.00552026 
v -0.0001055 -8.5e-05 0.00548349 
v -7.80266e-05 -8.5e-05 0.00546355 
v -8.38562e-05 -8.5e-05 0.00546706 
v -5.336e-05 -8.5e-05 0.00545215 
v -5.9706e-05 -8.5e-05 0.0054546 
v 0.000123936 -8.5e-05 0.010201 
v 2.70436e-05 -8.5e-05 0.0102592 
v -8.95289e-05 -8.5e-05 0.0102336 
v -0.000115177 -8.5e-05 0.0102114 
v -0.000110442 -8.5e-05 0.0102163 
v -0.000184714 -8.5e-05 9.05157e-05 
v -0.000184714 -8.5e-05 0.00441391 
v -0.000256288 -8.5e-05 0.00398898 
v -0.000256288 -8.5e-05 0.000515446 
v -7.20508e-05 -8.5e-05 0.00546031 
v -6.59401e-05 -8.5e-05 0.00545732 
v -3.37713e-05 -8.5e-05 0.00544649 
v -4.03805e-05 -8.5e-05 0.00544809 
v -1.36141e-05 -8.5e-05 0.00544341 
v -2.03755e-05 -8.5e-05 0.00544414 
v 3.37161e-05 -8.5e-05 0.0102579 
v 4.03254e-05 -8.5e-05 0.0102563 
v 6.77211e-06 -8.5e-05 0.0102615 
v -0.000149414 -8.5e-05 -4.87995e-05 
v -0.000149414 -8.5e-05 0.00455322 
v -0.000268572 -8.5e-05 0.000658638 
v -0.000214324 -8.5e-05 0.00583115 
v -0.000238195 -8.5e-05 0.00597287 
v -4.69142e-05 -8.5e-05 0.00544998 
v -2.70988e-05 -8.5e-05 0.00544517 
v -2.03755e-05 -8.5e-05 0.0102603 
v -1.36141e-05 -8.5e-05 0.010261 
v -0.00101003 -8.5e-05 0.00286621 
v -0.000860028 -8.5e-05 0.00241621 
v -0.000275028 -8.5e-05 0.00370221 
v -0.000275028 -8.5e-05 0.000802211 
v -0.000256288 -8.5e-05 0.00611545 
v 0.000147108 -8.5e-05 0.0101596 
v 0.000149359 -8.5e-05 0.0101532 
v -0.000143028 -8.5e-05 0.0109842 
v -0.000149414 -8.5e-05 0.0101532 
v -0.000690028 -8.5e-05 0.00901221 
v -0.000184714 -8.5e-05 0.0100139 
v -0.00101003 -8.5e-05 0.00216621 
v -0.000860028 -8.5e-05 0.00216621 
v -6.82722e-06 -8.5e-05 0.00466145 
v -0.000184714 -8.5e-05 0.00569052 
v -0.000214324 -8.5e-05 0.00987327 
v -0.000275028 -8.5e-05 0.00930221 
v -0.000268572 -8.5e-05 0.00944578 
v -0.000149414 -8.5e-05 0.0055512 
v -6.82722e-06 -8.5e-05 0.00544297 
v -2.75567e-08 -8.5e-05 0.0102616 
v -6.82722e-06 -8.5e-05 0.0102615 
v -0.000238195 -8.5e-05 0.00973155 
v -0.000256288 -8.5e-05 0.00958898 
v 0.000149359 -8.5e-05 0.0055512 
v 0.000131822 -8.5e-05 0.00458995 
v 0.000135399 -8.5e-05 0.00458416 
v 0.000123936 -8.5e-05 0.00460102 
v 0.000127999 -8.5e-05 0.00459557 
v 0.000115122 -8.5e-05 0.00461138 
v 0.000119641 -8.5e-05 0.0046063 
v 0.000105445 -8.5e-05 0.00462094 
v 0.000110387 -8.5e-05 0.00461626 
v 0.000297472 -8.5e-05 0.0112822 
v 0.000104457 -8.5e-05 0.0112822 
v -9.91215e-05 -8.5e-05 0.0110102 
v -0.00101003 -8.5e-05 0.00581221 
v -0.000860028 -8.5e-05 0.00536221 
v -0.000275028 -8.5e-05 0.00640221 
v -0.000690028 -8.5e-05 0.00856221 
v -0.000268572 -8.5e-05 0.00625864 
v -0.000147163 -8.5e-05 0.00554478 
v 0.000689972 -8.5e-05 0.0113672 
v 0.000297472 -8.5e-05 0.0115672 
v -9.55435e-05 -8.5e-05 0.0112822 
v -0.000547528 -8.5e-05 0.0112822 
v -0.000143028 -8.5e-05 0.0110102 
v -0.00101003 -8.5e-05 0.00511221 
v -0.000860028 -8.5e-05 0.00511221 
v -2.75567e-08 -8.5e-05 0.00544282 
v -0.00101003 -8.5e-05 0.00901221 
v -0.000860028 -8.5e-05 0.00856221 
v 0.000689972 -8.5e-05 0.00856221 
v 0.000859972 -8.5e-05 0.00856221 
v 0.000100306 -8.5e-05 0.00547903 
v 9.49789e-05 -8.5e-05 0.0054748 
v 0.000138721 -8.5e-05 0.00457823 
v 0.000141784 -8.5e-05 0.00457215 
v 0.000797472 -8.5e-05 0.0115672 
v 0.000104457 -8.5e-05 0.0119322 
v -0.000690028 -8.5e-05 0.0113672 
v 0.00100997 -8.5e-05 0.00901221 
v 0.000105445 -8.5e-05 0.00548349 
v 0.000147108 -8.5e-05 0.00554478 
v 0.000144582 -8.5e-05 0.00553847 
v 0.000144582 -8.5e-05 0.00456595 
v 0.000100306 -8.5e-05 0.00462539 
v 7.19957e-05 -8.5e-05 0.00464412 
v 7.79714e-05 -8.5e-05 0.00464087 
v -9.55435e-05 -8.5e-05 0.0119322 
v -0.000797528 -8.5e-05 0.0115672 
v -0.000797528 -8.5e-05 0.0113672 
v 0.000110387 -8.5e-05 0.00548816 
v 0.000119641 -8.5e-05 0.00549812 
v 0.000115122 -8.5e-05 0.00549304 
v 0.000141784 -8.5e-05 0.00553227 
v 8.94738e-05 -8.5e-05 0.00463361 
v 9.49789e-05 -8.5e-05 0.00462962 
v 8.38011e-05 -8.5e-05 0.00463737 
v 5.96509e-05 -8.5e-05 0.00464982 
v 6.5885e-05 -8.5e-05 0.0046471 
v 2.70436e-05 -8.5e-05 0.00465925 
v -0.000547528 -8.5e-05 0.0115672 
v -0.00101003 -8.5e-05 0.00831221 
v -0.000860028 -8.5e-05 0.00831221 
v 0.000274972 -8.5e-05 0.00640221 
v 0.000214269 -8.5e-05 0.00427327 
v 0.00023814 -8.5e-05 0.00413155 
v 0.000268517 -8.5e-05 0.00625864 
v 7.19957e-05 -8.5e-05 0.00546031 
v 6.5885e-05 -8.5e-05 0.00545732 
v 8.38011e-05 -8.5e-05 0.00546706 
v 7.79714e-05 -8.5e-05 0.00546355 
v 0.000127999 -8.5e-05 0.00550885 
v 0.000123936 -8.5e-05 0.0055034 
v 0.000135399 -8.5e-05 0.00552026 
v 0.000131822 -8.5e-05 0.00551448 
v 0.000138721 -8.5e-05 0.0055262 
v 1.3559e-05 -8.5e-05 0.00466101 
v 2.03204e-05 -8.5e-05 0.00466028 
v 0.00023814 -8.5e-05 0.00973155 
v 0.000256232 -8.5e-05 0.00958898 
v 0.000689972 -8.5e-05 0.000216211 
v 0.000110387 -8.5e-05 -0.000111842 
v 0.000105445 -8.5e-05 -0.000116515 
v 0.000256232 -8.5e-05 0.00398898 
v 0.000149359 -8.5e-05 0.00455322 
v 0.000184659 -8.5e-05 0.00441391 
v 2.70436e-05 -8.5e-05 0.00544517 
v 2.03204e-05 -8.5e-05 0.00544414 
v 4.68591e-05 -8.5e-05 0.00544998 
v 4.03254e-05 -8.5e-05 0.00544809 
v 5.96509e-05 -8.5e-05 0.0054546 
v 8.94738e-05 -8.5e-05 0.00547081 
v 4.68591e-05 -8.5e-05 0.00465444 
v 5.33049e-05 -8.5e-05 0.00465227 
v 3.37161e-05 -8.5e-05 0.00465793 
v 4.03254e-05 -8.5e-05 0.00465633 
v 0.00100997 -8.5e-05 0.00831221 
v 0.000214269 -8.5e-05 0.00987327 
v 0.000184659 -8.5e-05 0.0100139 
v 0.000100306 -8.5e-05 -0.000120969 
v 0.000119641 -8.5e-05 -0.000101876 
v 0.000115122 -8.5e-05 -0.000106959 
v 0.000131822 -8.5e-05 -8.55236e-05 
v 0.000127999 -8.5e-05 -9.11486e-05 
v 0.000268517 -8.5e-05 0.00384578 
v 3.37161e-05 -8.5e-05 0.00544649 
v 5.33049e-05 -8.5e-05 0.00545215 
v 0.000797472 -8.5e-05 0.0113672 
v 0.000689972 -8.5e-05 0.00581221 
v 0.000689972 -8.5e-05 0.00536221 
v 0.000859972 -8.5e-05 0.00536221 
v 9.49789e-05 -8.5e-05 -0.000125198 
v 8.94738e-05 -8.5e-05 -0.000129192 
v 0.000123936 -8.5e-05 -9.66029e-05 
v 0.000147108 -8.5e-05 -5.52175e-05 
v 0.000144582 -8.5e-05 -6.15321e-05 
v -0.000250028 -8.5e-05 -0.000610789 
v -2.75567e-08 -8.5e-05 -0.000157181 
v -6.82722e-06 -8.5e-05 -0.000157033 
v 0.00100997 -8.5e-05 0.00581221 
v 8.38011e-05 -8.5e-05 -0.000132944 
v 0.000138721 -8.5e-05 -7.38041e-05 
v 0.000135399 -8.5e-05 -7.97385e-05 
v 0.000141784 -8.5e-05 -6.77315e-05 
v 0.000256232 -8.5e-05 0.000515446 
v 0.00023814 -8.5e-05 0.000372872 
v 0.000274972 -8.5e-05 0.000802211 
v 0.000268517 -8.5e-05 0.000658638 
v 0.000274972 -8.5e-05 0.00370221 
v 6.77211e-06 -8.5e-05 0.00466145 
v 0.000256232 -8.5e-05 0.00611545 
v -3.37713e-05 -8.5e-05 -0.00015351 
v -4.03805e-05 -8.5e-05 -0.000151906 
v -2.03755e-05 -8.5e-05 -0.000155855 
v -2.70988e-05 -8.5e-05 -0.000154828 
v -1.36141e-05 -8.5e-05 -0.000156591 
v 0.00100997 -8.5e-05 0.00511221 
v 0.000268517 -8.5e-05 0.00944578 
v 0.000689972 -8.5e-05 0.00241621 
v 0.000689972 -8.5e-05 0.00286621 
v 0.000214269 -8.5e-05 0.00023115 
v 0.000184659 -8.5e-05 9.05157e-05 
v 0.000274972 -8.5e-05 0.00930221 
v 1.3559e-05 -8.5e-05 0.00544341 
v 0.000147108 -8.5e-05 0.00455964 
v 0.00023814 -8.5e-05 0.00597287 
v 0.000249972 -8.5e-05 -0.000610789 
v 1.3559e-05 -8.5e-05 -0.000156591 
v 6.77211e-06 -8.5e-05 -0.000157033 
v 7.79714e-05 -8.5e-05 -0.000136447 
v 7.19957e-05 -8.5e-05 -0.000139695 
v 0.000392472 -8.5e-05 -0.000610789 
v 0.00100997 -8.5e-05 0.000216211 
v -0.000690028 -8.5e-05 -0.000233789 
v -0.000392528 -8.5e-05 -0.000610789 
v -4.69142e-05 -8.5e-05 -0.000150017 
v 0.000859972 -8.5e-05 0.00831221 
v 6.77211e-06 -8.5e-05 0.00544297 
v 0.000214269 -8.5e-05 0.00583115 
v 2.03204e-05 -8.5e-05 -0.000155855 
v 5.33049e-05 -8.5e-05 -0.000147847 
v 4.68591e-05 -8.5e-05 -0.000150017 
v 6.5885e-05 -8.5e-05 -0.000142681 
v -7.20508e-05 -8.5e-05 -0.000139695 
v -5.336e-05 -8.5e-05 -0.000147847 
v -5.9706e-05 -8.5e-05 -0.0001454 
v 0.000859972 -8.5e-05 0.00241621 
v 0.000149359 -8.5e-05 -4.87995e-05 
v 0.000184659 -8.5e-05 0.00569052 
v 2.70436e-05 -8.5e-05 -0.000154828 
v 4.03254e-05 -8.5e-05 -0.000151906 
v 3.37161e-05 -8.5e-05 -0.00015351 
v 5.96509e-05 -8.5e-05 -0.0001454 
v -0.000250028 -8.5e-05 -0.00256782 
v -6.50276e-05 -8.5e-05 -0.00256782 
v -6.50276e-05 -8.5e-05 -0.00159279 
v -6.59401e-05 -8.5e-05 -0.000142681 
v 0.00100997 -8.5e-05 0.00216621 
v 0.00100997 -8.5e-05 0.00286621 
v 0.00100997 -8.5e-05 -0.000483789 
v 0.000859972 -8.5e-05 -0.000233789 
v 0.000689972 -8.5e-05 -0.00180779 
v 0.000689972 -8.5e-05 -0.000233789 
v 0.000859972 -8.5e-05 0.00511221 
v 6.49724e-05 -8.5e-05 -0.00159279 
v -0.000690028 -8.5e-05 -0.00180779 
v -0.000392528 -8.5e-05 -0.00180779 
v -0.00100997 -8.5e-05 0.000216211 
v -0.000860028 -8.5e-05 -0.000233789 
v 0.000392472 -8.5e-05 -0.00180779 
v -0.00100997 -8.5e-05 -0.000483789 
v -0.000860028 -8.5e-05 -0.000483789 
v 0.000249972 -8.5e-05 -0.00223779 
v 0.000859972 -8.5e-05 0.00216621 
v 0.000859972 -8.5e-05 -0.000483789 
v 6.49724e-05 -8.5e-05 -0.00223779 
vn 0 -1 0 
vn 0 -1 0 
vn 0 -1 0 
vn 0 -1 0 
vn 0 -1 0 
vn 0 -1 0 
vn 0 -1 0 
vn 0 -1 0 
vn 0 -1 0 
vn 0 -1 0 
vn 0 -1 0 
vn 0 -1 0 
vn 0 -1 0 
vn 0 -1 0 
vn 0 -1 0 
vn 0 -1 0 
vn 0 -1 0 
vn 0 -1 0 
vn 0 -1 0 
vn 0 -1 0 
vn 0 -1 0 
vn 0 -1 0 
vn 0 -1 0 
vn 0 -1 0 
vn 0 -1 0 
vn 0 -1 0 
vn 0 -1 0 
vn 0 -1 0 
vn 0 -1 0 
vn 0 -1 0 
vn 0 -1 0 
vn 0 -1 0 
vn 0 -1 0 
vn 0 -1 0 
vn 0 -1 0 
vn 0 -1 0 
vn 0 -1 0 
vn 0 -1 0 
vn 0 -1 0 
vn 0 -1 0 
vn 0 -1 0 
vn 0 -1 0 
vn 0 -1 0 
vn 0 -1 0 
vn 0 -1 0 
vn 0 -1 0 
vn 0 -1 0 
vn 0 -1 0 
vn 0 -1 0 
vn 0 -1 0 
vn 0 -1 0 
vn 0 -1 0 
vn 0 -1 0 
vn 0 -1 0 
vn 0 -1 0 
vn 0 -1 0 
vn 0 -1 0 
vn 0 -1 0 
vn 0 -1 0 
vn 0 -1 0 
vn 0 -1 0 
vn 0 -1 0 
vn 0 -1 0 
vn 0 -1 0 
vn 0 -1 0 
vn 0 -1 0 
vn 0 -1 0 
vn 0 -1 0 
vn 0 -1 0 
vn 0 -1 0 
vn 0 -1 0 
vn 0 -1 0 
vn 0 -1 0 
vn 0 -1 0 
vn 0 -1 0 
vn 0 -1 0 
vn 0 -1 0 
vn 0 -1 0 
vn 0 -1 0 
vn 0 -1 0 
vn 0 -1 0 
vn 0 -1 0 
vn 0 -1 0 
vn 0 -1 0 
vn 0 -1 0 
vn 0 -1 0 
vn 0 -1 0 
vn 0 -1 0 
vn 0 -1 0 
vn 0 -1 0 
vn 0 -1 0 
vn 0 -1 0 
vn 0 -1 0 
vn 0 -1 0 
vn 0 -1 0 
vn 0 -1 0 
vn 0 -1 0 
vn 0 -1 0 
vn 0 -1 0 
vn 0 -1 0 
vn 0 -1 0 
vn 0 -1 0 
vn 0 -1 0 
vn 0 -1 0 
vn 0 -1 0 
vn 0 -1 0 
vn 0 -1 0 
vn 0 -1 0 
vn 0 -1 0 
vn 0 -1 0 
vn 0 -1 0 
vn 0 -1 0 
vn 0 -1 0 
vn 0 -1 0 
vn 0 -1 0 
vn 0 -1 0 
vn 0 -1 0 
vn 0 -1 0 
vn 0 -1 0 
vn 0 -1 0 
vn 0 -1 0 
vn 0 -1 0 
vn 0 -1 0 
vn 0 -1 0 
vn 0 -1 0 
vn 0 -1 0 
vn 0 -1 0 
vn 0 -1 0 
vn 0 -1 0 
vn 0 -1 0 
vn 0 -1 0 
vn 0 -1 0 
vn 0 -1 0 
vn 0 -1 0 
vn 0 -1 0 
vn 0 -1 0 
vn 0 -1 0 
vn 0 -1 0 
vn 0 -1 0 
vn 0 -1 0 
vn 0 -1 0 
vn 0 -1 0 
vn 0 -1 0 
vn 0 -1 0 
vn 0 -1 0 
vn 0 -1 0 
vn 0 -1 0 
vn 0 -1 0 
vn 0 -1 0 
vn 0 -1 0 
vn 0 -1 0 
vn 0 -1 0 
vn 0 -1 0 
vn 0 -1 0 
vn 0 -1 0 
vn 0 -1 0 
vn 0 -1 0 
vn 0 -1 0 
vn 0 -1 0 
vn 0 -1 0 
vn 0 -1 0 
vn 0 -1 0 
vn 0 -1 0 
vn 0 -1 0 
vn 0 -1 0 
vn 0 -1 0 
vn 0 -1 0 
vn 0 -1 0 
vn 0 -1 0 
vn 0 -1 0 
vn 0 -1 0 
vn 0 -1 0 
vn 0 -1 0 
vn 0 -1 0 
vn 0 -1 0 
vn 0 -1 0 
vn 0 -1 0 
vn 0 -1 0 
vn 0 -1 0 
vn 0 -1 0 
vn 0 -1 0 
vn 0 -1 0 
vn 0 -1 0 
vn 0 -1 0 
vn 0 -1 0 
vn 0 -1 0 
vn 0 -1 0 
vn 0 -1 0 
vn 0 -1 0 
vn 0 -1 0 
vn 0 -1 0 
vn 0 -1 0 
vn 0 -1 0 
vn 0 -1 0 
vn 0 -1 0 
vn 0 -1 0 
vn 0 -1 0 
vn 0 -1 0 
vn 0 -1 0 
vn 0 -1 0 
vn 0 -1 0 
vn 0 -1 0 
vn 0 -1 0 
vn 0 -1 0 
vn 0 -1 0 
vn 0 -1 0 
vn 0 -1 0 
vn 0 -1 0 
vn 0 -1 0 
vn 0 -1 0 
vn 0 -1 0 
vn 0 -1 0 
vn 0 -1 0 
vn 0 -1 0 
vn 0 -1 0 
vn 0 -1 0 
vn 0 -1 0 
vn 0 -1 0 
vn 0 -1 0 
vn 0 -1 0 
vn 0 -1 0 
vn 0 -1 0 
vn 0 -1 0 
vn 0 -1 0 
vn 0 -1 0 
vn 0 -1 0 
vn 0 -1 0 
vn 0 -1 0 
vn 0 -1 0 
vn 0 -1 0 
vn 0 -1 0 
vn 0 -1 0 
vn 0 -1 0 
vn 0 -1 0 
vn 0 -1 0 
vn 0 -1 0 
vn 0 -1 0 
vn 0 -1 0 
vn 0 -1 0 
vn 0 -1 0 
vn 0 -1 0 
vn 0 -1 0 
vn 0 -1 0 
vn 0 -1 0 
vn 0 -1 0 
vn 0 -1 0 
vn 0 -1 0 
vn 0 -1 0 
vn 0 -1 0 
vn 0 -1 0 
vn 0 -1 0 
vn 0 -1 0 
vn 0 -1 0 
vn 0 -1 0 
vn 0 -1 0 
vn 0 -1 0 
vn 0 -1 0 
vn 0 -1 0 
vn 0 -1 0 
vn 0 -1 0 
vn 0 -1 0 
vn 0 -1 0 
vn 0 -1 0 
vn 0 -1 0 
vn 0 -1 0 
vn 0 -1 0 
vn 0 -1 0 
vn 0 -1 0 
vn 0 -1 0 
vn 0 -1 0 
vn 0 -1 0 
vn 0 -1 0 
vn 0 -1 0 
vn 0 -1 0 
vn 0 -1 0 
vn 0 -1 0 
vn 0 -1 0 
vn 0 -1 0 
vn 0 -1 0 
vn 0 -1 0 
vn 0 -1 0 
vn 0 -1 0 
vn 0 -1 0 
vn 0 -1 0 
vn 0 -1 0 
vn 0 -1 0 
vn 0 -1 0 
vn 0 -1 0 
vn 0 -1 0 
vn 0 -1 0 
vn 0 -1 0 
vn 0 -1 0 
vn 0 -1 0 
vn 0 -1 0 
vn 0 -1 0 
vn 0 -1 0 
vn 0 -1 0 
vn 0 -1 0 
vn 0 -1 0 
vn 0 -1 0 
vn 0 -1 0 
vn 0 -1 0 
vn 0 -1 0 
vn 0 -1 0 
vn 0 -1 0 
vn 0 -1 0 
vn 0 -1 0 
vn 0 -1 0 
vn 0 -1 0 
vn 0 -1 0 
vn 0 -1 0 
vn 0 -1 0 
vn 0 -1 0 
vn 0 -1 0 
vn 0 -1 0 
vn 0 -1 0 
vn 0 -1 0 
vn 0 -1 0 
vn 0 -1 0 
vn 0 -1 0 
vn 0 -1 0 
vn 0 -1 0 
vn 0 -1 0 
vn 0 -1 0 
vn 0 -1 0 
vn 0 -1 0 
vn 0 -1 0 
vn 0 -1 0 
vn 0 -1 0 
vn 0 -1 0 
vn 0 -1 0 
vn 0 -1 0 
vn 0 -1 0 
vn 0 -1 0 
vn 0 -1 0 
vn 0 -1 0 
vn 0 -1 0 
vn 0 -1 0 
vn 0 -1 0 
vn 0 -1 0 
vn 0 -1 0 
vn 0 -1 0 
vn 0 -1 0 
vn 0 -1 0 
vn 0 -1 0 
vn 0 -1 0 
vn 0 -1 0 
vn 0 -1 0 
vn 0 -1 0 
vn 0 -1 0 
vn 0 -1 0 
vn 0 -1 0 
vn 0 -1 0 
vn 0 -1 0 
vn 0 -1 0 
vn 0 -1 0 
vn 0 -1 0 
vn 0 -1 0 
vn 0 -1 0 
vn 0 -1 0 
vn 0 -1 0 
vn 0 -1 0 
vn 0 -1 0 
vn 0 -1 0 
f 21//21 22//22 23//23 
f 24//24 25//25 26//26 
f 24//24 27//27 28//28 
f 29//29 30//30 31//31 
f 21//21 32//32 33//33 
f 21//21 34//34 35//35 
f 21//21 36//36 37//37 
f 21//21 38//38 39//39 
f 23//23 40//40 21//21 
f 24//24 41//41 42//42 
f 28//28 25//25 24//24 
f 24//24 43//43 44//44 
f 30//30 45//45 46//46 
f 30//30 47//47 48//48 
f 30//30 29//29 49//49 
f 31//31 50//50 51//51 
f 31//31 52//52 53//53 
f 31//31 54//54 55//55 
f 31//31 56//56 57//57 
f 30//30 58//58 59//59 
f 30//30 60//60 61//61 
f 62//62 63//63 64//64 
f 21//21 65//65 66//66 
f 21//21 67//67 32//32 
f 21//21 68//68 69//69 
f 21//21 70//70 71//71 
f 21//21 72//72 73//73 
f 21//21 74//74 75//75 
f 21//21 76//76 77//77 
f 35//35 78//78 21//21 
f 39//39 36//36 21//21 
f 21//21 79//79 80//80 
f 21//21 81//81 82//82 
f 40//40 83//83 21//21 
f 21//21 84//84 85//85 
f 26//26 41//41 24//24 
f 44//44 86//86 24//24 
f 24//24 87//87 88//88 
f 24//24 89//89 90//90 
f 30//30 91//91 92//92 
f 48//48 45//45 30//30 
f 30//30 93//93 94//94 
f 31//31 51//51 29//29 
f 31//31 95//95 96//96 
f 31//31 97//97 98//98 
f 31//31 99//99 52//52 
f 57//57 54//54 31//31 
f 30//30 100//100 101//101 
f 61//61 58//58 30//30 
f 62//62 102//102 60//60 
f 64//64 103//103 62//62 
f 66//66 104//104 21//21 
f 33//33 105//105 21//21 
f 21//21 106//106 107//107 
f 69//69 108//108 21//21 
f 71//71 109//109 21//21 
f 75//75 72//72 21//21 
f 21//21 110//110 111//111 
f 21//21 112//112 113//113 
f 21//21 114//114 76//76 
f 37//37 34//34 21//21 
f 21//21 115//115 79//79 
f 83//83 81//81 21//21 
f 85//85 116//116 21//21 
f 117//117 118//118 119//119 
f 42//42 120//120 24//24 
f 88//88 43//43 24//24 
f 24//24 121//121 122//122 
f 24//24 123//123 89//89 
f 30//30 124//124 125//125 
f 46//46 91//91 30//30 
f 49//49 93//93 30//30 
f 96//96 126//126 31//31 
f 31//31 127//127 97//97 
f 55//55 99//99 31//31 
f 31//31 128//128 129//129 
f 31//31 118//118 130//130 
f 118//118 117//117 131//131 
f 101//101 132//132 30//30 
f 30//30 133//133 134//134 
f 60//60 30//30 62//62 
f 103//103 135//135 62//62 
f 62//62 136//136 137//137 
f 62//62 138//138 139//139 
f 105//105 65//65 21//21 
f 107//107 140//140 21//21 
f 109//109 68//68 21//21 
f 111//111 74//74 21//21 
f 113//113 141//141 21//21 
f 78//78 114//114 21//21 
f 80//80 142//142 21//21 
f 21//21 143//143 144//144 
f 116//116 22//22 21//21 
f 24//24 145//145 117//117 
f 86//86 27//27 24//24 
f 90//90 121//121 24//24 
f 92//92 124//124 30//30 
f 126//126 50//50 31//31 
f 53//53 127//127 31//31 
f 129//129 146//146 31//31 
f 130//130 147//147 31//31 
f 131//131 148//148 118//118 
f 134//134 100//100 30//30 
f 135//135 102//102 62//62 
f 62//62 149//149 136//136 
f 139//139 150//150 62//62 
f 62//62 151//151 152//152 
f 62//62 153//153 154//154 
f 140//140 67//67 21//21 
f 73//73 70//70 21//21 
f 21//21 155//155 156//156 
f 21//21 157//157 112//112 
f 142//142 38//38 21//21 
f 82//82 143//143 21//21 
f 24//24 158//158 145//145 
f 122//122 87//87 24//24 
f 94//94 47//47 30//30 
f 31//31 159//159 56//56 
f 147//147 128//128 31//31 
f 148//148 160//160 118//118 
f 30//30 161//161 162//162 
f 59//59 133//133 30//30 
f 150//150 149//149 62//62 
f 152//152 163//163 62//62 
f 154//154 164//164 62//62 
f 108//108 106//106 21//21 
f 141//141 155//155 21//21 
f 21//21 165//165 166//166 
f 144//144 115//115 21//21 
f 120//120 158//158 24//24 
f 118//118 167//167 168//168 
f 98//98 95//95 31//31 
f 118//118 169//169 130//130 
f 160//160 170//170 118//118 
f 162//162 171//171 30//30 
f 137//137 63//63 62//62 
f 164//164 151//151 62//62 
f 104//104 172//172 173//173 
f 156//156 110//110 21//21 
f 77//77 165//165 21//21 
f 174//174 175//175 84//84 
f 174//174 176//176 177//177 
f 168//168 119//119 118//118 
f 178//178 179//179 168//168 
f 125//125 180//180 30//30 
f 170//170 169//169 118//118 
f 30//30 181//181 161//161 
f 163//163 138//138 62//62 
f 66//66 172//172 104//104 
f 84//84 21//21 174//174 
f 176//176 182//182 177//177 
f 176//176 183//183 184//184 
f 168//168 167//167 178//178 
f 146//146 159//159 31//31 
f 30//30 185//185 181//181 
f 62//62 186//186 153//153 
f 21//21 187//187 157//157 
f 166//166 188//188 21//21 
f 176//176 189//189 182//182 
f 184//184 190//190 176//176 
f 191//191 192//192 193//193 
f 191//191 194//194 195//195 
f 191//191 196//196 197//197 
f 191//191 198//198 199//199 
f 200//200 201//201 202//202 
f 180//180 62//62 30//30 
f 30//30 203//203 204//204 
f 205//205 183//183 206//206 
f 171//171 207//207 30//30 
f 132//132 208//208 30//30 
f 188//188 187//187 21//21 
f 190//190 189//189 176//176 
f 195//195 192//192 191//191 
f 199//199 196//196 191//191 
f 202//202 21//21 200//200 
f 209//209 210//210 200//200 
f 211//211 212//212 213//213 
f 204//204 31//31 30//30 
f 214//214 215//215 204//204 
f 207//207 205//205 30//30 
f 62//62 216//216 186//186 
f 176//176 217//217 218//218 
f 177//177 175//175 174//174 
f 104//104 219//219 220//220 
f 62//62 221//221 222//222 
f 191//191 223//223 224//224 
f 197//197 194//194 191//191 
f 225//225 210//210 209//209 
f 200//200 104//104 209//209 
f 202//202 201//201 211//211 
f 211//211 201//201 226//226 
f 227//227 176//176 212//212 
f 212//212 176//176 174//174 
f 204//204 203//203 214//214 
f 208//208 185//185 30//30 
f 206//206 183//183 176//176 
f 220//220 228//228 104//104 
f 62//62 229//229 221//221 
f 62//62 230//230 231//231 
f 224//224 232//232 191//191 
f 191//191 233//233 198//198 
f 191//191 234//234 235//235 
f 21//21 104//104 200//200 
f 226//226 236//236 211//211 
f 174//174 213//213 212//212 
f 237//237 238//238 227//227 
f 206//206 30//30 205//205 
f 173//173 219//219 104//104 
f 62//62 239//239 229//229 
f 62//62 240//240 241//241 
f 231//231 242//242 62//62 
f 193//193 223//223 191//191 
f 191//191 243//243 244//244 
f 235//235 245//245 191//191 
f 191//191 246//246 247//247 
f 248//248 191//191 230//230 
f 213//213 202//202 211//211 
f 227//227 249//249 237//237 
f 218//218 206//206 176//176 
f 250//250 251//251 218//218 
f 252//252 253//253 254//254 
f 253//253 252//252 255//255 
f 62//62 256//256 257//257 
f 62//62 258//258 259//259 
f 241//241 239//239 62//62 
f 62//62 260//260 261//261 
f 62//62 262//262 263//263 
f 242//242 264//264 62//62 
f 244//244 233//233 191//191 
f 247//247 234//234 191//191 
f 230//230 265//265 266//266 
f 212//212 249//249 227//227 
f 218//218 217//217 250//250 
f 219//219 267//267 268//268 
f 269//269 270//270 271//271 
f 254//254 272//272 252//252 
f 255//255 273//273 274//274 
f 62//62 275//275 276//276 
f 62//62 277//277 278//278 
f 257//257 279//279 62//62 
f 62//62 280//280 258//258 
f 261//261 240//240 62//62 
f 264//264 262//262 62//62 
f 245//245 243//243 191//191 
f 191//191 281//281 282//282 
f 191//191 283//283 284//284 
f 230//230 266//266 248//248 
f 285//285 228//228 220//220 
f 119//119 24//24 117//117 
f 219//219 286//286 267//267 
f 219//219 173//173 287//287 
f 271//271 288//288 269//269 
f 269//269 289//289 290//290 
f 269//269 291//291 292//292 
f 269//269 252//252 293//293 
f 255//255 274//274 253//253 
f 62//62 294//294 275//275 
f 62//62 295//295 277//277 
f 259//259 256//256 62//62 
f 263//263 260//260 62//62 
f 282//282 246//246 191//191 
f 248//248 283//283 191//191 
f 209//209 296//296 225//225 
f 287//287 286//286 219//219 
f 297//297 298//298 299//299 
f 269//269 300//300 301//301 
f 290//290 270//270 269//269 
f 292//292 302//302 269//269 
f 269//269 303//303 304//304 
f 272//272 293//293 252//252 
f 278//278 294//294 62//62 
f 222//222 280//280 62//62 
f 284//284 281//281 191//191 
f 305//305 306//306 307//307 
f 268//268 297//297 219//219 
f 299//299 308//308 297//297 
f 301//301 309//309 269//269 
f 302//302 289//289 269//269 
f 269//269 310//310 311//311 
f 304//304 312//312 269//269 
f 269//269 313//313 314//314 
f 269//269 315//315 316//316 
f 293//293 317//317 269//269 
f 279//279 295//295 62//62 
f 230//230 318//318 265//265 
f 273//273 255//255 319//319 
f 305//305 320//320 321//321 
f 305//305 322//322 323//323 
f 307//307 324//324 305//305 
f 325//325 308//308 299//299 
f 297//297 268//268 298//298 
f 326//326 327//327 328//328 
f 288//288 300//300 269//269 
f 312//312 310//310 269//269 
f 269//269 329//329 330//330 
f 316//316 313//313 269//269 
f 269//269 331//331 252//252 
f 327//327 326//326 331//331 
f 276//276 332//332 62//62 
f 232//232 333//333 191//191 
f 319//319 334//334 273//273 
f 335//335 336//336 337//337 
f 338//338 339//339 335//335 
f 340//340 341//341 269//269 
f 123//123 342//342 343//343 
f 321//321 344//344 305//305 
f 324//324 322//322 305//305 
f 220//220 345//345 285//285 
f 298//298 268//268 326//326 
f 311//311 291//291 269//269 
f 314//314 329//329 269//269 
f 331//331 269//269 327//327 
f 332//332 346//346 62//62 
f 230//230 62//62 318//318 
f 334//334 347//347 273//273 
f 335//335 348//348 336//336 
f 335//335 349//349 350//350 
f 335//335 339//339 351//351 
f 269//269 338//338 340//340 
f 305//305 352//352 123//123 
f 305//305 353//353 354//354 
f 323//323 320//320 305//305 
f 328//328 298//298 326//326 
f 328//328 327//327 355//355 
f 269//269 356//356 303//303 
f 317//317 315//315 269//269 
f 333//333 273//273 191//191 
f 347//347 357//357 273//273 
f 335//335 358//358 348//348 
f 335//335 359//359 360//360 
f 335//335 361//361 349//349 
f 335//335 340//340 338//338 
f 362//362 363//363 364//364 
f 305//305 365//365 352//352 
f 344//344 353//353 305//305 
f 366//366 367//367 355//355 
f 355//355 367//367 328//328 
f 330//330 356//356 269//269 
f 357//357 191//191 273//273 
f 360//360 358//358 335//335 
f 351//351 361//361 335//335 
f 364//364 305//305 362//362 
f 354//354 365//365 305//305 
f 368//368 341//341 369//369 
f 370//370 371//371 340//340 
f 299//299 372//372 325//325 
f 346//346 216//216 62//62 
f 350//350 359//359 335//335 
f 364//364 373//373 335//335 
f 343//343 305//305 123//123 
f 374//374 375//375 343//343 
f 24//24 376//376 377//377 
f 341//341 371//371 369//369 
f 340//340 378//378 370//370 
f 309//309 338//338 269//269 
f 335//335 306//306 364//364 
f 343//343 342//342 374//374 
f 377//377 342//342 24//24 
f 371//371 341//341 340//340 
f 337//337 306//306 335//335 
f 342//342 123//123 24//24 
f 379//379 380//380 377//377 
f 381//381 335//335 373//373 
f 355//355 382//382 366//366 
f 377//377 376//376 379//379 
f 369//369 383//383 368//368 
f 373//373 384//384 381//381 
f 364//364 306//306 305//305 
o mesh787
v -0.000860028 -8.5e-05 -0.000483789 
v -0.000860028 8.5e-05 -0.000483789 
v -0.000860028 8.5e-05 -0.000233789 
v -0.000860028 -8.5e-05 -0.000233789 
vn 1 0 0 
vn 1 0 0 
vn 1 0 0 
vn 1 0 0 
f 385//385 386//386 387//387 
f 387//387 388//388 385//385 
o mesh788
v -0.000860028 -8.5e-05 -0.000233789 
v -0.000860028 8.5e-05 -0.000233789 
v -0.000690028 8.5e-05 -0.000233789 
v -0.000690028 -8.5e-05 -0.000233789 
vn 0 0 -1 
vn 0 0 -1 
vn 0 0 -1 
vn 0 0 -1 
f 389//389 390//390 391//391 
f 391//391 392//392 389//389 
o mesh789
v -0.000690028 -8.5e-05 -0.000233789 
v -0.000690028 8.5e-05 -0.000233789 
v -0.000690028 8.5e-05 -0.00180779 
v -0.000690028 -8.5e-05 -0.00180779 
vn -1 0 0 
vn -1 0 0 
vn -1 0 0 
vn -1 0 0 
f 393//393 394//394 395//395 
f 395//395 396//396 393//393 
o mesh790
v -0.000690028 -8.5e-05 -0.00180779 
v -0.000690028 8.5e-05 -0.00180779 
v -0.000392528 8.5e-05 -0.00180779 
v -0.000392528 -8.5e-05 -0.00180779 
vn 0 0 -1 
vn 0 0 -1 
vn 0 0 -1 
vn 0 0 -1 
f 397//397 398//398 399//399 
f 399//399 400//400 397//397 
o mesh791
v -0.000392528 -8.5e-05 -0.00180779 
v -0.000392528 8.5e-05 -0.00180779 
v -0.000392528 8.5e-05 -0.000610789 
v -0.000392528 -8.5e-05 -0.000610789 
vn 1 0 0 
vn 1 0 0 
vn 1 0 0 
vn 1 0 0 
f 401//401 402//402 403//403 
f 403//403 404//404 401//401 
o mesh792
v -0.000392528 -8.5e-05 -0.000610789 
v -0.000392528 8.5e-05 -0.000610789 
v -0.000250028 8.5e-05 -0.000610789 
v -0.000250028 -8.5e-05 -0.000610789 
vn 0 0 -1 
vn 0 0 -1 
vn 0 0 -1 
vn 0 0 -1 
f 405//405 406//406 407//407 
f 407//407 408//408 405//405 
o mesh793
v -0.000250028 -8.5e-05 -0.000610789 
v -0.000250028 8.5e-05 -0.000610789 
v -0.000250028 8.5e-05 -0.00256782 
v -0.000250028 -8.5e-05 -0.00256782 
vn -1 0 0 
vn -1 0 0 
vn -1 0 0 
vn -1 0 0 
f 409//409 410//410 411//411 
f 411//411 412//412 409//409 
o mesh794
v -0.000250028 -8.5e-05 -0.00256782 
v -0.000250028 8.5e-05 -0.00256782 
v -6.50276e-05 8.5e-05 -0.00256782 
v -6.50276e-05 -8.5e-05 -0.00256782 
vn 0 0 -1 
vn 0 0 -1 
vn 0 0 -1 
vn 0 0 -1 
f 413//413 414//414 415//415 
f 415//415 416//416 413//413 
o mesh795
v -6.50276e-05 -8.5e-05 -0.00256782 
v -6.50276e-05 8.5e-05 -0.00256782 
v -6.50276e-05 8.5e-05 -0.00159279 
v -6.50276e-05 -8.5e-05 -0.00159279 
vn 1 0 0 
vn 1 0 0 
vn 1 0 0 
vn 1 0 0 
f 417//417 418//418 419//419 
f 419//419 420//420 417//417 
o mesh796
v -6.50276e-05 -8.5e-05 -0.00159279 
v -6.50276e-05 8.5e-05 -0.00159279 
v 6.49724e-05 8.5e-05 -0.00159279 
v 6.49724e-05 -8.5e-05 -0.00159279 
vn 0 0 -1 
vn 0 0 -1 
vn 0 0 -1 
vn 0 0 -1 
f 421//421 422//422 423//423 
f 423//423 424//424 421//421 
o mesh797
v 6.49724e-05 -8.5e-05 -0.00159279 
v 6.49724e-05 8.5e-05 -0.00159279 
v 6.49724e-05 8.5e-05 -0.00223779 
v 6.49724e-05 -8.5e-05 -0.00223779 
vn -1 0 0 
vn -1 0 0 
vn -1 0 0 
vn -1 0 0 
f 425//425 426//426 427//427 
f 427//427 428//428 425//425 
o mesh798
v 6.49724e-05 -8.5e-05 -0.00223779 
v 6.49724e-05 8.5e-05 -0.00223779 
v 0.000249972 8.5e-05 -0.00223779 
v 0.000249972 -8.5e-05 -0.00223779 
vn 0 0 -1 
vn 0 0 -1 
vn 0 0 -1 
vn 0 0 -1 
f 429//429 430//430 431//431 
f 431//431 432//432 429//429 
o mesh799
v 0.000249972 -8.5e-05 -0.00223779 
v 0.000249972 8.5e-05 -0.00223779 
v 0.000249972 8.5e-05 -0.000610789 
v 0.000249972 -8.5e-05 -0.000610789 
vn 1 0 0 
vn 1 0 0 
vn 1 0 0 
vn 1 0 0 
f 433//433 434//434 435//435 
f 435//435 436//436 433//433 
o mesh800
v 0.000249972 -8.5e-05 -0.000610789 
v 0.000249972 8.5e-05 -0.000610789 
v 0.000392472 8.5e-05 -0.000610789 
v 0.000392472 -8.5e-05 -0.000610789 
vn 0 0 -1 
vn 0 0 -1 
vn 0 0 -1 
vn 0 0 -1 
f 437//437 438//438 439//439 
f 439//439 440//440 437//437 
o mesh801
v 0.000392472 -8.5e-05 -0.000610789 
v 0.000392472 8.5e-05 -0.000610789 
v 0.000392472 8.5e-05 -0.00180779 
v 0.000392472 -8.5e-05 -0.00180779 
vn -1 0 0 
vn -1 0 0 
vn -1 0 0 
vn -1 0 0 
f 441//441 442//442 443//443 
f 443//443 444//444 441//441 
o mesh802
v 0.000392472 -8.5e-05 -0.00180779 
v 0.000392472 8.5e-05 -0.00180779 
v 0.000689972 8.5e-05 -0.00180779 
v 0.000689972 -8.5e-05 -0.00180779 
vn 0 0 -1 
vn 0 0 -1 
vn 0 0 -1 
vn 0 0 -1 
f 445//445 446//446 447//447 
f 447//447 448//448 445//445 
o mesh803
v 0.000689972 -8.5e-05 -0.00180779 
v 0.000689972 8.5e-05 -0.00180779 
v 0.000689972 8.5e-05 -0.000233789 
v 0.000689972 -8.5e-05 -0.000233789 
vn 1 0 0 
vn 1 0 0 
vn 1 0 0 
vn 1 0 0 
f 449//449 450//450 451//451 
f 451//451 452//452 449//449 
o mesh804
v 0.000689972 -8.5e-05 -0.000233789 
v 0.000689972 8.5e-05 -0.000233789 
v 0.000859972 8.5e-05 -0.000233789 
v 0.000859972 -8.5e-05 -0.000233789 
vn 0 0 -1 
vn 0 0 -1 
vn 0 0 -1 
vn 0 0 -1 
f 453//453 454//454 455//455 
f 455//455 456//456 453//453 
o mesh805
v 0.000859972 -8.5e-05 -0.000233789 
v 0.000859972 8.5e-05 -0.000233789 
v 0.000859972 8.5e-05 -0.000483789 
v 0.000859972 -8.5e-05 -0.000483789 
vn -1 0 0 
vn -1 0 0 
vn -1 0 0 
vn -1 0 0 
f 457//457 458//458 459//459 
f 459//459 460//460 457//457 
o mesh806
v 0.000859972 -8.5e-05 -0.000483789 
v 0.000859972 8.5e-05 -0.000483789 
v 0.00100997 8.5e-05 -0.000483789 
v 0.00100997 -8.5e-05 -0.000483789 
vn 0 0 -1 
vn 0 0 -1 
vn 0 0 -1 
vn 0 0 -1 
f 461//461 462//462 463//463 
f 463//463 464//464 461//461 
o mesh807
v 0.00100997 -8.5e-05 -0.000483789 
v 0.00100997 8.5e-05 -0.000483789 
v 0.00100997 8.5e-05 0.000216211 
v 0.00100997 -8.5e-05 0.000216211 
vn 1 0 0 
vn 1 0 0 
vn 1 0 0 
vn 1 0 0 
f 465//465 466//466 467//467 
f 467//467 468//468 465//465 
o mesh808
v 0.00100997 -8.5e-05 0.000216211 
v 0.00100997 8.5e-05 0.000216211 
v 0.000689972 8.5e-05 0.000216211 
v 0.000689972 -8.5e-05 0.000216211 
vn 0 0 1 
vn 0 0 1 
vn 0 0 1 
vn 0 0 1 
f 469//469 470//470 471//471 
f 471//471 472//472 469//469 
o mesh809
v 0.000689972 -8.5e-05 0.000216211 
v 0.000689972 8.5e-05 0.000216211 
v 0.000689972 8.5e-05 0.00241621 
v 0.000689972 -8.5e-05 0.00241621 
vn 1 0 0 
vn 1 0 0 
vn 1 0 0 
vn 1 0 0 
f 473//473 474//474 475//475 
f 475//475 476//476 473//473 
o mesh810
v 0.000689972 -8.5e-05 0.00241621 
v 0.000689972 8.5e-05 0.00241621 
v 0.000859972 8.5e-05 0.00241621 
v 0.000859972 -8.5e-05 0.00241621 
vn 0 0 -1 
vn 0 0 -1 
vn 0 0 -1 
vn 0 0 -1 
f 477//477 478//478 479//479 
f 479//479 480//480 477//477 
o mesh811
v 0.000859972 -8.5e-05 0.00241621 
v 0.000859972 8.5e-05 0.00241621 
v 0.000859972 8.5e-05 0.00216621 
v 0.000859972 -8.5e-05 0.00216621 
vn -1 0 0 
vn -1 0 0 
vn -1 0 0 
vn -1 0 0 
f 481//481 482//482 483//483 
f 483//483 484//484 481//481 
o mesh812
v 0.000859972 -8.5e-05 0.00216621 
v 0.000859972 8.5e-05 0.00216621 
v 0.00100997 8.5e-05 0.00216621 
v 0.00100997 -8.5e-05 0.00216621 
vn 0 0 -1 
vn 0 0 -1 
vn 0 0 -1 
vn 0 0 -1 
f 485//485 486//486 487//487 
f 487//487 488//488 485//485 
o mesh813
v 0.00100997 -8.5e-05 0.00216621 
v 0.00100997 8.5e-05 0.00216621 
v 0.00100997 8.5e-05 0.00286621 
v 0.00100997 -8.5e-05 0.00286621 
vn 1 0 0 
vn 1 0 0 
vn 1 0 0 
vn 1 0 0 
f 489//489 490//490 491//491 
f 491//491 492//492 489//489 
o mesh814
v 0.00100997 -8.5e-05 0.00286621 
v 0.00100997 8.5e-05 0.00286621 
v 0.000689972 8.5e-05 0.00286621 
v 0.000689972 -8.5e-05 0.00286621 
vn 0 0 1 
vn 0 0 1 
vn 0 0 1 
vn 0 0 1 
f 493//493 494//494 495//495 
f 495//495 496//496 493//493 
o mesh815
v 0.000689972 -8.5e-05 0.00286621 
v 0.000689972 8.5e-05 0.00286621 
v 0.000689972 8.5e-05 0.00536221 
v 0.000689972 -8.5e-05 0.00536221 
vn 1 0 0 
vn 1 0 0 
vn 1 0 0 
vn 1 0 0 
f 497//497 498//498 499//499 
f 499//499 500//500 497//497 
o mesh816
v 0.000689972 -8.5e-05 0.00536221 
v 0.000689972 8.5e-05 0.00536221 
v 0.000859972 8.5e-05 0.00536221 
v 0.000859972 -8.5e-05 0.00536221 
vn 0 0 -1 
vn 0 0 -1 
vn 0 0 -1 
vn 0 0 -1 
f 501//501 502//502 503//503 
f 503//503 504//504 501//501 
o mesh817
v 0.000859972 -8.5e-05 0.00536221 
v 0.000859972 8.5e-05 0.00536221 
v 0.000859972 8.5e-05 0.00511221 
v 0.000859972 -8.5e-05 0.00511221 
vn -1 0 0 
vn -1 0 0 
vn -1 0 0 
vn -1 0 0 
f 505//505 506//506 507//507 
f 507//507 508//508 505//505 
o mesh818
v 0.000859972 -8.5e-05 0.00511221 
v 0.000859972 8.5e-05 0.00511221 
v 0.00100997 8.5e-05 0.00511221 
v 0.00100997 -8.5e-05 0.00511221 
vn 0 0 -1 
vn 0 0 -1 
vn 0 0 -1 
vn 0 0 -1 
f 509//509 510//510 511//511 
f 511//511 512//512 509//509 
o mesh819
v 0.00100997 -8.5e-05 0.00511221 
v 0.00100997 8.5e-05 0.00511221 
v 0.00100997 8.5e-05 0.00581221 
v 0.00100997 -8.5e-05 0.00581221 
vn 1 0 0 
vn 1 0 0 
vn 1 0 0 
vn 1 0 0 
f 513//513 514//514 515//515 
f 515//515 516//516 513//513 
o mesh820
v 0.00100997 -8.5e-05 0.00581221 
v 0.00100997 8.5e-05 0.00581221 
v 0.000689972 8.5e-05 0.00581221 
v 0.000689972 -8.5e-05 0.00581221 
vn 0 0 1 
vn 0 0 1 
vn 0 0 1 
vn 0 0 1 
f 517//517 518//518 519//519 
f 519//519 520//520 517//517 
o mesh821
v 0.000689972 -8.5e-05 0.00581221 
v 0.000689972 8.5e-05 0.00581221 
v 0.000689972 8.5e-05 0.00856221 
v 0.000689972 -8.5e-05 0.00856221 
vn 1 0 0 
vn 1 0 0 
vn 1 0 0 
vn 1 0 0 
f 521//521 522//522 523//523 
f 523//523 524//524 521//521 
o mesh822
v 0.000689972 -8.5e-05 0.00856221 
v 0.000689972 8.5e-05 0.00856221 
v 0.000859972 8.5e-05 0.00856221 
v 0.000859972 -8.5e-05 0.00856221 
vn 0 0 -1 
vn 0 0 -1 
vn 0 0 -1 
vn 0 0 -1 
f 525//525 526//526 527//527 
f 527//527 528//528 525//525 
o mesh823
v 0.000859972 -8.5e-05 0.00856221 
v 0.000859972 8.5e-05 0.00856221 
v 0.000859972 8.5e-05 0.00831221 
v 0.000859972 -8.5e-05 0.00831221 
vn -1 0 0 
vn -1 0 0 
vn -1 0 0 
vn -1 0 0 
f 529//529 530//530 531//531 
f 531//531 532//532 529//529 
o mesh824
v 0.000859972 -8.5e-05 0.00831221 
v 0.000859972 8.5e-05 0.00831221 
v 0.00100997 8.5e-05 0.00831221 
v 0.00100997 -8.5e-05 0.00831221 
vn 0 0 -1 
vn 0 0 -1 
vn 0 0 -1 
vn 0 0 -1 
f 533//533 534//534 535//535 
f 535//535 536//536 533//533 
o mesh825
v 0.00100997 -8.5e-05 0.00831221 
v 0.00100997 8.5e-05 0.00831221 
v 0.00100997 8.5e-05 0.00901221 
v 0.00100997 -8.5e-05 0.00901221 
vn 1 0 0 
vn 1 0 0 
vn 1 0 0 
vn 1 0 0 
f 537//537 538//538 539//539 
f 539//539 540//540 537//537 
o mesh826
v 0.00100997 -8.5e-05 0.00901221 
v 0.00100997 8.5e-05 0.00901221 
v 0.000689972 8.5e-05 0.00901221 
v 0.000689972 -8.5e-05 0.00901221 
vn 0 0 1 
vn 0 0 1 
vn 0 0 1 
vn 0 0 1 
f 541//541 542//542 543//543 
f 543//543 544//544 541//541 
o mesh827
v 0.000689972 -8.5e-05 0.00901221 
v 0.000689972 8.5e-05 0.00901221 
v 0.000689972 8.5e-05 0.0113672 
v 0.000689972 -8.5e-05 0.0113672 
vn 1 0 0 
vn 1 0 0 
vn 1 0 0 
vn 1 0 0 
f 545//545 546//546 547//547 
f 547//547 548//548 545//545 
o mesh828
v 0.000689972 -8.5e-05 0.0113672 
v 0.000689972 8.5e-05 0.0113672 
v 0.000797472 8.5e-05 0.0113672 
v 0.000797472 -8.5e-05 0.0113672 
vn 0 0 -1 
vn 0 0 -1 
vn 0 0 -1 
vn 0 0 -1 
f 549//549 550//550 551//551 
f 551//551 552//552 549//549 
o mesh829
v 0.000797472 -8.5e-05 0.0113672 
v 0.000797472 8.5e-05 0.0113672 
v 0.000797472 8.5e-05 0.0115672 
v 0.000797472 -8.5e-05 0.0115672 
vn 1 0 0 
vn 1 0 0 
vn 1 0 0 
vn 1 0 0 
f 553//553 554//554 555//555 
f 555//555 556//556 553//553 
o mesh830
v 0.000797472 -8.5e-05 0.0115672 
v 0.000797472 8.5e-05 0.0115672 
v 0.000297472 8.5e-05 0.0115672 
v 0.000297472 -8.5e-05 0.0115672 
vn 0 0 1 
vn 0 0 1 
vn 0 0 1 
vn 0 0 1 
f 557//557 558//558 559//559 
f 559//559 560//560 557//557 
o mesh831
v 0.000297472 -8.5e-05 0.0115672 
v 0.000297472 8.5e-05 0.0115672 
v 0.000297472 8.5e-05 0.0112822 
v 0.000297472 -8.5e-05 0.0112822 
vn -1 0 0 
vn -1 0 0 
vn -1 0 0 
vn -1 0 0 
f 561//561 562//562 563//563 
f 563//563 564//564 561//561 
o mesh832
v 0.000297472 -8.5e-05 0.0112822 
v 0.000297472 8.5e-05 0.0112822 
v 0.000104457 8.5e-05 0.0112822 
v 0.000104457 -8.5e-05 0.0112822 
vn 0 0 1 
vn 0 0 1 
vn 0 0 1 
vn 0 0 1 
f 565//565 566//566 567//567 
f 567//567 568//568 565//565 
o mesh833
v 0.000104457 -8.5e-05 0.0112822 
v 0.000104457 8.5e-05 0.0112822 
v 0.000104457 8.5e-05 0.0119322 
v 0.000104457 -8.5e-05 0.0119322 
vn 1 0 0 
vn 1 0 0 
vn 1 0 0 
vn 1 0 0 
f 569//569 570//570 571//571 
f 571//571 572//572 569//569 
o mesh834
v 0.000104457 -8.5e-05 0.0119322 
v 0.000104457 8.5e-05 0.0119322 
v -9.55435e-05 8.5e-05 0.0119322 
v -9.55435e-05 -8.5e-05 0.0119322 
vn 0 0 1 
vn 0 0 1 
vn 0 0 1 
vn 0 0 1 
f 573//573 574//574 575//575 
f 575//575 576//576 573//573 
o mesh835
v -9.55435e-05 -8.5e-05 0.0119322 
v -9.55435e-05 8.5e-05 0.0119322 
v -9.55435e-05 8.5e-05 0.0112822 
v -9.55435e-05 -8.5e-05 0.0112822 
vn -1 0 0 
vn -1 0 0 
vn -1 0 0 
vn -1 0 0 
f 577//577 578//578 579//579 
f 579//579 580//580 577//577 
o mesh836
v -9.55435e-05 -8.5e-05 0.0112822 
v -9.55435e-05 8.5e-05 0.0112822 
v -0.000547528 8.5e-05 0.0112822 
v -0.000547528 -8.5e-05 0.0112822 
vn 0 0 1 
vn 0 0 1 
vn 0 0 1 
vn 0 0 1 
f 581//581 582//582 583//583 
f 583//583 584//584 581//581 
o mesh837
v -0.000547528 -8.5e-05 0.0112822 
v -0.000547528 8.5e-05 0.0112822 
v -0.000547528 8.5e-05 0.0115672 
v -0.000547528 -8.5e-05 0.0115672 
vn 1 0 0 
vn 1 0 0 
vn 1 0 0 
vn 1 0 0 
f 585//585 586//586 587//587 
f 587//587 588//588 585//585 
o mesh838
v -0.000547528 -8.5e-05 0.0115672 
v -0.000547528 8.5e-05 0.0115672 
v -0.000797528 8.5e-05 0.0115672 
v -0.000797528 -8.5e-05 0.0115672 
vn 0 0 1 
vn 0 0 1 
vn 0 0 1 
vn 0 0 1 
f 589//589 590//590 591//591 
f 591//591 592//592 589//589 
o mesh839
v -0.000797528 -8.5e-05 0.0115672 
v -0.000797528 8.5e-05 0.0115672 
v -0.000797528 8.5e-05 0.0113672 
v -0.000797528 -8.5e-05 0.0113672 
vn -1 0 0 
vn -1 0 0 
vn -1 0 0 
vn -1 0 0 
f 593//593 594//594 595//595 
f 595//595 596//596 593//593 
o mesh840
v -0.000797528 -8.5e-05 0.0113672 
v -0.000797528 8.5e-05 0.0113672 
v -0.000690028 8.5e-05 0.0113672 
v -0.000690028 -8.5e-05 0.0113672 
vn 0 0 -1 
vn 0 0 -1 
vn 0 0 -1 
vn 0 0 -1 
f 597//597 598//598 599//599 
f 599//599 600//600 597//597 
o mesh841
v -0.000690028 -8.5e-05 0.0113672 
v -0.000690028 8.5e-05 0.0113672 
v -0.000690028 8.5e-05 0.00901221 
v -0.000690028 -8.5e-05 0.00901221 
vn -1 0 0 
vn -1 0 0 
vn -1 0 0 
vn -1 0 0 
f 601//601 602//602 603//603 
f 603//603 604//604 601//601 
o mesh842
v -0.000690028 -8.5e-05 0.00901221 
v -0.000690028 8.5e-05 0.00901221 
v -0.00101003 8.5e-05 0.00901221 
v -0.00101003 -8.5e-05 0.00901221 
vn 0 0 1 
vn 0 0 1 
vn 0 0 1 
vn 0 0 1 
f 605//605 606//606 607//607 
f 607//607 608//608 605//605 
o mesh843
v -0.00101003 -8.5e-05 0.00901221 
v -0.00101003 8.5e-05 0.00901221 
v -0.00101003 8.5e-05 0.00831221 
v -0.00101003 -8.5e-05 0.00831221 
vn -1 0 0 
vn -1 0 0 
vn -1 0 0 
vn -1 0 0 
f 609//609 610//610 611//611 
f 611//611 612//612 609//609 
o mesh844
v -0.00101003 -8.5e-05 0.00831221 
v -0.00101003 8.5e-05 0.00831221 
v -0.000860028 8.5e-05 0.00831221 
v -0.000860028 -8.5e-05 0.00831221 
vn 0 0 -1 
vn 0 0 -1 
vn 0 0 -1 
vn 0 0 -1 
f 613//613 614//614 615//615 
f 615//615 616//616 613//613 
o mesh845
v -0.000860028 -8.5e-05 0.00831221 
v -0.000860028 8.5e-05 0.00831221 
v -0.000860028 8.5e-05 0.00856221 
v -0.000860028 -8.5e-05 0.00856221 
vn 1 0 0 
vn 1 0 0 
vn 1 0 0 
vn 1 0 0 
f 617//617 618//618 619//619 
f 619//619 620//620 617//617 
o mesh846
v -0.000860028 -8.5e-05 0.00856221 
v -0.000860028 8.5e-05 0.00856221 
v -0.000690028 8.5e-05 0.00856221 
v -0.000690028 -8.5e-05 0.00856221 
vn 0 0 -1 
vn 0 0 -1 
vn 0 0 -1 
vn 0 0 -1 
f 621//621 622//622 623//623 
f 623//623 624//624 621//621 
o mesh847
v -0.000690028 -8.5e-05 0.00856221 
v -0.000690028 8.5e-05 0.00856221 
v -0.000690028 8.5e-05 0.00581221 
v -0.000690028 -8.5e-05 0.00581221 
vn -1 0 0 
vn -1 0 0 
vn -1 0 0 
vn -1 0 0 
f 625//625 626//626 627//627 
f 627//627 628//628 625//625 
o mesh848
v -0.000690028 -8.5e-05 0.00581221 
v -0.000690028 8.5e-05 0.00581221 
v -0.00101003 8.5e-05 0.00581221 
v -0.00101003 -8.5e-05 0.00581221 
vn 0 0 1 
vn 0 0 1 
vn 0 0 1 
vn 0 0 1 
f 629//629 630//630 631//631 
f 631//631 632//632 629//629 
o mesh849
v -0.00101003 -8.5e-05 0.00581221 
v -0.00101003 8.5e-05 0.00581221 
v -0.00101003 8.5e-05 0.00511221 
v -0.00101003 -8.5e-05 0.00511221 
vn -1 0 0 
vn -1 0 0 
vn -1 0 0 
vn -1 0 0 
f 633//633 634//634 635//635 
f 635//635 636//636 633//633 
o mesh850
v -0.00101003 -8.5e-05 0.00511221 
v -0.00101003 8.5e-05 0.00511221 
v -0.000860028 8.5e-05 0.00511221 
v -0.000860028 -8.5e-05 0.00511221 
vn 0 0 -1 
vn 0 0 -1 
vn 0 0 -1 
vn 0 0 -1 
f 637//637 638//638 639//639 
f 639//639 640//640 637//637 
o mesh851
v -0.000860028 -8.5e-05 0.00511221 
v -0.000860028 8.5e-05 0.00511221 
v -0.000860028 8.5e-05 0.00536221 
v -0.000860028 -8.5e-05 0.00536221 
vn 1 0 0 
vn 1 0 0 
vn 1 0 0 
vn 1 0 0 
f 641//641 642//642 643//643 
f 643//643 644//644 641//641 
o mesh852
v -0.000860028 -8.5e-05 0.00536221 
v -0.000860028 8.5e-05 0.00536221 
v -0.000690028 8.5e-05 0.00536221 
v -0.000690028 -8.5e-05 0.00536221 
vn 0 0 -1 
vn 0 0 -1 
vn 0 0 -1 
vn 0 0 -1 
f 645//645 646//646 647//647 
f 647//647 648//648 645//645 
o mesh853
v -0.000690028 -8.5e-05 0.00536221 
v -0.000690028 8.5e-05 0.00536221 
v -0.000690028 8.5e-05 0.00286621 
v -0.000690028 -8.5e-05 0.00286621 
vn -1 0 0 
vn -1 0 0 
vn -1 0 0 
vn -1 0 0 
f 649//649 650//650 651//651 
f 651//651 652//652 649//649 
o mesh854
v -0.000690028 -8.5e-05 0.00286621 
v -0.000690028 8.5e-05 0.00286621 
v -0.00101003 8.5e-05 0.00286621 
v -0.00101003 -8.5e-05 0.00286621 
vn 0 0 1 
vn 0 0 1 
vn 0 0 1 
vn 0 0 1 
f 653//653 654//654 655//655 
f 655//655 656//656 653//653 
o mesh855
v -0.00101003 -8.5e-05 0.00286621 
v -0.00101003 8.5e-05 0.00286621 
v -0.00101003 8.5e-05 0.00216621 
v -0.00101003 -8.5e-05 0.00216621 
vn -1 0 0 
vn -1 0 0 
vn -1 0 0 
vn -1 0 0 
f 657//657 658//658 659//659 
f 659//659 660//660 657//657 
o mesh856
v -0.00101003 -8.5e-05 0.00216621 
v -0.00101003 8.5e-05 0.00216621 
v -0.000860028 8.5e-05 0.00216621 
v -0.000860028 -8.5e-05 0.00216621 
vn 0 0 -1 
vn 0 0 -1 
vn 0 0 -1 
vn 0 0 -1 
f 661//661 662//662 663//663 
f 663//663 664//664 661//661 
o mesh857
v -0.000860028 -8.5e-05 0.00216621 
v -0.000860028 8.5e-05 0.00216621 
v -0.000860028 8.5e-05 0.00241621 
v -0.000860028 -8.5e-05 0.00241621 
vn 1 0 0 
vn 1 0 0 
vn 1 0 0 
vn 1 0 0 
f 665//665 666//666 667//667 
f 667//667 668//668 665//665 
o mesh858
v -0.000860028 -8.5e-05 0.00241621 
v -0.000860028 8.5e-05 0.00241621 
v -0.000690028 8.5e-05 0.00241621 
v -0.000690028 -8.5e-05 0.00241621 
vn 0 0 -1 
vn 0 0 -1 
vn 0 0 -1 
vn 0 0 -1 
f 669//669 670//670 671//671 
f 671//671 672//672 669//669 
o mesh859
v -0.000690028 -8.5e-05 0.00241621 
v -0.000690028 8.5e-05 0.00241621 
v -0.000690024 8.5e-05 0.000216211 
v -0.000690024 -8.5e-05 0.000216211 
vn -1 0 0 
vn -1 0 0 
vn -1 0 0 
vn -1 0 0 
f 673//673 674//674 675//675 
f 675//675 676//676 673//673 
o mesh860
v -0.000690024 -8.5e-05 0.000216211 
v -0.000690024 8.5e-05 0.000216211 
v -0.00100997 8.5e-05 0.000216211 
v -0.00100997 -8.5e-05 0.000216211 
vn 0 0 1 
vn 0 0 1 
vn 0 0 1 
vn 0 0 1 
f 677//677 678//678 679//679 
f 679//679 680//680 677//677 
o mesh861
v -0.00100997 -8.5e-05 0.000216211 
v -0.00100997 8.5e-05 0.000216211 
v -0.00100997 8.5e-05 -0.000483789 
v -0.00100997 -8.5e-05 -0.000483789 
vn -1 0 0 
vn -1 0 0 
vn -1 0 0 
vn -1 0 0 
f 681//681 682//682 683//683 
f 683//683 684//684 681//681 
o mesh862
v -0.000147163 8.5e-05 0.00554478 
v -0.000149414 8.5e-05 0.0055512 
v -0.000149414 -8.5e-05 0.0055512 
v -0.000144637 8.5e-05 0.00553847 
v -0.000147163 -8.5e-05 0.00554478 
v -0.000141839 8.5e-05 0.00553227 
v -0.000144637 -8.5e-05 0.00553847 
v -0.000138776 8.5e-05 0.0055262 
v -0.000141839 -8.5e-05 0.00553227 
v -0.000135454 8.5e-05 0.00552026 
v -0.000138776 -8.5e-05 0.0055262 
v -0.000131877 8.5e-05 0.00551448 
v -0.000135454 -8.5e-05 0.00552026 
v -0.000128054 8.5e-05 0.00550885 
v -0.000131877 -8.5e-05 0.00551448 
v -0.000123991 8.5e-05 0.0055034 
v -0.000128054 -8.5e-05 0.00550885 
v -0.000119696 8.5e-05 0.00549812 
v -0.000123991 -8.5e-05 0.0055034 
v -0.000115177 8.5e-05 0.00549304 
v -0.000119696 -8.5e-05 0.00549812 
v -0.000110442 8.5e-05 0.00548816 
v -0.000115177 -8.5e-05 0.00549304 
v -0.0001055 8.5e-05 0.00548349 
v -0.000110442 -8.5e-05 0.00548816 
v -0.000100361 8.5e-05 0.00547903 
v -0.0001055 -8.5e-05 0.00548349 
v -9.5034e-05 8.5e-05 0.0054748 
v -0.000100361 -8.5e-05 0.00547903 
v -8.95289e-05 8.5e-05 0.00547081 
v -9.5034e-05 -8.5e-05 0.0054748 
v -8.38562e-05 8.5e-05 0.00546706 
v -8.95289e-05 -8.5e-05 0.00547081 
v -7.80266e-05 8.5e-05 0.00546355 
v -8.38562e-05 -8.5e-05 0.00546706 
v -7.20508e-05 8.5e-05 0.00546031 
v -7.80266e-05 -8.5e-05 0.00546355 
v -6.59401e-05 8.5e-05 0.00545732 
v -7.20508e-05 -8.5e-05 0.00546031 
v -5.9706e-05 8.5e-05 0.0054546 
v -6.59401e-05 -8.5e-05 0.00545732 
v -5.336e-05 8.5e-05 0.00545215 
v -5.9706e-05 -8.5e-05 0.0054546 
v -4.69142e-05 8.5e-05 0.00544998 
v -5.336e-05 -8.5e-05 0.00545215 
v -4.03805e-05 8.5e-05 0.00544809 
v -4.69142e-05 -8.5e-05 0.00544998 
v -3.37713e-05 8.5e-05 0.00544649 
v -4.03805e-05 -8.5e-05 0.00544809 
v -2.70988e-05 8.5e-05 0.00544517 
v -3.37713e-05 -8.5e-05 0.00544649 
v -2.03755e-05 8.5e-05 0.00544414 
v -2.70988e-05 -8.5e-05 0.00544517 
v -1.36141e-05 8.5e-05 0.00544341 
v -2.03755e-05 -8.5e-05 0.00544414 
v -6.82722e-06 8.5e-05 0.00544297 
v -1.36141e-05 -8.5e-05 0.00544341 
v -2.75567e-08 8.5e-05 0.00544282 
v -6.82722e-06 -8.5e-05 0.00544297 
v -2.75567e-08 -8.5e-05 0.00544282 
vn 0.936264 0 0.351298 
vn 0.950584 0 0.310466 
vn 0.950584 0 0.310466 
vn 0.92019 0 0.391472 
vn 0.936264 0 0.351298 
vn 0.902393 0 0.430913 
vn 0.92019 0 0.391472 
vn 0.882907 0 0.469548 
vn 0.902393 0 0.430913 
vn 0.861768 0 0.507303 
vn 0.882907 0 0.469548 
vn 0.839015 0 0.544108 
vn 0.861768 0 0.507303 
vn 0.814691 0 0.579895 
vn 0.839015 0 0.544108 
vn 0.788842 0 0.614596 
vn 0.814691 0 0.579895 
vn 0.761516 0 0.648146 
vn 0.788842 0 0.614596 
vn 0.732765 0 0.680482 
vn 0.761516 0 0.648146 
vn 0.702641 0 0.711545 
vn 0.732765 0 0.680482 
vn 0.671201 0 0.741275 
vn 0.702641 0 0.711545 
vn 0.638505 0 0.769617 
vn 0.671201 0 0.741275 
vn 0.604614 0 0.796519 
vn 0.638505 0 0.769617 
vn 0.56959 0 0.821929 
vn 0.604614 0 0.796519 
vn 0.5335 0 0.8458 
vn 0.56959 0 0.821929 
vn 0.496411 0 0.868087 
vn 0.5335 0 0.8458 
vn 0.458393 0 0.88875 
vn 0.496411 0 0.868087 
vn 0.419516 0 0.907748 
vn 0.458393 0 0.88875 
vn 0.379854 0 0.925046 
vn 0.419516 0 0.907748 
vn 0.339481 0 0.940613 
vn 0.379854 0 0.925046 
vn 0.298472 0 0.954418 
vn 0.339481 0 0.940613 
vn 0.256904 0 0.966437 
vn 0.298472 0 0.954418 
vn 0.214855 0 0.976646 
vn 0.256904 0 0.966437 
vn 0.172404 0 0.985026 
vn 0.214855 0 0.976646 
vn 0.129631 0 0.991562 
vn 0.172404 0 0.985026 
vn 0.0866141 0 0.996242 
vn 0.129631 0 0.991562 
vn 0.0434354 0 0.999056 
vn 0.0866141 0 0.996242 
vn 0.000175318 0 1 
vn 0.0434354 0 0.999056 
vn 0.000175318 0 1 
f 685//685 686//686 687//687 
f 688//688 685//685 689//689 
f 690//690 688//688 691//691 
f 692//692 690//690 693//693 
f 694//694 692//692 695//695 
f 696//696 694//694 697//697 
f 698//698 696//696 699//699 
f 700//700 698//698 701//701 
f 702//702 700//700 703//703 
f 704//704 702//702 705//705 
f 706//706 704//704 707//707 
f 708//708 706//706 709//709 
f 710//710 708//708 711//711 
f 712//712 710//710 713//713 
f 714//714 712//712 715//715 
f 716//716 714//714 717//717 
f 718//718 716//716 719//719 
f 720//720 718//718 721//721 
f 722//722 720//720 723//723 
f 724//724 722//722 725//725 
f 726//726 724//724 727//727 
f 728//728 726//726 729//729 
f 730//730 728//728 731//731 
f 732//732 730//730 733//733 
f 734//734 732//732 735//735 
f 736//736 734//734 737//737 
f 738//738 736//736 739//739 
f 740//740 738//738 741//741 
f 742//742 740//740 743//743 
f 743//743 744//744 742//742 
f 741//741 743//743 740//740 
f 739//739 741//741 738//738 
f 737//737 739//739 736//736 
f 735//735 737//737 734//734 
f 733//733 735//735 732//732 
f 731//731 733//733 730//730 
f 729//729 731//731 728//728 
f 727//727 729//729 726//726 
f 725//725 727//727 724//724 
f 723//723 725//725 722//722 
f 721//721 723//723 720//720 
f 719//719 721//721 718//718 
f 717//717 719//719 716//716 
f 715//715 717//717 714//714 
f 713//713 715//715 712//712 
f 711//711 713//713 710//710 
f 709//709 711//711 708//708 
f 707//707 709//709 706//706 
f 705//705 707//707 704//704 
f 703//703 705//705 702//702 
f 701//701 703//703 700//700 
f 699//699 701//701 698//698 
f 697//697 699//699 696//696 
f 695//695 697//697 694//694 
f 693//693 695//695 692//692 
f 691//691 693//693 690//690 
f 689//689 691//691 688//688 
f 687//687 689//689 685//685 
o mesh863
v -0.000268572 8.5e-05 0.00625864 
v -0.000275028 8.5e-05 0.00640221 
v -0.000275028 -8.5e-05 0.00640221 
v -0.000256288 8.5e-05 0.00611545 
v -0.000268572 -8.5e-05 0.00625864 
v -0.000238195 8.5e-05 0.00597287 
v -0.000256288 -8.5e-05 0.00611545 
v -0.000214324 8.5e-05 0.00583115 
v -0.000238195 -8.5e-05 0.00597287 
v -0.000184714 8.5e-05 0.00569052 
v -0.000214324 -8.5e-05 0.00583115 
v -0.000149414 8.5e-05 0.0055512 
v -0.000184714 -8.5e-05 0.00569052 
v -0.000149414 -8.5e-05 0.0055512 
vn 0.997872 0 0.0652109 
vn 0.999697 0 0.0246098 
vn 0.999697 0 0.0246098 
vn 0.994398 0 0.105704 
vn 0.997872 0 0.0652109 
vn 0.989281 0 0.146023 
vn 0.994398 0 0.105704 
vn 0.982531 0 0.186101 
vn 0.989281 0 0.146023 
vn 0.974157 0 0.225871 
vn 0.982531 0 0.186101 
vn 0.964175 0 0.265268 
vn 0.974157 0 0.225871 
vn 0.964175 0 0.265268 
f 745//745 746//746 747//747 
f 748//748 745//745 749//749 
f 750//750 748//748 751//751 
f 752//752 750//750 753//753 
f 754//754 752//752 755//755 
f 756//756 754//754 757//757 
f 757//757 758//758 756//756 
f 755//755 757//757 754//754 
f 753//753 755//755 752//752 
f 751//751 753//753 750//750 
f 749//749 751//751 748//748 
f 747//747 749//749 745//745 
o mesh864
v -0.000275028 -8.5e-05 0.00640221 
v -0.000275028 8.5e-05 0.00640221 
v -0.000275028 8.5e-05 0.00930221 
v -0.000275028 -8.5e-05 0.00930221 
vn 1 0 0 
vn 1 0 0 
vn 1 0 0 
vn 1 0 0 
f 759//759 760//760 761//761 
f 761//761 762//762 759//759 
o mesh865
v -0.000184714 8.5e-05 0.0100139 
v -0.000149414 8.5e-05 0.0101532 
v -0.000149414 -8.5e-05 0.0101532 
v -0.000214324 8.5e-05 0.00987327 
v -0.000184714 -8.5e-05 0.0100139 
v -0.000238195 8.5e-05 0.00973155 
v -0.000214324 -8.5e-05 0.00987327 
v -0.000256288 8.5e-05 0.00958898 
v -0.000238195 -8.5e-05 0.00973155 
v -0.000268572 8.5e-05 0.00944578 
v -0.000256288 -8.5e-05 0.00958898 
v -0.000275028 8.5e-05 0.00930221 
v -0.000268572 -8.5e-05 0.00944578 
v -0.000275028 -8.5e-05 0.00930221 
vn 0.974157 0 -0.225871 
vn 0.964175 0 -0.265268 
vn 0.964175 0 -0.265268 
vn 0.982531 0 -0.186101 
vn 0.974157 0 -0.225871 
vn 0.989281 0 -0.146023 
vn 0.982531 0 -0.186101 
vn 0.994398 0 -0.105704 
vn 0.989281 0 -0.146023 
vn 0.997872 0 -0.0652109 
vn 0.994398 0 -0.105704 
vn 0.999697 0 -0.0246098 
vn 0.997872 0 -0.0652109 
vn 0.999697 0 -0.0246098 
f 763//763 764//764 765//765 
f 766//766 763//763 767//767 
f 768//768 766//766 769//769 
f 770//770 768//768 771//771 
f 772//772 770//770 773//773 
f 774//774 772//772 775//775 
f 775//775 776//776 774//774 
f 773//773 775//775 772//772 
f 771//771 773//773 770//770 
f 769//769 771//771 768//768 
f 767//767 769//769 766//766 
f 765//765 767//767 763//763 
o mesh866
v -6.82722e-06 8.5e-05 0.0102615 
v -2.75567e-08 8.5e-05 0.0102616 
v -2.75567e-08 -8.5e-05 0.0102616 
v -1.36141e-05 8.5e-05 0.010261 
v -6.82722e-06 -8.5e-05 0.0102615 
v -2.03755e-05 8.5e-05 0.0102603 
v -1.36141e-05 -8.5e-05 0.010261 
v -2.70988e-05 8.5e-05 0.0102592 
v -2.03755e-05 -8.5e-05 0.0102603 
v -3.37713e-05 8.5e-05 0.0102579 
v -2.70988e-05 -8.5e-05 0.0102592 
v -4.03805e-05 8.5e-05 0.0102563 
v -3.37713e-05 -8.5e-05 0.0102579 
v -4.69142e-05 8.5e-05 0.0102544 
v -4.03805e-05 -8.5e-05 0.0102563 
v -5.336e-05 8.5e-05 0.0102523 
v -4.69142e-05 -8.5e-05 0.0102544 
v -5.9706e-05 8.5e-05 0.0102498 
v -5.336e-05 -8.5e-05 0.0102523 
v -6.59401e-05 8.5e-05 0.0102471 
v -5.9706e-05 -8.5e-05 0.0102498 
v -7.20508e-05 8.5e-05 0.0102441 
v -6.59401e-05 -8.5e-05 0.0102471 
v -7.80266e-05 8.5e-05 0.0102409 
v -7.20508e-05 -8.5e-05 0.0102441 
v -8.38562e-05 8.5e-05 0.0102374 
v -7.80266e-05 -8.5e-05 0.0102409 
v -8.95289e-05 8.5e-05 0.0102336 
v -8.38562e-05 -8.5e-05 0.0102374 
v -9.5034e-05 8.5e-05 0.0102296 
v -8.95289e-05 -8.5e-05 0.0102336 
v -0.000100361 8.5e-05 0.0102254 
v -9.5034e-05 -8.5e-05 0.0102296 
v -0.0001055 8.5e-05 0.0102209 
v -0.000100361 -8.5e-05 0.0102254 
v -0.000110442 8.5e-05 0.0102163 
v -0.0001055 -8.5e-05 0.0102209 
v -0.000115177 8.5e-05 0.0102114 
v -0.000110442 -8.5e-05 0.0102163 
v -0.000119696 8.5e-05 0.0102063 
v -0.000115177 -8.5e-05 0.0102114 
v -0.000123991 8.5e-05 0.010201 
v -0.000119696 -8.5e-05 0.0102063 
v -0.000128054 8.5e-05 0.0101956 
v -0.000123991 -8.5e-05 0.010201 
v -0.000131877 8.5e-05 0.0101899 
v -0.000128054 -8.5e-05 0.0101956 
v -0.000135454 8.5e-05 0.0101842 
v -0.000131877 -8.5e-05 0.0101899 
v -0.000138776 8.5e-05 0.0101782 
v -0.000135454 -8.5e-05 0.0101842 
v -0.000141839 8.5e-05 0.0101722 
v -0.000138776 -8.5e-05 0.0101782 
v -0.000144637 8.5e-05 0.010166 
v -0.000141839 -8.5e-05 0.0101722 
v -0.000147163 8.5e-05 0.0101596 
v -0.000144637 -8.5e-05 0.010166 
v -0.000149414 8.5e-05 0.0101532 
v -0.000147163 -8.5e-05 0.0101596 
v -0.000149414 -8.5e-05 0.0101532 
vn 0.0434354 0 -0.999056 
vn 0.000175318 0 -1 
vn 0.000175318 0 -1 
vn 0.0866141 0 -0.996242 
vn 0.0434354 0 -0.999056 
vn 0.129631 0 -0.991562 
vn 0.0866141 0 -0.996242 
vn 0.172404 0 -0.985026 
vn 0.129631 0 -0.991562 
vn 0.214855 0 -0.976646 
vn 0.172404 0 -0.985026 
vn 0.256904 0 -0.966437 
vn 0.214855 0 -0.976646 
vn 0.298472 0 -0.954418 
vn 0.256904 0 -0.966437 
vn 0.339481 0 -0.940613 
vn 0.298472 0 -0.954418 
vn 0.379854 0 -0.925046 
vn 0.339481 0 -0.940613 
vn 0.419516 0 -0.907748 
vn 0.379854 0 -0.925046 
vn 0.458393 0 -0.88875 
vn 0.419516 0 -0.907748 
vn 0.496411 0 -0.868087 
vn 0.458393 0 -0.88875 
vn 0.5335 0 -0.8458 
vn 0.496411 0 -0.868087 
vn 0.56959 0 -0.821929 
vn 0.5335 0 -0.8458 
vn 0.604614 0 -0.796519 
vn 0.56959 0 -0.821929 
vn 0.638505 0 -0.769617 
vn 0.604614 0 -0.796519 
vn 0.671201 0 -0.741275 
vn 0.638505 0 -0.769617 
vn 0.702641 0 -0.711545 
vn 0.671201 0 -0.741275 
vn 0.732765 0 -0.680482 
vn 0.702641 0 -0.711545 
vn 0.761516 0 -0.648146 
vn 0.732765 0 -0.680482 
vn 0.788842 0 -0.614596 
vn 0.761516 0 -0.648146 
vn 0.814691 0 -0.579895 
vn 0.788842 0 -0.614596 
vn 0.839015 0 -0.544108 
vn 0.814691 0 -0.579895 
vn 0.861768 0 -0.507303 
vn 0.839015 0 -0.544108 
vn 0.882907 0 -0.469548 
vn 0.861768 0 -0.507303 
vn 0.902393 0 -0.430913 
vn 0.882907 0 -0.469548 
vn 0.92019 0 -0.391472 
vn 0.902393 0 -0.430913 
vn 0.936264 0 -0.351298 
vn 0.92019 0 -0.391472 
vn 0.950584 0 -0.310466 
vn 0.936264 0 -0.351298 
vn 0.950584 0 -0.310466 
f 777//777 778//778 779//779 
f 780//780 777//777 781//781 
f 782//782 780//780 783//783 
f 784//784 782//782 785//785 
f 786//786 784//784 787//787 
f 788//788 786//786 789//789 
f 790//790 788//788 791//791 
f 792//792 790//790 793//793 
f 794//794 792//792 795//795 
f 796//796 794//794 797//797 
f 798//798 796//796 799//799 
f 800//800 798//798 801//801 
f 802//802 800//800 803//803 
f 804//804 802//802 805//805 
f 806//806 804//804 807//807 
f 808//808 806//806 809//809 
f 810//810 808//808 811//811 
f 812//812 810//810 813//813 
f 814//814 812//812 815//815 
f 816//816 814//814 817//817 
f 818//818 816//816 819//819 
f 820//820 818//818 821//821 
f 822//822 820//820 823//823 
f 824//824 822//822 825//825 
f 826//826 824//824 827//827 
f 828//828 826//826 829//829 
f 830//830 828//828 831//831 
f 832//832 830//830 833//833 
f 834//834 832//832 835//835 
f 835//835 836//836 834//834 
f 833//833 835//835 832//832 
f 831//831 833//833 830//830 
f 829//829 831//831 828//828 
f 827//827 829//829 826//826 
f 825//825 827//827 824//824 
f 823//823 825//825 822//822 
f 821//821 823//823 820//820 
f 819//819 821//821 818//818 
f 817//817 819//819 816//816 
f 815//815 817//817 814//814 
f 813//813 815//815 812//812 
f 811//811 813//813 810//810 
f 809//809 811//811 808//808 
f 807//807 809//809 806//806 
f 805//805 807//807 804//804 
f 803//803 805//805 802//802 
f 801//801 803//803 800//800 
f 799//799 801//801 798//798 
f 797//797 799//799 796//796 
f 795//795 797//797 794//794 
f 793//793 795//795 792//792 
f 791//791 793//793 790//790 
f 789//789 791//791 788//788 
f 787//787 789//789 786//786 
f 785//785 787//787 784//784 
f 783//783 785//785 782//782 
f 781//781 783//783 780//780 
f 779//779 781//781 777//777 
o mesh867
v 0.000147108 8.5e-05 0.0101596 
v 0.000149359 8.5e-05 0.0101532 
v 0.000149359 -8.5e-05 0.0101532 
v 0.000144582 8.5e-05 0.010166 
v 0.000147108 -8.5e-05 0.0101596 
v 0.000141784 8.5e-05 0.0101722 
v 0.000144582 -8.5e-05 0.010166 
v 0.000138721 8.5e-05 0.0101782 
v 0.000141784 -8.5e-05 0.0101722 
v 0.000135399 8.5e-05 0.0101842 
v 0.000138721 -8.5e-05 0.0101782 
v 0.000131822 8.5e-05 0.0101899 
v 0.000135399 -8.5e-05 0.0101842 
v 0.000127999 8.5e-05 0.0101956 
v 0.000131822 -8.5e-05 0.0101899 
v 0.000123936 8.5e-05 0.010201 
v 0.000127999 -8.5e-05 0.0101956 
v 0.000119641 8.5e-05 0.0102063 
v 0.000123936 -8.5e-05 0.010201 
v 0.000115122 8.5e-05 0.0102114 
v 0.000119641 -8.5e-05 0.0102063 
v 0.000110387 8.5e-05 0.0102163 
v 0.000115122 -8.5e-05 0.0102114 
v 0.000105445 8.5e-05 0.0102209 
v 0.000110387 -8.5e-05 0.0102163 
v 0.000100306 8.5e-05 0.0102254 
v 0.000105445 -8.5e-05 0.0102209 
v 9.49789e-05 8.5e-05 0.0102296 
v 0.000100306 -8.5e-05 0.0102254 
v 8.94738e-05 8.5e-05 0.0102336 
v 9.49789e-05 -8.5e-05 0.0102296 
v 8.38011e-05 8.5e-05 0.0102374 
v 8.94738e-05 -8.5e-05 0.0102336 
v 7.79714e-05 8.5e-05 0.0102409 
v 8.38011e-05 -8.5e-05 0.0102374 
v 7.19957e-05 8.5e-05 0.0102441 
v 7.79714e-05 -8.5e-05 0.0102409 
v 6.5885e-05 8.5e-05 0.0102471 
v 7.19957e-05 -8.5e-05 0.0102441 
v 5.96509e-05 8.5e-05 0.0102498 
v 6.5885e-05 -8.5e-05 0.0102471 
v 5.33049e-05 8.5e-05 0.0102523 
v 5.96509e-05 -8.5e-05 0.0102498 
v 4.68591e-05 8.5e-05 0.0102544 
v 5.33049e-05 -8.5e-05 0.0102523 
v 4.03254e-05 8.5e-05 0.0102563 
v 4.68591e-05 -8.5e-05 0.0102544 
v 3.37161e-05 8.5e-05 0.0102579 
v 4.03254e-05 -8.5e-05 0.0102563 
v 2.70436e-05 8.5e-05 0.0102592 
v 3.37161e-05 -8.5e-05 0.0102579 
v 2.03204e-05 8.5e-05 0.0102603 
v 2.70436e-05 -8.5e-05 0.0102592 
v 1.3559e-05 8.5e-05 0.010261 
v 2.03204e-05 -8.5e-05 0.0102603 
v 6.77211e-06 8.5e-05 0.0102615 
v 1.3559e-05 -8.5e-05 0.010261 
v -2.75567e-08 8.5e-05 0.0102616 
v 6.77211e-06 -8.5e-05 0.0102615 
v -2.75567e-08 -8.5e-05 0.0102616 
vn -0.936264 0 -0.351298 
vn -0.950584 0 -0.310466 
vn -0.950584 0 -0.310466 
vn -0.92019 0 -0.391472 
vn -0.936264 0 -0.351298 
vn -0.902393 0 -0.430913 
vn -0.92019 0 -0.391472 
vn -0.882907 0 -0.469548 
vn -0.902393 0 -0.430913 
vn -0.861768 0 -0.507303 
vn -0.882907 0 -0.469548 
vn -0.839015 0 -0.544108 
vn -0.861768 0 -0.507303 
vn -0.814691 0 -0.579895 
vn -0.839015 0 -0.544108 
vn -0.788842 0 -0.614596 
vn -0.814691 0 -0.579895 
vn -0.761516 0 -0.648146 
vn -0.788842 0 -0.614596 
vn -0.732765 0 -0.680482 
vn -0.761516 0 -0.648146 
vn -0.702641 0 -0.711545 
vn -0.732765 0 -0.680482 
vn -0.671201 0 -0.741275 
vn -0.702641 0 -0.711545 
vn -0.638505 0 -0.769617 
vn -0.671201 0 -0.741275 
vn -0.604614 0 -0.796519 
vn -0.638505 0 -0.769617 
vn -0.56959 0 -0.821929 
vn -0.604614 0 -0.796519 
vn -0.5335 0 -0.8458 
vn -0.56959 0 -0.821929 
vn -0.496411 0 -0.868087 
vn -0.5335 0 -0.8458 
vn -0.458393 0 -0.88875 
vn -0.496411 0 -0.868087 
vn -0.419516 0 -0.907748 
vn -0.458393 0 -0.88875 
vn -0.379854 0 -0.925046 
vn -0.419516 0 -0.907748 
vn -0.339481 0 -0.940613 
vn -0.379854 0 -0.925046 
vn -0.298472 0 -0.954418 
vn -0.339481 0 -0.940613 
vn -0.256904 0 -0.966437 
vn -0.298472 0 -0.954418 
vn -0.214855 0 -0.976646 
vn -0.256904 0 -0.966437 
vn -0.172404 0 -0.985026 
vn -0.214855 0 -0.976646 
vn -0.129631 0 -0.991562 
vn -0.172404 0 -0.985026 
vn -0.0866141 0 -0.996242 
vn -0.129631 0 -0.991562 
vn -0.0434354 0 -0.999056 
vn -0.0866141 0 -0.996242 
vn -0.000175318 0 -1 
vn -0.0434354 0 -0.999056 
vn -0.000175318 0 -1 
f 837//837 838//838 839//839 
f 840//840 837//837 841//841 
f 842//842 840//840 843//843 
f 844//844 842//842 845//845 
f 846//846 844//844 847//847 
f 848//848 846//846 849//849 
f 850//850 848//848 851//851 
f 852//852 850//850 853//853 
f 854//854 852//852 855//855 
f 856//856 854//854 857//857 
f 858//858 856//856 859//859 
f 860//860 858//858 861//861 
f 862//862 860//860 863//863 
f 864//864 862//862 865//865 
f 866//866 864//864 867//867 
f 868//868 866//866 869//869 
f 870//870 868//868 871//871 
f 872//872 870//870 873//873 
f 874//874 872//872 875//875 
f 876//876 874//874 877//877 
f 878//878 876//876 879//879 
f 880//880 878//878 881//881 
f 882//882 880//880 883//883 
f 884//884 882//882 885//885 
f 886//886 884//884 887//887 
f 888//888 886//886 889//889 
f 890//890 888//888 891//891 
f 892//892 890//890 893//893 
f 894//894 892//892 895//895 
f 895//895 896//896 894//894 
f 893//893 895//895 892//892 
f 891//891 893//893 890//890 
f 889//889 891//891 888//888 
f 887//887 889//889 886//886 
f 885//885 887//887 884//884 
f 883//883 885//885 882//882 
f 881//881 883//883 880//880 
f 879//879 881//881 878//878 
f 877//877 879//879 876//876 
f 875//875 877//877 874//874 
f 873//873 875//875 872//872 
f 871//871 873//873 870//870 
f 869//869 871//871 868//868 
f 867//867 869//869 866//866 
f 865//865 867//867 864//864 
f 863//863 865//865 862//862 
f 861//861 863//863 860//860 
f 859//859 861//861 858//858 
f 857//857 859//859 856//856 
f 855//855 857//857 854//854 
f 853//853 855//855 852//852 
f 851//851 853//853 850//850 
f 849//849 851//851 848//848 
f 847//847 849//849 846//846 
f 845//845 847//847 844//844 
f 843//843 845//845 842//842 
f 841//841 843//843 840//840 
f 839//839 841//841 837//837 
o mesh868
v 0.000268517 8.5e-05 0.00944578 
v 0.000274972 8.5e-05 0.00930221 
v 0.000274972 -8.5e-05 0.00930221 
v 0.000256232 8.5e-05 0.00958898 
v 0.000268517 -8.5e-05 0.00944578 
v 0.00023814 8.5e-05 0.00973155 
v 0.000256232 -8.5e-05 0.00958898 
v 0.000214269 8.5e-05 0.00987327 
v 0.00023814 -8.5e-05 0.00973155 
v 0.000184659 8.5e-05 0.0100139 
v 0.000214269 -8.5e-05 0.00987327 
v 0.000149359 8.5e-05 0.0101532 
v 0.000184659 -8.5e-05 0.0100139 
v 0.000149359 -8.5e-05 0.0101532 
vn -0.997872 0 -0.0652109 
vn -0.999697 0 -0.0246098 
vn -0.999697 0 -0.0246098 
vn -0.994398 0 -0.105704 
vn -0.997872 0 -0.0652109 
vn -0.989281 0 -0.146023 
vn -0.994398 0 -0.105704 
vn -0.982531 0 -0.186101 
vn -0.989281 0 -0.146023 
vn -0.974157 0 -0.225871 
vn -0.982531 0 -0.186101 
vn -0.964175 0 -0.265268 
vn -0.974157 0 -0.225871 
vn -0.964175 0 -0.265268 
f 897//897 898//898 899//899 
f 900//900 897//897 901//901 
f 902//902 900//900 903//903 
f 904//904 902//902 905//905 
f 906//906 904//904 907//907 
f 908//908 906//906 909//909 
f 909//909 910//910 908//908 
f 907//907 909//909 906//906 
f 905//905 907//907 904//904 
f 903//903 905//905 902//902 
f 901//901 903//903 900//900 
f 899//899 901//901 897//897 
o mesh869
v 0.000274972 -8.5e-05 0.00930221 
v 0.000274972 8.5e-05 0.00930221 
v 0.000274972 8.5e-05 0.00640221 
v 0.000274972 -8.5e-05 0.00640221 
vn -1 0 0 
vn -1 0 0 
vn -1 0 0 
vn -1 0 0 
f 911//911 912//912 913//913 
f 913//913 914//914 911//911 
o mesh870
v 0.000184659 8.5e-05 0.00569052 
v 0.000149359 8.5e-05 0.0055512 
v 0.000149359 -8.5e-05 0.0055512 
v 0.000214269 8.5e-05 0.00583115 
v 0.000184659 -8.5e-05 0.00569052 
v 0.00023814 8.5e-05 0.00597287 
v 0.000214269 -8.5e-05 0.00583115 
v 0.000256232 8.5e-05 0.00611545 
v 0.00023814 -8.5e-05 0.00597287 
v 0.000268517 8.5e-05 0.00625864 
v 0.000256232 -8.5e-05 0.00611545 
v 0.000274972 8.5e-05 0.00640221 
v 0.000268517 -8.5e-05 0.00625864 
v 0.000274972 -8.5e-05 0.00640221 
vn -0.974157 0 0.225871 
vn -0.964175 0 0.265268 
vn -0.964175 0 0.265268 
vn -0.982531 0 0.186101 
vn -0.974157 0 0.225871 
vn -0.989281 0 0.146023 
vn -0.982531 0 0.186101 
vn -0.994398 0 0.105704 
vn -0.989281 0 0.146023 
vn -0.997872 0 0.0652109 
vn -0.994398 0 0.105704 
vn -0.999697 0 0.0246098 
vn -0.997872 0 0.0652109 
vn -0.999697 0 0.0246098 
f 915//915 916//916 917//917 
f 918//918 915//915 919//919 
f 920//920 918//918 921//921 
f 922//922 920//920 923//923 
f 924//924 922//922 925//925 
f 926//926 924//924 927//927 
f 927//927 928//928 926//926 
f 925//925 927//927 924//924 
f 923//923 925//925 922//922 
f 921//921 923//923 920//920 
f 919//919 921//921 918//918 
f 917//917 919//919 915//915 
o mesh871
v -0.000147163 8.5e-05 -5.52175e-05 
v -0.000149414 8.5e-05 -4.87995e-05 
v -0.000149414 -8.5e-05 -4.87995e-05 
v -0.000144637 8.5e-05 -6.15321e-05 
v -0.000147163 -8.5e-05 -5.52175e-05 
v -0.000141839 8.5e-05 -6.77315e-05 
v -0.000144637 -8.5e-05 -6.15321e-05 
v -0.000138776 8.5e-05 -7.38041e-05 
v -0.000141839 -8.5e-05 -6.77315e-05 
v -0.000135454 8.5e-05 -7.97385e-05 
v -0.000138776 -8.5e-05 -7.38041e-05 
v -0.000131877 8.5e-05 -8.55236e-05 
v -0.000135454 -8.5e-05 -7.97385e-05 
v -0.000128054 8.5e-05 -9.11486e-05 
v -0.000131877 -8.5e-05 -8.55236e-05 
v -0.000123991 8.5e-05 -9.66029e-05 
v -0.000128054 -8.5e-05 -9.11486e-05 
v -0.000119696 8.5e-05 -0.000101876 
v -0.000123991 -8.5e-05 -9.66029e-05 
v -0.000115177 8.5e-05 -0.000106959 
v -0.000119696 -8.5e-05 -0.000101876 
v -0.000110442 8.5e-05 -0.000111842 
v -0.000115177 -8.5e-05 -0.000106959 
v -0.0001055 8.5e-05 -0.000116515 
v -0.000110442 -8.5e-05 -0.000111842 
v -0.000100361 8.5e-05 -0.000120969 
v -0.0001055 -8.5e-05 -0.000116515 
v -9.5034e-05 8.5e-05 -0.000125198 
v -0.000100361 -8.5e-05 -0.000120969 
v -8.95289e-05 8.5e-05 -0.000129192 
v -9.5034e-05 -8.5e-05 -0.000125198 
v -8.38562e-05 8.5e-05 -0.000132944 
v -8.95289e-05 -8.5e-05 -0.000129192 
v -7.80266e-05 8.5e-05 -0.000136447 
v -8.38562e-05 -8.5e-05 -0.000132944 
v -7.20508e-05 8.5e-05 -0.000139695 
v -7.80266e-05 -8.5e-05 -0.000136447 
v -6.59401e-05 8.5e-05 -0.000142681 
v -7.20508e-05 -8.5e-05 -0.000139695 
v -5.9706e-05 8.5e-05 -0.0001454 
v -6.59401e-05 -8.5e-05 -0.000142681 
v -5.336e-05 8.5e-05 -0.000147847 
v -5.9706e-05 -8.5e-05 -0.0001454 
v -4.69142e-05 8.5e-05 -0.000150017 
v -5.336e-05 -8.5e-05 -0.000147847 
v -4.03805e-05 8.5e-05 -0.000151906 
v -4.69142e-05 -8.5e-05 -0.000150017 
v -3.37713e-05 8.5e-05 -0.00015351 
v -4.03805e-05 -8.5e-05 -0.000151906 
v -2.70988e-05 8.5e-05 -0.000154828 
v -3.37713e-05 -8.5e-05 -0.00015351 
v -2.03755e-05 8.5e-05 -0.000155855 
v -2.70988e-05 -8.5e-05 -0.000154828 
v -1.36141e-05 8.5e-05 -0.000156591 
v -2.03755e-05 -8.5e-05 -0.000155855 
v -6.82722e-06 8.5e-05 -0.000157033 
v -1.36141e-05 -8.5e-05 -0.000156591 
v -2.75567e-08 8.5e-05 -0.000157181 
v -6.82722e-06 -8.5e-05 -0.000157033 
v -2.75567e-08 -8.5e-05 -0.000157181 
vn 0.936264 0 0.351298 
vn 0.950584 0 0.310466 
vn 0.950584 0 0.310466 
vn 0.92019 0 0.391472 
vn 0.936264 0 0.351298 
vn 0.902393 0 0.430913 
vn 0.92019 0 0.391472 
vn 0.882907 0 0.469548 
vn 0.902393 0 0.430913 
vn 0.861768 0 0.507303 
vn 0.882907 0 0.469548 
vn 0.839015 0 0.544108 
vn 0.861768 0 0.507303 
vn 0.814691 0 0.579895 
vn 0.839015 0 0.544108 
vn 0.788842 0 0.614596 
vn 0.814691 0 0.579895 
vn 0.761516 0 0.648146 
vn 0.788842 0 0.614596 
vn 0.732765 0 0.680482 
vn 0.761516 0 0.648146 
vn 0.702641 0 0.711545 
vn 0.732765 0 0.680482 
vn 0.671201 0 0.741275 
vn 0.702641 0 0.711545 
vn 0.638505 0 0.769617 
vn 0.671201 0 0.741275 
vn 0.604614 0 0.796519 
vn 0.638505 0 0.769617 
vn 0.56959 0 0.821929 
vn 0.604614 0 0.796519 
vn 0.5335 0 0.8458 
vn 0.56959 0 0.821929 
vn 0.496411 0 0.868087 
vn 0.5335 0 0.8458 
vn 0.458393 0 0.88875 
vn 0.496411 0 0.868087 
vn 0.419516 0 0.907748 
vn 0.458393 0 0.88875 
vn 0.379854 0 0.925046 
vn 0.419516 0 0.907748 
vn 0.339481 0 0.940613 
vn 0.379854 0 0.925046 
vn 0.298472 0 0.954418 
vn 0.339481 0 0.940613 
vn 0.256904 0 0.966437 
vn 0.298472 0 0.954418 
vn 0.214855 0 0.976646 
vn 0.256904 0 0.966437 
vn 0.172404 0 0.985026 
vn 0.214855 0 0.976646 
vn 0.129631 0 0.991562 
vn 0.172404 0 0.985026 
vn 0.0866141 0 0.996242 
vn 0.129631 0 0.991562 
vn 0.0434354 0 0.999056 
vn 0.0866141 0 0.996242 
vn 0.000175318 0 1 
vn 0.0434354 0 0.999056 
vn 0.000175318 0 1 
f 929//929 930//930 931//931 
f 932//932 929//929 933//933 
f 934//934 932//932 935//935 
f 936//936 934//934 937//937 
f 938//938 936//936 939//939 
f 940//940 938//938 941//941 
f 942//942 940//940 943//943 
f 944//944 942//942 945//945 
f 946//946 944//944 947//947 
f 948//948 946//946 949//949 
f 950//950 948//948 951//951 
f 952//952 950//950 953//953 
f 954//954 952//952 955//955 
f 956//956 954//954 957//957 
f 958//958 956//956 959//959 
f 960//960 958//958 961//961 
f 962//962 960//960 963//963 
f 964//964 962//962 965//965 
f 966//966 964//964 967//967 
f 968//968 966//966 969//969 
f 970//970 968//968 971//971 
f 972//972 970//970 973//973 
f 974//974 972//972 975//975 
f 976//976 974//974 977//977 
f 978//978 976//976 979//979 
f 980//980 978//978 981//981 
f 982//982 980//980 983//983 
f 984//984 982//982 985//985 
f 986//986 984//984 987//987 
f 987//987 988//988 986//986 
f 985//985 987//987 984//984 
f 983//983 985//985 982//982 
f 981//981 983//983 980//980 
f 979//979 981//981 978//978 
f 977//977 979//979 976//976 
f 975//975 977//977 974//974 
f 973//973 975//975 972//972 
f 971//971 973//973 970//970 
f 969//969 971//971 968//968 
f 967//967 969//969 966//966 
f 965//965 967//967 964//964 
f 963//963 965//965 962//962 
f 961//961 963//963 960//960 
f 959//959 961//961 958//958 
f 957//957 959//959 956//956 
f 955//955 957//957 954//954 
f 953//953 955//955 952//952 
f 951//951 953//953 950//950 
f 949//949 951//951 948//948 
f 947//947 949//949 946//946 
f 945//945 947//947 944//944 
f 943//943 945//945 942//942 
f 941//941 943//943 940//940 
f 939//939 941//941 938//938 
f 937//937 939//939 936//936 
f 935//935 937//937 934//934 
f 933//933 935//935 932//932 
f 931//931 933//933 929//929 
o mesh872
v -0.000268572 8.5e-05 0.000658638 
v -0.000275028 8.5e-05 0.000802211 
v -0.000275028 -8.5e-05 0.000802211 
v -0.000256288 8.5e-05 0.000515446 
v -0.000268572 -8.5e-05 0.000658638 
v -0.000238195 8.5e-05 0.000372872 
v -0.000256288 -8.5e-05 0.000515446 
v -0.000214324 8.5e-05 0.00023115 
v -0.000238195 -8.5e-05 0.000372872 
v -0.000184714 8.5e-05 9.05157e-05 
v -0.000214324 -8.5e-05 0.00023115 
v -0.000149414 8.5e-05 -4.87995e-05 
v -0.000184714 -8.5e-05 9.05157e-05 
v -0.000149414 -8.5e-05 -4.87995e-05 
vn 0.997872 0 0.0652109 
vn 0.999697 0 0.0246098 
vn 0.999697 0 0.0246098 
vn 0.994398 0 0.105704 
vn 0.997872 0 0.0652109 
vn 0.989281 0 0.146023 
vn 0.994398 0 0.105704 
vn 0.982531 0 0.186101 
vn 0.989281 0 0.146023 
vn 0.974157 0 0.225871 
vn 0.982531 0 0.186101 
vn 0.964175 0 0.265268 
vn 0.974157 0 0.225871 
vn 0.964175 0 0.265268 
f 989//989 990//990 991//991 
f 992//992 989//989 993//993 
f 994//994 992//992 995//995 
f 996//996 994//994 997//997 
f 998//998 996//996 999//999 
f 1000//1000 998//998 1001//1001 
f 1001//1001 1002//1002 1000//1000 
f 999//999 1001//1001 998//998 
f 997//997 999//999 996//996 
f 995//995 997//997 994//994 
f 993//993 995//995 992//992 
f 991//991 993//993 989//989 
o mesh873
v -0.000275028 -8.5e-05 0.000802211 
v -0.000275028 8.5e-05 0.000802211 
v -0.000275028 8.5e-05 0.00370221 
v -0.000275028 -8.5e-05 0.00370221 
vn 1 0 0 
vn 1 0 0 
vn 1 0 0 
vn 1 0 0 
f 1003//1003 1004//1004 1005//1005 
f 1005//1005 1006//1006 1003//1003 
o mesh874
v -0.000184714 8.5e-05 0.00441391 
v -0.000149414 8.5e-05 0.00455322 
v -0.000149414 -8.5e-05 0.00455322 
v -0.000214324 8.5e-05 0.00427327 
v -0.000184714 -8.5e-05 0.00441391 
v -0.000238195 8.5e-05 0.00413155 
v -0.000214324 -8.5e-05 0.00427327 
v -0.000256288 8.5e-05 0.00398898 
v -0.000238195 -8.5e-05 0.00413155 
v -0.000268572 8.5e-05 0.00384578 
v -0.000256288 -8.5e-05 0.00398898 
v -0.000275028 8.5e-05 0.00370221 
v -0.000268572 -8.5e-05 0.00384578 
v -0.000275028 -8.5e-05 0.00370221 
vn 0.974157 0 -0.225871 
vn 0.964175 0 -0.265268 
vn 0.964175 0 -0.265268 
vn 0.982531 0 -0.186101 
vn 0.974157 0 -0.225871 
vn 0.989281 0 -0.146023 
vn 0.982531 0 -0.186101 
vn 0.994398 0 -0.105704 
vn 0.989281 0 -0.146023 
vn 0.997872 0 -0.0652109 
vn 0.994398 0 -0.105704 
vn 0.999697 0 -0.0246098 
vn 0.997872 0 -0.0652109 
vn 0.999697 0 -0.0246098 
f 1007//1007 1008//1008 1009//1009 
f 1010//1010 1007//1007 1011//1011 
f 1012//1012 1010//1010 1013//1013 
f 1014//1014 1012//1012 1015//1015 
f 1016//1016 1014//1014 1017//1017 
f 1018//1018 1016//1016 1019//1019 
f 1019//1019 1020//1020 1018//1018 
f 1017//1017 1019//1019 1016//1016 
f 1015//1015 1017//1017 1014//1014 
f 1013//1013 1015//1015 1012//1012 
f 1011//1011 1013//1013 1010//1010 
f 1009//1009 1011//1011 1007//1007 
o mesh875
v -6.82722e-06 8.5e-05 0.00466145 
v -2.75567e-08 8.5e-05 0.0046616 
v -2.75567e-08 -8.5e-05 0.0046616 
v -1.36141e-05 8.5e-05 0.00466101 
v -6.82722e-06 -8.5e-05 0.00466145 
v -2.03755e-05 8.5e-05 0.00466028 
v -1.36141e-05 -8.5e-05 0.00466101 
v -2.70988e-05 8.5e-05 0.00465925 
v -2.03755e-05 -8.5e-05 0.00466028 
v -3.37713e-05 8.5e-05 0.00465793 
v -2.70988e-05 -8.5e-05 0.00465925 
v -4.03805e-05 8.5e-05 0.00465633 
v -3.37713e-05 -8.5e-05 0.00465793 
v -4.69142e-05 8.5e-05 0.00465444 
v -4.03805e-05 -8.5e-05 0.00465633 
v -5.336e-05 8.5e-05 0.00465227 
v -4.69142e-05 -8.5e-05 0.00465444 
v -5.9706e-05 8.5e-05 0.00464982 
v -5.336e-05 -8.5e-05 0.00465227 
v -6.59401e-05 8.5e-05 0.0046471 
v -5.9706e-05 -8.5e-05 0.00464982 
v -7.20508e-05 8.5e-05 0.00464412 
v -6.59401e-05 -8.5e-05 0.0046471 
v -7.80266e-05 8.5e-05 0.00464087 
v -7.20508e-05 -8.5e-05 0.00464412 
v -8.38562e-05 8.5e-05 0.00463737 
v -7.80266e-05 -8.5e-05 0.00464087 
v -8.95289e-05 8.5e-05 0.00463361 
v -8.38562e-05 -8.5e-05 0.00463737 
v -9.5034e-05 8.5e-05 0.00462962 
v -8.95289e-05 -8.5e-05 0.00463361 
v -0.000100361 8.5e-05 0.00462539 
v -9.5034e-05 -8.5e-05 0.00462962 
v -0.0001055 8.5e-05 0.00462094 
v -0.000100361 -8.5e-05 0.00462539 
v -0.000110442 8.5e-05 0.00461626 
v -0.0001055 -8.5e-05 0.00462094 
v -0.000115177 8.5e-05 0.00461138 
v -0.000110442 -8.5e-05 0.00461626 
v -0.000119696 8.5e-05 0.0046063 
v -0.000115177 -8.5e-05 0.00461138 
v -0.000123991 8.5e-05 0.00460102 
v -0.000119696 -8.5e-05 0.0046063 
v -0.000128054 8.5e-05 0.00459557 
v -0.000123991 -8.5e-05 0.00460102 
v -0.000131877 8.5e-05 0.00458995 
v -0.000128054 -8.5e-05 0.00459557 
v -0.000135454 8.5e-05 0.00458416 
v -0.000131877 -8.5e-05 0.00458995 
v -0.000138776 8.5e-05 0.00457823 
v -0.000135454 -8.5e-05 0.00458416 
v -0.000141839 8.5e-05 0.00457215 
v -0.000138776 -8.5e-05 0.00457823 
v -0.000144637 8.5e-05 0.00456595 
v -0.000141839 -8.5e-05 0.00457215 
v -0.000147163 8.5e-05 0.00455964 
v -0.000144637 -8.5e-05 0.00456595 
v -0.000149414 8.5e-05 0.00455322 
v -0.000147163 -8.5e-05 0.00455964 
v -0.000149414 -8.5e-05 0.00455322 
vn 0.0434354 0 -0.999056 
vn 0.000175318 0 -1 
vn 0.000175318 0 -1 
vn 0.0866141 0 -0.996242 
vn 0.0434354 0 -0.999056 
vn 0.129631 0 -0.991562 
vn 0.0866141 0 -0.996242 
vn 0.172404 0 -0.985026 
vn 0.129631 0 -0.991562 
vn 0.214855 0 -0.976646 
vn 0.172404 0 -0.985026 
vn 0.256904 0 -0.966437 
vn 0.214855 0 -0.976646 
vn 0.298472 0 -0.954418 
vn 0.256904 0 -0.966437 
vn 0.339481 0 -0.940613 
vn 0.298472 0 -0.954418 
vn 0.379854 0 -0.925046 
vn 0.339481 0 -0.940613 
vn 0.419516 0 -0.907748 
vn 0.379854 0 -0.925046 
vn 0.458393 0 -0.88875 
vn 0.419516 0 -0.907748 
vn 0.496411 0 -0.868087 
vn 0.458393 0 -0.88875 
vn 0.5335 0 -0.8458 
vn 0.496411 0 -0.868087 
vn 0.56959 0 -0.821929 
vn 0.5335 0 -0.8458 
vn 0.604614 0 -0.796519 
vn 0.56959 0 -0.821929 
vn 0.638505 0 -0.769617 
vn 0.604614 0 -0.796519 
vn 0.671201 0 -0.741275 
vn 0.638505 0 -0.769617 
vn 0.702641 0 -0.711545 
vn 0.671201 0 -0.741275 
vn 0.732765 0 -0.680482 
vn 0.702641 0 -0.711545 
vn 0.761516 0 -0.648146 
vn 0.732765 0 -0.680482 
vn 0.788842 0 -0.614596 
vn 0.761516 0 -0.648146 
vn 0.814691 0 -0.579895 
vn 0.788842 0 -0.614596 
vn 0.839015 0 -0.544108 
vn 0.814691 0 -0.579895 
vn 0.861768 0 -0.507303 
vn 0.839015 0 -0.544108 
vn 0.882907 0 -0.469548 
vn 0.861768 0 -0.507303 
vn 0.902393 0 -0.430913 
vn 0.882907 0 -0.469548 
vn 0.92019 0 -0.391472 
vn 0.902393 0 -0.430913 
vn 0.936264 0 -0.351298 
vn 0.92019 0 -0.391472 
vn 0.950584 0 -0.310466 
vn 0.936264 0 -0.351298 
vn 0.950584 0 -0.310466 
f 1021//1021 1022//1022 1023//1023 
f 1024//1024 1021//1021 1025//1025 
f 1026//1026 1024//1024 1027//1027 
f 1028//1028 1026//1026 1029//1029 
f 1030//1030 1028//1028 1031//1031 
f 1032//1032 1030//1030 1033//1033 
f 1034//1034 1032//1032 1035//1035 
f 1036//1036 1034//1034 1037//1037 
f 1038//1038 1036//1036 1039//1039 
f 1040//1040 1038//1038 1041//1041 
f 1042//1042 1040//1040 1043//1043 
f 1044//1044 1042//1042 1045//1045 
f 1046//1046 1044//1044 1047//1047 
f 1048//1048 1046//1046 1049//1049 
f 1050//1050 1048//1048 1051//1051 
f 1052//1052 1050//1050 1053//1053 
f 1054//1054 1052//1052 1055//1055 
f 1056//1056 1054//1054 1057//1057 
f 1058//1058 1056//1056 1059//1059 
f 1060//1060 1058//1058 1061//1061 
f 1062//1062 1060//1060 1063//1063 
f 1064//1064 1062//1062 1065//1065 
f 1066//1066 1064//1064 1067//1067 
f 1068//1068 1066//1066 1069//1069 
f 1070//1070 1068//1068 1071//1071 
f 1072//1072 1070//1070 1073//1073 
f 1074//1074 1072//1072 1075//1075 
f 1076//1076 1074//1074 1077//1077 
f 1078//1078 1076//1076 1079//1079 
f 1079//1079 1080//1080 1078//1078 
f 1077//1077 1079//1079 1076//1076 
f 1075//1075 1077//1077 1074//1074 
f 1073//1073 1075//1075 1072//1072 
f 1071//1071 1073//1073 1070//1070 
f 1069//1069 1071//1071 1068//1068 
f 1067//1067 1069//1069 1066//1066 
f 1065//1065 1067//1067 1064//1064 
f 1063//1063 1065//1065 1062//1062 
f 1061//1061 1063//1063 1060//1060 
f 1059//1059 1061//1061 1058//1058 
f 1057//1057 1059//1059 1056//1056 
f 1055//1055 1057//1057 1054//1054 
f 1053//1053 1055//1055 1052//1052 
f 1051//1051 1053//1053 1050//1050 
f 1049//1049 1051//1051 1048//1048 
f 1047//1047 1049//1049 1046//1046 
f 1045//1045 1047//1047 1044//1044 
f 1043//1043 1045//1045 1042//1042 
f 1041//1041 1043//1043 1040//1040 
f 1039//1039 1041//1041 1038//1038 
f 1037//1037 1039//1039 1036//1036 
f 1035//1035 1037//1037 1034//1034 
f 1033//1033 1035//1035 1032//1032 
f 1031//1031 1033//1033 1030//1030 
f 1029//1029 1031//1031 1028//1028 
f 1027//1027 1029//1029 1026//1026 
f 1025//1025 1027//1027 1024//1024 
f 1023//1023 1025//1025 1021//1021 
o mesh876
v 0.000147108 8.5e-05 0.00455964 
v 0.000149359 8.5e-05 0.00455322 
v 0.000149359 -8.5e-05 0.00455322 
v 0.000144582 8.5e-05 0.00456595 
v 0.000147108 -8.5e-05 0.00455964 
v 0.000141784 8.5e-05 0.00457215 
v 0.000144582 -8.5e-05 0.00456595 
v 0.000138721 8.5e-05 0.00457823 
v 0.000141784 -8.5e-05 0.00457215 
v 0.000135399 8.5e-05 0.00458416 
v 0.000138721 -8.5e-05 0.00457823 
v 0.000131822 8.5e-05 0.00458995 
v 0.000135399 -8.5e-05 0.00458416 
v 0.000127999 8.5e-05 0.00459557 
v 0.000131822 -8.5e-05 0.00458995 
v 0.000123936 8.5e-05 0.00460102 
v 0.000127999 -8.5e-05 0.00459557 
v 0.000119641 8.5e-05 0.0046063 
v 0.000123936 -8.5e-05 0.00460102 
v 0.000115122 8.5e-05 0.00461138 
v 0.000119641 -8.5e-05 0.0046063 
v 0.000110387 8.5e-05 0.00461626 
v 0.000115122 -8.5e-05 0.00461138 
v 0.000105445 8.5e-05 0.00462094 
v 0.000110387 -8.5e-05 0.00461626 
v 0.000100306 8.5e-05 0.00462539 
v 0.000105445 -8.5e-05 0.00462094 
v 9.49789e-05 8.5e-05 0.00462962 
v 0.000100306 -8.5e-05 0.00462539 
v 8.94738e-05 8.5e-05 0.00463361 
v 9.49789e-05 -8.5e-05 0.00462962 
v 8.38011e-05 8.5e-05 0.00463737 
v 8.94738e-05 -8.5e-05 0.00463361 
v 7.79714e-05 8.5e-05 0.00464087 
v 8.38011e-05 -8.5e-05 0.00463737 
v 7.19957e-05 8.5e-05 0.00464412 
v 7.79714e-05 -8.5e-05 0.00464087 
v 6.5885e-05 8.5e-05 0.0046471 
v 7.19957e-05 -8.5e-05 0.00464412 
v 5.96509e-05 8.5e-05 0.00464982 
v 6.5885e-05 -8.5e-05 0.0046471 
v 5.33049e-05 8.5e-05 0.00465227 
v 5.96509e-05 -8.5e-05 0.00464982 
v 4.68591e-05 8.5e-05 0.00465444 
v 5.33049e-05 -8.5e-05 0.00465227 
v 4.03254e-05 8.5e-05 0.00465633 
v 4.68591e-05 -8.5e-05 0.00465444 
v 3.37161e-05 8.5e-05 0.00465793 
v 4.03254e-05 -8.5e-05 0.00465633 
v 2.70436e-05 8.5e-05 0.00465925 
v 3.37161e-05 -8.5e-05 0.00465793 
v 2.03204e-05 8.5e-05 0.00466028 
v 2.70436e-05 -8.5e-05 0.00465925 
v 1.3559e-05 8.5e-05 0.00466101 
v 2.03204e-05 -8.5e-05 0.00466028 
v 6.77211e-06 8.5e-05 0.00466145 
v 1.3559e-05 -8.5e-05 0.00466101 
v -2.75567e-08 8.5e-05 0.0046616 
v 6.77211e-06 -8.5e-05 0.00466145 
v -2.75567e-08 -8.5e-05 0.0046616 
vn -0.936264 0 -0.351298 
vn -0.950584 0 -0.310466 
vn -0.950584 0 -0.310466 
vn -0.92019 0 -0.391472 
vn -0.936264 0 -0.351298 
vn -0.902393 0 -0.430913 
vn -0.92019 0 -0.391472 
vn -0.882907 0 -0.469548 
vn -0.902393 0 -0.430913 
vn -0.861768 0 -0.507303 
vn -0.882907 0 -0.469548 
vn -0.839015 0 -0.544108 
vn -0.861768 0 -0.507303 
vn -0.814691 0 -0.579895 
vn -0.839015 0 -0.544108 
vn -0.788842 0 -0.614596 
vn -0.814691 0 -0.579895 
vn -0.761516 0 -0.648146 
vn -0.788842 0 -0.614596 
vn -0.732765 0 -0.680482 
vn -0.761516 0 -0.648146 
vn -0.702641 0 -0.711545 
vn -0.732765 0 -0.680482 
vn -0.671201 0 -0.741275 
vn -0.702641 0 -0.711545 
vn -0.638505 0 -0.769617 
vn -0.671201 0 -0.741275 
vn -0.604614 0 -0.796519 
vn -0.638505 0 -0.769617 
vn -0.56959 0 -0.821929 
vn -0.604614 0 -0.796519 
vn -0.5335 0 -0.8458 
vn -0.56959 0 -0.821929 
vn -0.496411 0 -0.868087 
vn -0.5335 0 -0.8458 
vn -0.458393 0 -0.88875 
vn -0.496411 0 -0.868087 
vn -0.419516 0 -0.907748 
vn -0.458393 0 -0.88875 
vn -0.379854 0 -0.925046 
vn -0.419516 0 -0.907748 
vn -0.339481 0 -0.940613 
vn -0.379854 0 -0.925046 
vn -0.298472 0 -0.954418 
vn -0.339481 0 -0.940613 
vn -0.256904 0 -0.966437 
vn -0.298472 0 -0.954418 
vn -0.214855 0 -0.976646 
vn -0.256904 0 -0.966437 
vn -0.172404 0 -0.985026 
vn -0.214855 0 -0.976646 
vn -0.129631 0 -0.991562 
vn -0.172404 0 -0.985026 
vn -0.0866141 0 -0.996242 
vn -0.129631 0 -0.991562 
vn -0.0434354 0 -0.999056 
vn -0.0866141 0 -0.996242 
vn -0.000175318 0 -1 
vn -0.0434354 0 -0.999056 
vn -0.000175318 0 -1 
f 1081//1081 1082//1082 1083//1083 
f 1084//1084 1081//1081 1085//1085 
f 1086//1086 1084//1084 1087//1087 
f 1088//1088 1086//1086 1089//1089 
f 1090//1090 1088//1088 1091//1091 
f 1092//1092 1090//1090 1093//1093 
f 1094//1094 1092//1092 1095//1095 
f 1096//1096 1094//1094 1097//1097 
f 1098//1098 1096//1096 1099//1099 
f 1100//1100 1098//1098 1101//1101 
f 1102//1102 1100//1100 1103//1103 
f 1104//1104 1102//1102 1105//1105 
f 1106//1106 1104//1104 1107//1107 
f 1108//1108 1106//1106 1109//1109 
f 1110//1110 1108//1108 1111//1111 
f 1112//1112 1110//1110 1113//1113 
f 1114//1114 1112//1112 1115//1115 
f 1116//1116 1114//1114 1117//1117 
f 1118//1118 1116//1116 1119//1119 
f 1120//1120 1118//1118 1121//1121 
f 1122//1122 1120//1120 1123//1123 
f 1124//1124 1122//1122 1125//1125 
f 1126//1126 1124//1124 1127//1127 
f 1128//1128 1126//1126 1129//1129 
f 1130//1130 1128//1128 1131//1131 
f 1132//1132 1130//1130 1133//1133 
f 1134//1134 1132//1132 1135//1135 
f 1136//1136 1134//1134 1137//1137 
f 1138//1138 1136//1136 1139//1139 
f 1139//1139 1140//1140 1138//1138 
f 1137//1137 1139//1139 1136//1136 
f 1135//1135 1137//1137 1134//1134 
f 1133//1133 1135//1135 1132//1132 
f 1131//1131 1133//1133 1130//1130 
f 1129//1129 1131//1131 1128//1128 
f 1127//1127 1129//1129 1126//1126 
f 1125//1125 1127//1127 1124//1124 
f 1123//1123 1125//1125 1122//1122 
f 1121//1121 1123//1123 1120//1120 
f 1119//1119 1121//1121 1118//1118 
f 1117//1117 1119//1119 1116//1116 
f 1115//1115 1117//1117 1114//1114 
f 1113//1113 1115//1115 1112//1112 
f 1111//1111 1113//1113 1110//1110 
f 1109//1109 1111//1111 1108//1108 
f 1107//1107 1109//1109 1106//1106 
f 1105//1105 1107//1107 1104//1104 
f 1103//1103 1105//1105 1102//1102 
f 1101//1101 1103//1103 1100//1100 
f 1099//1099 1101//1101 1098//1098 
f 1097//1097 1099//1099 1096//1096 
f 1095//1095 1097//1097 1094//1094 
f 1093//1093 1095//1095 1092//1092 
f 1091//1091 1093//1093 1090//1090 
f 1089//1089 1091//1091 1088//1088 
f 1087//1087 1089//1089 1086//1086 
f 1085//1085 1087//1087 1084//1084 
f 1083//1083 1085//1085 1081//1081 
o mesh877
v 0.000268517 8.5e-05 0.00384578 
v 0.000274972 8.5e-05 0.00370221 
v 0.000274972 -8.5e-05 0.00370221 
v 0.000256232 8.5e-05 0.00398898 
v 0.000268517 -8.5e-05 0.00384578 
v 0.00023814 8.5e-05 0.00413155 
v 0.000256232 -8.5e-05 0.00398898 
v 0.000214269 8.5e-05 0.00427327 
v 0.00023814 -8.5e-05 0.00413155 
v 0.000184659 8.5e-05 0.00441391 
v 0.000214269 -8.5e-05 0.00427327 
v 0.000149359 8.5e-05 0.00455322 
v 0.000184659 -8.5e-05 0.00441391 
v 0.000149359 -8.5e-05 0.00455322 
vn -0.997872 0 -0.0652109 
vn -0.999697 0 -0.0246098 
vn -0.999697 0 -0.0246098 
vn -0.994398 0 -0.105704 
vn -0.997872 0 -0.0652109 
vn -0.989281 0 -0.146023 
vn -0.994398 0 -0.105704 
vn -0.982531 0 -0.186101 
vn -0.989281 0 -0.146023 
vn -0.974157 0 -0.225871 
vn -0.982531 0 -0.186101 
vn -0.964175 0 -0.265268 
vn -0.974157 0 -0.225871 
vn -0.964175 0 -0.265268 
f 1141//1141 1142//1142 1143//1143 
f 1144//1144 1141//1141 1145//1145 
f 1146//1146 1144//1144 1147//1147 
f 1148//1148 1146//1146 1149//1149 
f 1150//1150 1148//1148 1151//1151 
f 1152//1152 1150//1150 1153//1153 
f 1153//1153 1154//1154 1152//1152 
f 1151//1151 1153//1153 1150//1150 
f 1149//1149 1151//1151 1148//1148 
f 1147//1147 1149//1149 1146//1146 
f 1145//1145 1147//1147 1144//1144 
f 1143//1143 1145//1145 1141//1141 
o mesh878
v 0.000274972 -8.5e-05 0.00370221 
v 0.000274972 8.5e-05 0.00370221 
v 0.000274972 8.5e-05 0.000802211 
v 0.000274972 -8.5e-05 0.000802211 
vn -1 0 0 
vn -1 0 0 
vn -1 0 0 
vn -1 0 0 
f 1155//1155 1156//1156 1157//1157 
f 1157//1157 1158//1158 1155//1155 
o mesh879
v 0.000184659 8.5e-05 9.05157e-05 
v 0.000149359 8.5e-05 -4.87995e-05 
v 0.000149359 -8.5e-05 -4.87995e-05 
v 0.000214269 8.5e-05 0.00023115 
v 0.000184659 -8.5e-05 9.05157e-05 
v 0.00023814 8.5e-05 0.000372872 
v 0.000214269 -8.5e-05 0.00023115 
v 0.000256232 8.5e-05 0.000515446 
v 0.00023814 -8.5e-05 0.000372872 
v 0.000268517 8.5e-05 0.000658638 
v 0.000256232 -8.5e-05 0.000515446 
v 0.000274972 8.5e-05 0.000802211 
v 0.000268517 -8.5e-05 0.000658638 
v 0.000274972 -8.5e-05 0.000802211 
vn -0.974157 0 0.225871 
vn -0.964175 0 0.265268 
vn -0.964175 0 0.265268 
vn -0.982531 0 0.186101 
vn -0.974157 0 0.225871 
vn -0.989281 0 0.146023 
vn -0.982531 0 0.186101 
vn -0.994398 0 0.105704 
vn -0.989281 0 0.146023 
vn -0.997872 0 0.0652109 
vn -0.994398 0 0.105704 
vn -0.999697 0 0.0246098 
vn -0.997872 0 0.0652109 
vn -0.999697 0 0.0246098 
f 1159//1159 1160//1160 1161//1161 
f 1162//1162 1159//1159 1163//1163 
f 1164//1164 1162//1162 1165//1165 
f 1166//1166 1164//1164 1167//1167 
f 1168//1168 1166//1166 1169//1169 
f 1170//1170 1168//1168 1171//1171 
f 1171//1171 1172//1172 1170//1170 
f 1169//1169 1171//1171 1168//1168 
f 1167//1167 1169//1169 1166//1166 
f 1165//1165 1167//1167 1164//1164 
f 1163//1163 1165//1165 1162//1162 
f 1161//1161 1163//1163 1159//1159 
o mesh880
v 6.77211e-06 8.5e-05 0.00544297 
v -2.75567e-08 8.5e-05 0.00544282 
v -2.75567e-08 -8.5e-05 0.00544282 
v 1.3559e-05 8.5e-05 0.00544341 
v 6.77211e-06 -8.5e-05 0.00544297 
v 2.03204e-05 8.5e-05 0.00544414 
v 1.3559e-05 -8.5e-05 0.00544341 
v 2.70436e-05 8.5e-05 0.00544517 
v 2.03204e-05 -8.5e-05 0.00544414 
v 3.37161e-05 8.5e-05 0.00544649 
v 2.70436e-05 -8.5e-05 0.00544517 
v 4.03254e-05 8.5e-05 0.00544809 
v 3.37161e-05 -8.5e-05 0.00544649 
v 4.68591e-05 8.5e-05 0.00544998 
v 4.03254e-05 -8.5e-05 0.00544809 
v 5.33049e-05 8.5e-05 0.00545215 
v 4.68591e-05 -8.5e-05 0.00544998 
v 5.96509e-05 8.5e-05 0.0054546 
v 5.33049e-05 -8.5e-05 0.00545215 
v 6.5885e-05 8.5e-05 0.00545732 
v 5.96509e-05 -8.5e-05 0.0054546 
v 7.19957e-05 8.5e-05 0.00546031 
v 6.5885e-05 -8.5e-05 0.00545732 
v 7.79714e-05 8.5e-05 0.00546355 
v 7.19957e-05 -8.5e-05 0.00546031 
v 8.38011e-05 8.5e-05 0.00546706 
v 7.79714e-05 -8.5e-05 0.00546355 
v 8.94738e-05 8.5e-05 0.00547081 
v 8.38011e-05 -8.5e-05 0.00546706 
v 9.49789e-05 8.5e-05 0.0054748 
v 8.94738e-05 -8.5e-05 0.00547081 
v 0.000100306 8.5e-05 0.00547903 
v 9.49789e-05 -8.5e-05 0.0054748 
v 0.000105445 8.5e-05 0.00548349 
v 0.000100306 -8.5e-05 0.00547903 
v 0.000110387 8.5e-05 0.00548816 
v 0.000105445 -8.5e-05 0.00548349 
v 0.000115122 8.5e-05 0.00549304 
v 0.000110387 -8.5e-05 0.00548816 
v 0.000119641 8.5e-05 0.00549812 
v 0.000115122 -8.5e-05 0.00549304 
v 0.000123936 8.5e-05 0.0055034 
v 0.000119641 -8.5e-05 0.00549812 
v 0.000127999 8.5e-05 0.00550885 
v 0.000123936 -8.5e-05 0.0055034 
v 0.000131822 8.5e-05 0.00551448 
v 0.000127999 -8.5e-05 0.00550885 
v 0.000135399 8.5e-05 0.00552026 
v 0.000131822 -8.5e-05 0.00551448 
v 0.000138721 8.5e-05 0.0055262 
v 0.000135399 -8.5e-05 0.00552026 
v 0.000141784 8.5e-05 0.00553227 
v 0.000138721 -8.5e-05 0.0055262 
v 0.000144582 8.5e-05 0.00553847 
v 0.000141784 -8.5e-05 0.00553227 
v 0.000147108 8.5e-05 0.00554478 
v 0.000144582 -8.5e-05 0.00553847 
v 0.000149359 8.5e-05 0.0055512 
v 0.000147108 -8.5e-05 0.00554478 
v 0.000149359 -8.5e-05 0.0055512 
vn -0.0434354 0 0.999056 
vn -0.000175318 0 1 
vn -0.000175318 0 1 
vn -0.0866141 0 0.996242 
vn -0.0434354 0 0.999056 
vn -0.129631 0 0.991562 
vn -0.0866141 0 0.996242 
vn -0.172404 0 0.985026 
vn -0.129631 0 0.991562 
vn -0.214855 0 0.976646 
vn -0.172404 0 0.985026 
vn -0.256904 0 0.966437 
vn -0.214855 0 0.976646 
vn -0.298472 0 0.954418 
vn -0.256904 0 0.966437 
vn -0.339481 0 0.940613 
vn -0.298472 0 0.954418 
vn -0.379854 0 0.925046 
vn -0.339481 0 0.940613 
vn -0.419516 0 0.907748 
vn -0.379854 0 0.925046 
vn -0.458393 0 0.88875 
vn -0.419516 0 0.907748 
vn -0.496411 0 0.868087 
vn -0.458393 0 0.88875 
vn -0.5335 0 0.8458 
vn -0.496411 0 0.868087 
vn -0.56959 0 0.821929 
vn -0.5335 0 0.8458 
vn -0.604614 0 0.796519 
vn -0.56959 0 0.821929 
vn -0.638505 0 0.769617 
vn -0.604614 0 0.796519 
vn -0.671201 0 0.741275 
vn -0.638505 0 0.769617 
vn -0.702641 0 0.711545 
vn -0.671201 0 0.741275 
vn -0.732765 0 0.680482 
vn -0.702641 0 0.711545 
vn -0.761516 0 0.648146 
vn -0.732765 0 0.680482 
vn -0.788842 0 0.614596 
vn -0.761516 0 0.648146 
vn -0.814691 0 0.579895 
vn -0.788842 0 0.614596 
vn -0.839015 0 0.544108 
vn -0.814691 0 0.579895 
vn -0.861768 0 0.507303 
vn -0.839015 0 0.544108 
vn -0.882907 0 0.469548 
vn -0.861768 0 0.507303 
vn -0.902393 0 0.430913 
vn -0.882907 0 0.469548 
vn -0.92019 0 0.391472 
vn -0.902393 0 0.430913 
vn -0.936264 0 0.351298 
vn -0.92019 0 0.391472 
vn -0.950584 0 0.310466 
vn -0.936264 0 0.351298 
vn -0.950584 0 0.310466 
f 1173//1173 1174//1174 1175//1175 
f 1176//1176 1173//1173 1177//1177 
f 1178//1178 1176//1176 1179//1179 
f 1180//1180 1178//1178 1181//1181 
f 1182//1182 1180//1180 1183//1183 
f 1184//1184 1182//1182 1185//1185 
f 1186//1186 1184//1184 1187//1187 
f 1188//1188 1186//1186 1189//1189 
f 1190//1190 1188//1188 1191//1191 
f 1192//1192 1190//1190 1193//1193 
f 1194//1194 1192//1192 1195//1195 
f 1196//1196 1194//1194 1197//1197 
f 1198//1198 1196//1196 1199//1199 
f 1200//1200 1198//1198 1201//1201 
f 1202//1202 1200//1200 1203//1203 
f 1204//1204 1202//1202 1205//1205 
f 1206//1206 1204//1204 1207//1207 
f 1208//1208 1206//1206 1209//1209 
f 1210//1210 1208//1208 1211//1211 
f 1212//1212 1210//1210 1213//1213 
f 1214//1214 1212//1212 1215//1215 
f 1216//1216 1214//1214 1217//1217 
f 1218//1218 1216//1216 1219//1219 
f 1220//1220 1218//1218 1221//1221 
f 1222//1222 1220//1220 1223//1223 
f 1224//1224 1222//1222 1225//1225 
f 1226//1226 1224//1224 1227//1227 
f 1228//1228 1226//1226 1229//1229 
f 1230//1230 1228//1228 1231//1231 
f 1231//1231 1232//1232 1230//1230 
f 1229//1229 1231//1231 1228//1228 
f 1227//1227 1229//1229 1226//1226 
f 1225//1225 1227//1227 1224//1224 
f 1223//1223 1225//1225 1222//1222 
f 1221//1221 1223//1223 1220//1220 
f 1219//1219 1221//1221 1218//1218 
f 1217//1217 1219//1219 1216//1216 
f 1215//1215 1217//1217 1214//1214 
f 1213//1213 1215//1215 1212//1212 
f 1211//1211 1213//1213 1210//1210 
f 1209//1209 1211//1211 1208//1208 
f 1207//1207 1209//1209 1206//1206 
f 1205//1205 1207//1207 1204//1204 
f 1203//1203 1205//1205 1202//1202 
f 1201//1201 1203//1203 1200//1200 
f 1199//1199 1201//1201 1198//1198 
f 1197//1197 1199//1199 1196//1196 
f 1195//1195 1197//1197 1194//1194 
f 1193//1193 1195//1195 1192//1192 
f 1191//1191 1193//1193 1190//1190 
f 1189//1189 1191//1191 1188//1188 
f 1187//1187 1189//1189 1186//1186 
f 1185//1185 1187//1187 1184//1184 
f 1183//1183 1185//1185 1182//1182 
f 1181//1181 1183//1183 1180//1180 
f 1179//1179 1181//1181 1178//1178 
f 1177//1177 1179//1179 1176//1176 
f 1175//1175 1177//1177 1173//1173 
o mesh881
v 6.77211e-06 8.5e-05 -0.000157033 
v -2.75567e-08 8.5e-05 -0.000157181 
v -2.75567e-08 -8.5e-05 -0.000157181 
v 1.3559e-05 8.5e-05 -0.000156591 
v 6.77211e-06 -8.5e-05 -0.000157033 
v 2.03204e-05 8.5e-05 -0.000155855 
v 1.3559e-05 -8.5e-05 -0.000156591 
v 2.70436e-05 8.5e-05 -0.000154828 
v 2.03204e-05 -8.5e-05 -0.000155855 
v 3.37161e-05 8.5e-05 -0.00015351 
v 2.70436e-05 -8.5e-05 -0.000154828 
v 4.03254e-05 8.5e-05 -0.000151906 
v 3.37161e-05 -8.5e-05 -0.00015351 
v 4.68591e-05 8.5e-05 -0.000150017 
v 4.03254e-05 -8.5e-05 -0.000151906 
v 5.33049e-05 8.5e-05 -0.000147847 
v 4.68591e-05 -8.5e-05 -0.000150017 
v 5.96509e-05 8.5e-05 -0.0001454 
v 5.33049e-05 -8.5e-05 -0.000147847 
v 6.5885e-05 8.5e-05 -0.000142681 
v 5.96509e-05 -8.5e-05 -0.0001454 
v 7.19957e-05 8.5e-05 -0.000139695 
v 6.5885e-05 -8.5e-05 -0.000142681 
v 7.79714e-05 8.5e-05 -0.000136447 
v 7.19957e-05 -8.5e-05 -0.000139695 
v 8.38011e-05 8.5e-05 -0.000132944 
v 7.79714e-05 -8.5e-05 -0.000136447 
v 8.94738e-05 8.5e-05 -0.000129192 
v 8.38011e-05 -8.5e-05 -0.000132944 
v 9.49789e-05 8.5e-05 -0.000125198 
v 8.94738e-05 -8.5e-05 -0.000129192 
v 0.000100306 8.5e-05 -0.000120969 
v 9.49789e-05 -8.5e-05 -0.000125198 
v 0.000105445 8.5e-05 -0.000116515 
v 0.000100306 -8.5e-05 -0.000120969 
v 0.000110387 8.5e-05 -0.000111842 
v 0.000105445 -8.5e-05 -0.000116515 
v 0.000115122 8.5e-05 -0.000106959 
v 0.000110387 -8.5e-05 -0.000111842 
v 0.000119641 8.5e-05 -0.000101876 
v 0.000115122 -8.5e-05 -0.000106959 
v 0.000123936 8.5e-05 -9.66029e-05 
v 0.000119641 -8.5e-05 -0.000101876 
v 0.000127999 8.5e-05 -9.11486e-05 
v 0.000123936 -8.5e-05 -9.66029e-05 
v 0.000131822 8.5e-05 -8.55236e-05 
v 0.000127999 -8.5e-05 -9.11486e-05 
v 0.000135399 8.5e-05 -7.97385e-05 
v 0.000131822 -8.5e-05 -8.55236e-05 
v 0.000138721 8.5e-05 -7.38041e-05 
v 0.000135399 -8.5e-05 -7.97385e-05 
v 0.000141784 8.5e-05 -6.77315e-05 
v 0.000138721 -8.5e-05 -7.38041e-05 
v 0.000144582 8.5e-05 -6.15321e-05 
v 0.000141784 -8.5e-05 -6.77315e-05 
v 0.000147108 8.5e-05 -5.52175e-05 
v 0.000144582 -8.5e-05 -6.15321e-05 
v 0.000149359 8.5e-05 -4.87995e-05 
v 0.000147108 -8.5e-05 -5.52175e-05 
v 0.000149359 -8.5e-05 -4.87995e-05 
vn -0.0434354 0 0.999056 
vn -0.000175318 0 1 
vn -0.000175318 0 1 
vn -0.0866141 0 0.996242 
vn -0.0434354 0 0.999056 
vn -0.129631 0 0.991562 
vn -0.0866141 0 0.996242 
vn -0.172404 0 0.985026 
vn -0.129631 0 0.991562 
vn -0.214855 0 0.976646 
vn -0.172404 0 0.985026 
vn -0.256904 0 0.966437 
vn -0.214855 0 0.976646 
vn -0.298472 0 0.954418 
vn -0.256904 0 0.966437 
vn -0.339481 0 0.940613 
vn -0.298472 0 0.954418 
vn -0.379854 0 0.925046 
vn -0.339481 0 0.940613 
vn -0.419516 0 0.907748 
vn -0.379854 0 0.925046 
vn -0.458393 0 0.88875 
vn -0.419516 0 0.907748 
vn -0.496411 0 0.868087 
vn -0.458393 0 0.88875 
vn -0.5335 0 0.8458 
vn -0.496411 0 0.868087 
vn -0.56959 0 0.821929 
vn -0.5335 0 0.8458 
vn -0.604614 0 0.796519 
vn -0.56959 0 0.821929 
vn -0.638505 0 0.769617 
vn -0.604614 0 0.796519 
vn -0.671201 0 0.741275 
vn -0.638505 0 0.769617 
vn -0.702641 0 0.711545 
vn -0.671201 0 0.741275 
vn -0.732765 0 0.680482 
vn -0.702641 0 0.711545 
vn -0.761516 0 0.648146 
vn -0.732765 0 0.680482 
vn -0.788842 0 0.614596 
vn -0.761516 0 0.648146 
vn -0.814691 0 0.579895 
vn -0.788842 0 0.614596 
vn -0.839015 0 0.544108 
vn -0.814691 0 0.579895 
vn -0.861768 0 0.507303 
vn -0.839015 0 0.544108 
vn -0.882907 0 0.469548 
vn -0.861768 0 0.507303 
vn -0.902393 0 0.430913 
vn -0.882907 0 0.469548 
vn -0.92019 0 0.391472 
vn -0.902393 0 0.430913 
vn -0.936264 0 0.351298 
vn -0.92019 0 0.391472 
vn -0.950584 0 0.310466 
vn -0.936264 0 0.351298 
vn -0.950584 0 0.310466 
f 1233//1233 1234//1234 1235//1235 
f 1236//1236 1233//1233 1237//1237 
f 1238//1238 1236//1236 1239//1239 
f 1240//1240 1238//1238 1241//1241 
f 1242//1242 1240//1240 1243//1243 
f 1244//1244 1242//1242 1245//1245 
f 1246//1246 1244//1244 1247//1247 
f 1248//1248 1246//1246 1249//1249 
f 1250//1250 1248//1248 1251//1251 
f 1252//1252 1250//1250 1253//1253 
f 1254//1254 1252//1252 1255//1255 
f 1256//1256 1254//1254 1257//1257 
f 1258//1258 1256//1256 1259//1259 
f 1260//1260 1258//1258 1261//1261 
f 1262//1262 1260//1260 1263//1263 
f 1264//1264 1262//1262 1265//1265 
f 1266//1266 1264//1264 1267//1267 
f 1268//1268 1266//1266 1269//1269 
f 1270//1270 1268//1268 1271//1271 
f 1272//1272 1270//1270 1273//1273 
f 1274//1274 1272//1272 1275//1275 
f 1276//1276 1274//1274 1277//1277 
f 1278//1278 1276//1276 1279//1279 
f 1280//1280 1278//1278 1281//1281 
f 1282//1282 1280//1280 1283//1283 
f 1284//1284 1282//1282 1285//1285 
f 1286//1286 1284//1284 1287//1287 
f 1288//1288 1286//1286 1289//1289 
f 1290//1290 1288//1288 1291//1291 
f 1291//1291 1292//1292 1290//1290 
f 1289//1289 1291//1291 1288//1288 
f 1287//1287 1289//1289 1286//1286 
f 1285//1285 1287//1287 1284//1284 
f 1283//1283 1285//1285 1282//1282 
f 1281//1281 1283//1283 1280//1280 
f 1279//1279 1281//1281 1278//1278 
f 1277//1277 1279//1279 1276//1276 
f 1275//1275 1277//1277 1274//1274 
f 1273//1273 1275//1275 1272//1272 
f 1271//1271 1273//1273 1270//1270 
f 1269//1269 1271//1271 1268//1268 
f 1267//1267 1269//1269 1266//1266 
f 1265//1265 1267//1267 1264//1264 
f 1263//1263 1265//1265 1262//1262 
f 1261//1261 1263//1263 1260//1260 
f 1259//1259 1261//1261 1258//1258 
f 1257//1257 1259//1259 1256//1256 
f 1255//1255 1257//1257 1254//1254 
f 1253//1253 1255//1255 1252//1252 
f 1251//1251 1253//1253 1250//1250 
f 1249//1249 1251//1251 1248//1248 
f 1247//1247 1249//1249 1246//1246 
f 1245//1245 1247//1247 1244//1244 
f 1243//1243 1245//1245 1242//1242 
f 1241//1241 1243//1243 1240//1240 
f 1239//1239 1241//1241 1238//1238 
f 1237//1237 1239//1239 1236//1236 
f 1235//1235 1237//1237 1233//1233 
o mesh882
v -0.00100997 -8.5e-05 -0.000483789 
v -0.00100997 8.5e-05 -0.000483789 
v -0.000860028 8.5e-05 -0.000483789 
v -0.000860028 -8.5e-05 -0.000483789 
vn 0 0 -1 
vn 0 0 -1 
vn 0 0 -1 
vn 0 0 -1 
f 1293//1293 1294//1294 1295//1295 
f 1295//1295 1296//1296 1293//1293 
o mesh883
v -6.82722e-06 8.5e-05 -0.000157033 
v 0.000689972 8.5e-05 -0.000233789 
v 0.000392472 8.5e-05 -0.000610789 
v 0.000249972 8.5e-05 -0.000610789 
v -1.36141e-05 8.5e-05 -0.000156591 
v -0.000690024 8.5e-05 0.000216211 
v -0.000128054 8.5e-05 -9.11486e-05 
v -0.000123991 8.5e-05 -9.66029e-05 
v -2.03755e-05 8.5e-05 -0.000155855 
v -3.37713e-05 8.5e-05 -0.00015351 
v -2.70988e-05 8.5e-05 -0.000154828 
v -4.69142e-05 8.5e-05 -0.000150017 
v -4.03805e-05 8.5e-05 -0.000151906 
v -0.000119696 8.5e-05 -0.000101876 
v -0.000135454 8.5e-05 -7.97385e-05 
v -0.000131877 8.5e-05 -8.55236e-05 
v -0.000141839 8.5e-05 -6.77315e-05 
v -0.000138776 8.5e-05 -7.38041e-05 
v -5.336e-05 8.5e-05 -0.000147847 
v -8.38562e-05 8.5e-05 -0.000132944 
v -7.80266e-05 8.5e-05 -0.000136447 
v -0.0001055 8.5e-05 -0.000116515 
v -0.000115177 8.5e-05 -0.000106959 
v -0.000147163 8.5e-05 -5.52175e-05 
v -0.000144637 8.5e-05 -6.15321e-05 
v -0.000256288 8.5e-05 0.000515446 
v -0.000238195 8.5e-05 0.000372872 
v 0.000689972 8.5e-05 0.00536221 
v 0.000115122 8.5e-05 0.00461138 
v 0.000110387 8.5e-05 0.00461626 
v 0.000123936 8.5e-05 0.00460102 
v 0.000119641 8.5e-05 0.0046063 
v 0.000131822 8.5e-05 0.00458995 
v 0.000127999 8.5e-05 0.00459557 
v 0.000138721 8.5e-05 0.00457823 
v 0.000135399 8.5e-05 0.00458416 
v -6.59401e-05 8.5e-05 -0.000142681 
v -5.9706e-05 8.5e-05 -0.0001454 
v -7.20508e-05 8.5e-05 -0.000139695 
v -9.5034e-05 8.5e-05 -0.000125198 
v -8.95289e-05 8.5e-05 -0.000129192 
v -0.000100361 8.5e-05 -0.000120969 
v -0.000110442 8.5e-05 -0.000111842 
v -0.000214324 8.5e-05 0.00023115 
v -0.000149414 8.5e-05 -4.87995e-05 
v -0.000184714 8.5e-05 9.05157e-05 
v -0.000690028 8.5e-05 0.00241621 
v -0.000275028 8.5e-05 0.000802211 
v 0.000859972 8.5e-05 -0.000233789 
v 7.19957e-05 8.5e-05 -0.000139695 
v 7.79714e-05 8.5e-05 -0.000136447 
v -2.75567e-08 8.5e-05 -0.000157181 
v 6.77211e-06 8.5e-05 -0.000157033 
v 0.000147108 8.5e-05 0.00455964 
v 0.000144582 8.5e-05 0.00456595 
v -0.000268572 8.5e-05 0.000658638 
v 0.00100997 8.5e-05 0.000216211 
v 5.96509e-05 8.5e-05 -0.0001454 
v 6.5885e-05 8.5e-05 -0.000142681 
v 4.03254e-05 8.5e-05 -0.000151906 
v 4.68591e-05 8.5e-05 -0.000150017 
v 1.3559e-05 8.5e-05 -0.000156591 
v 0.000689972 8.5e-05 0.000216211 
v 0.000119641 8.5e-05 -0.000101876 
v 0.000123936 8.5e-05 -9.66029e-05 
v 0.000105445 8.5e-05 -0.000116515 
v 0.000110387 8.5e-05 -0.000111842 
v 8.38011e-05 8.5e-05 -0.000132944 
v 8.94738e-05 8.5e-05 -0.000129192 
v 0.000689972 8.5e-05 0.00581221 
v 8.38011e-05 8.5e-05 0.00463737 
v 7.79714e-05 8.5e-05 0.00464087 
v 0.000105445 8.5e-05 0.00462094 
v 0.000141784 8.5e-05 0.00457215 
v -2.75567e-08 8.5e-05 0.0046616 
v 0.000110387 8.5e-05 0.00548816 
v 0.000115122 8.5e-05 0.00549304 
v 8.94738e-05 8.5e-05 0.00547081 
v 9.49789e-05 8.5e-05 0.0054748 
v -0.000100361 8.5e-05 0.00547903 
v -9.5034e-05 8.5e-05 0.0054748 
v -0.000123991 8.5e-05 0.0055034 
v -0.000119696 8.5e-05 0.00549812 
v -0.000131877 8.5e-05 0.00551448 
v -0.000128054 8.5e-05 0.00550885 
v -0.000690028 8.5e-05 0.0113672 
v -0.000131877 8.5e-05 0.0101899 
v -0.000135454 8.5e-05 0.0101842 
v -0.000123991 8.5e-05 0.010201 
v -0.000128054 8.5e-05 0.0101956 
v -7.20508e-05 8.5e-05 0.0102441 
v -7.80266e-05 8.5e-05 0.0102409 
v -5.9706e-05 8.5e-05 0.0102498 
v -6.59401e-05 8.5e-05 0.0102471 
v -4.69142e-05 8.5e-05 0.0102544 
v -5.336e-05 8.5e-05 0.0102523 
v -0.000690028 8.5e-05 0.00286621 
v 5.33049e-05 8.5e-05 -0.000147847 
v 2.70436e-05 8.5e-05 -0.000154828 
v 3.37161e-05 8.5e-05 -0.00015351 
v 2.03204e-05 8.5e-05 -0.000155855 
v 0.000141784 8.5e-05 -6.77315e-05 
v 0.000144582 8.5e-05 -6.15321e-05 
v 0.000127999 8.5e-05 -9.11486e-05 
v 0.000115122 8.5e-05 -0.000106959 
v 9.49789e-05 8.5e-05 -0.000125198 
v 0.000100306 8.5e-05 -0.000120969 
v 7.19957e-05 8.5e-05 0.00464412 
v 6.5885e-05 8.5e-05 0.0046471 
v 8.94738e-05 8.5e-05 0.00463361 
v 0.000100306 8.5e-05 0.00462539 
v 9.49789e-05 8.5e-05 0.00462962 
v 0.000141784 8.5e-05 0.00553227 
v 0.000144582 8.5e-05 0.00553847 
v 0.000135399 8.5e-05 0.00552026 
v 0.000138721 8.5e-05 0.0055262 
v 0.000127999 8.5e-05 0.00550885 
v 0.000105445 8.5e-05 0.00548349 
v 0.000100306 8.5e-05 0.00547903 
v -0.0001055 8.5e-05 0.00548349 
v -0.000138776 8.5e-05 0.0101782 
v -0.000141839 8.5e-05 0.0101722 
v -0.000115177 8.5e-05 0.0102114 
v -0.000119696 8.5e-05 0.0102063 
v -8.95289e-05 8.5e-05 0.0102336 
v -9.5034e-05 8.5e-05 0.0102296 
v -4.03805e-05 8.5e-05 0.0102563 
v -0.000860028 8.5e-05 0.00241621 
v 0.000138721 8.5e-05 -7.38041e-05 
v 0.000131822 8.5e-05 -8.55236e-05 
v 0.000135399 8.5e-05 -7.97385e-05 
v 3.37161e-05 8.5e-05 0.00465793 
v 2.70436e-05 8.5e-05 0.00465925 
v 0.000131822 8.5e-05 0.00551448 
v 0.000119641 8.5e-05 0.00549812 
v 0.000123936 8.5e-05 0.0055034 
v 7.19957e-05 8.5e-05 0.00546031 
v 7.79714e-05 8.5e-05 0.00546355 
v 5.96509e-05 8.5e-05 0.0054546 
v 6.5885e-05 8.5e-05 0.00545732 
v -6.59401e-05 8.5e-05 0.00545732 
v -5.9706e-05 8.5e-05 0.0054546 
v -8.95289e-05 8.5e-05 0.00547081 
v -8.38562e-05 8.5e-05 0.00546706 
v -0.000110442 8.5e-05 0.00548816 
v -0.000115177 8.5e-05 0.00549304 
v -0.000144637 8.5e-05 0.010166 
v -0.000100361 8.5e-05 0.0102254 
v -2.70988e-05 8.5e-05 0.0102592 
v -3.37713e-05 8.5e-05 0.0102579 
v 0.000689972 8.5e-05 -0.00180779 
v 0.000392472 8.5e-05 -0.00180779 
v 2.03204e-05 8.5e-05 0.00466028 
v 4.68591e-05 8.5e-05 0.00465444 
v 4.03254e-05 8.5e-05 0.00465633 
v 5.96509e-05 8.5e-05 0.00464982 
v 5.33049e-05 8.5e-05 0.00465227 
v 0.000256232 8.5e-05 0.00398898 
v 0.00023814 8.5e-05 0.00413155 
v 0.000689972 8.5e-05 0.00286621 
v 0.000268517 8.5e-05 0.00384578 
v 8.38011e-05 8.5e-05 0.00546706 
v 5.33049e-05 8.5e-05 0.00545215 
v 3.37161e-05 8.5e-05 0.00544649 
v 4.03254e-05 8.5e-05 0.00544809 
v 1.3559e-05 8.5e-05 0.00544341 
v 2.03204e-05 8.5e-05 0.00544414 
v -2.70988e-05 8.5e-05 0.00544517 
v -2.03755e-05 8.5e-05 0.00544414 
v -4.69142e-05 8.5e-05 0.00544998 
v -4.03805e-05 8.5e-05 0.00544809 
v -7.20508e-05 8.5e-05 0.00546031 
v -7.80266e-05 8.5e-05 0.00546355 
v -0.000138776 8.5e-05 0.0055262 
v -0.000135454 8.5e-05 0.00552026 
v -0.0001055 8.5e-05 0.0102209 
v -0.000110442 8.5e-05 0.0102163 
v -8.38562e-05 8.5e-05 0.0102374 
v 0.000214269 8.5e-05 0.00427327 
v 0.000184659 8.5e-05 0.00441391 
v 4.68591e-05 8.5e-05 0.00544998 
v 2.70436e-05 8.5e-05 0.00544517 
v -3.37713e-05 8.5e-05 0.00544649 
v -5.336e-05 8.5e-05 0.00545215 
v 0.00100997 8.5e-05 -0.000483789 
v 0.000859972 8.5e-05 -0.000483789 
v 0.000149359 8.5e-05 -4.87995e-05 
v 0.000184659 8.5e-05 9.05157e-05 
v 0.000147108 8.5e-05 -5.52175e-05 
v 0.00023814 8.5e-05 0.000372872 
v 0.000256232 8.5e-05 0.000515446 
v -0.000144637 8.5e-05 0.00553847 
v -0.000141839 8.5e-05 0.00553227 
v -2.75567e-08 8.5e-05 0.0102616 
v -9.91215e-05 8.5e-05 0.0109842 
v -9.91215e-05 8.5e-05 0.0110102 
v -0.000143028 8.5e-05 0.0109842 
v -0.000547528 8.5e-05 0.0112822 
v -0.000690028 8.5e-05 0.00901221 
v -0.000268572 8.5e-05 0.00944578 
v -0.000275028 8.5e-05 0.00930221 
v -1.36141e-05 8.5e-05 0.010261 
v -2.03755e-05 8.5e-05 0.0102603 
v 0.000689972 8.5e-05 0.00241621 
v 0.000214269 8.5e-05 0.00023115 
v 0.00100997 8.5e-05 0.00286621 
v 0.000859972 8.5e-05 0.00241621 
v 1.3559e-05 8.5e-05 0.00466101 
v 0.000274972 8.5e-05 0.00370221 
v 0.000256232 8.5e-05 0.00611545 
v 0.000268517 8.5e-05 0.00625864 
v 0.000214269 8.5e-05 0.00583115 
v 0.00023814 8.5e-05 0.00597287 
v -0.000147163 8.5e-05 0.00554478 
v -9.55435e-05 8.5e-05 0.0112822 
v -0.000143028 8.5e-05 0.0110102 
v -0.000256288 8.5e-05 0.00958898 
v -0.000238195 8.5e-05 0.00973155 
v -0.000149414 8.5e-05 0.0101532 
v -0.000184714 8.5e-05 0.0100139 
v 0.000149359 8.5e-05 0.00455322 
v 0.000274972 8.5e-05 0.000802211 
v 0.000268517 8.5e-05 0.000658638 
v 6.77211e-06 8.5e-05 0.00544297 
v -1.36141e-05 8.5e-05 0.00544341 
v -0.000149414 8.5e-05 0.0055512 
v 0.000104457 8.5e-05 0.0112822 
v 7.19957e-05 8.5e-05 0.0102441 
v 6.5885e-05 8.5e-05 0.0102471 
v 8.38011e-05 8.5e-05 0.0102374 
v 7.79714e-05 8.5e-05 0.0102409 
v 9.49789e-05 8.5e-05 0.0102296 
v 8.94738e-05 8.5e-05 0.0102336 
v 0.000115122 8.5e-05 0.0102114 
v 0.000110387 8.5e-05 0.0102163 
v -9.55435e-05 8.5e-05 0.0119322 
v -0.000797528 8.5e-05 0.0115672 
v -0.000547528 8.5e-05 0.0115672 
v -0.000214324 8.5e-05 0.00987327 
v -0.000147163 8.5e-05 0.0101596 
v -6.82722e-06 8.5e-05 0.0102615 
v 0.00100997 8.5e-05 0.00216621 
v 0.000859972 8.5e-05 0.00216621 
v 6.77211e-06 8.5e-05 0.00466145 
v 0.000184659 8.5e-05 0.00569052 
v -2.75567e-08 8.5e-05 0.00544282 
v 2.70436e-05 8.5e-05 0.0102592 
v 2.03204e-05 8.5e-05 0.0102603 
v 5.96509e-05 8.5e-05 0.0102498 
v 5.33049e-05 8.5e-05 0.0102523 
v 0.000100306 8.5e-05 0.0102254 
v 0.000105445 8.5e-05 0.0102209 
v 0.000127999 8.5e-05 0.0101956 
v 0.000123936 8.5e-05 0.010201 
v 0.000135399 8.5e-05 0.0101842 
v 0.000131822 8.5e-05 0.0101899 
v 0.000141784 8.5e-05 0.0101722 
v 0.000138721 8.5e-05 0.0101782 
v -0.000690028 8.5e-05 0.00581221 
v -0.000238195 8.5e-05 0.00597287 
v -0.000214324 8.5e-05 0.00583115 
v -0.000690028 8.5e-05 0.00536221 
v -0.000141839 8.5e-05 0.00457215 
v -0.000144637 8.5e-05 0.00456595 
v -0.000135454 8.5e-05 0.00458416 
v -0.000138776 8.5e-05 0.00457823 
v -0.000123991 8.5e-05 0.00460102 
v -0.000128054 8.5e-05 0.00459557 
v -8.38562e-05 8.5e-05 0.00463737 
v -8.95289e-05 8.5e-05 0.00463361 
v -7.20508e-05 8.5e-05 0.00464412 
v -7.80266e-05 8.5e-05 0.00464087 
v -5.9706e-05 8.5e-05 0.00464982 
v -6.59401e-05 8.5e-05 0.0046471 
v -4.69142e-05 8.5e-05 0.00465444 
v -5.336e-05 8.5e-05 0.00465227 
v -3.37713e-05 8.5e-05 0.00465793 
v -4.03805e-05 8.5e-05 0.00465633 
v 0.000274972 8.5e-05 0.00640221 
v 0.000274972 8.5e-05 0.00930221 
v 0.000689972 8.5e-05 0.00856221 
v 0.000149359 8.5e-05 0.0055512 
v 0.000147108 8.5e-05 0.00554478 
v -6.82722e-06 8.5e-05 0.00544297 
v 3.37161e-05 8.5e-05 0.0102579 
v 0.000119641 8.5e-05 0.0102063 
v -0.000797528 8.5e-05 0.0113672 
v -0.000256288 8.5e-05 0.00611545 
v -0.000131877 8.5e-05 0.00458995 
v -0.000110442 8.5e-05 0.00461626 
v -0.000115177 8.5e-05 0.00461138 
v -0.000100361 8.5e-05 0.00462539 
v -0.0001055 8.5e-05 0.00462094 
v -2.03755e-05 8.5e-05 0.00466028 
v -2.70988e-05 8.5e-05 0.00465925 
v 0.00100997 8.5e-05 0.00581221 
v 0.000859972 8.5e-05 0.00536221 
v 0.000297472 8.5e-05 0.0112822 
v 0.000689972 8.5e-05 0.00901221 
v 0.000256232 8.5e-05 0.00958898 
v 1.3559e-05 8.5e-05 0.010261 
v 4.68591e-05 8.5e-05 0.0102544 
v 4.03254e-05 8.5e-05 0.0102563 
v -0.000690028 8.5e-05 0.00856221 
v -0.000860028 8.5e-05 0.00856221 
v -0.000268572 8.5e-05 0.00625864 
v -0.000256288 8.5e-05 0.00398898 
v -0.000268572 8.5e-05 0.00384578 
v -0.000184714 8.5e-05 0.00441391 
v -0.000214324 8.5e-05 0.00427327 
v -0.000119696 8.5e-05 0.0046063 
v -9.5034e-05 8.5e-05 0.00462962 
v -6.82722e-06 8.5e-05 0.00466145 
v -1.36141e-05 8.5e-05 0.00466101 
v 0.00100997 8.5e-05 0.00511221 
v 0.000859972 8.5e-05 0.00511221 
v -0.000184714 8.5e-05 0.00569052 
v 0.000268517 8.5e-05 0.00944578 
v 0.000147108 8.5e-05 0.0101596 
v 0.000144582 8.5e-05 0.010166 
v -0.00101003 8.5e-05 0.00831221 
v -0.00101003 8.5e-05 0.00901221 
v -0.000275028 8.5e-05 0.00640221 
v -0.000238195 8.5e-05 0.00413155 
v -0.000149414 8.5e-05 0.00455322 
v 0.00100997 8.5e-05 0.00901221 
v 0.000859972 8.5e-05 0.00856221 
v 0.000149359 8.5e-05 0.0101532 
v -0.000147163 8.5e-05 0.00455964 
v 0.000214269 8.5e-05 0.00987327 
v 0.000184659 8.5e-05 0.0100139 
v 0.00023814 8.5e-05 0.00973155 
v -0.000860028 8.5e-05 0.00536221 
v 0.000689972 8.5e-05 0.0113672 
v 0.000797472 8.5e-05 0.0115672 
v 0.000797472 8.5e-05 0.0113672 
v 0.00100997 8.5e-05 0.00831221 
v 0.000859972 8.5e-05 0.00831221 
v 6.77211e-06 8.5e-05 0.0102615 
v -0.00100997 8.5e-05 -0.000483789 
v -0.00100997 8.5e-05 0.000216211 
v -0.000860028 8.5e-05 -0.000233789 
v -0.000690028 8.5e-05 -0.00180779 
v -0.000690028 8.5e-05 -0.000233789 
v -0.000392528 8.5e-05 -0.000610789 
v -0.000250028 8.5e-05 -0.000610789 
v -0.00101003 8.5e-05 0.00511221 
v -0.00101003 8.5e-05 0.00581221 
v -0.000275028 8.5e-05 0.00370221 
v 0.000297472 8.5e-05 0.0115672 
v -0.000392528 8.5e-05 -0.00180779 
v 6.49724e-05 8.5e-05 -0.00159279 
v -6.50276e-05 8.5e-05 -0.00159279 
v -0.000860028 8.5e-05 0.00831221 
v -0.00101003 8.5e-05 0.00286621 
v 0.000104457 8.5e-05 0.0119322 
v -0.000250028 8.5e-05 -0.00256782 
v -0.00101003 8.5e-05 0.00216621 
v -0.000860028 8.5e-05 -0.000483789 
v 0.000249972 8.5e-05 -0.00223779 
v 6.49724e-05 8.5e-05 -0.00223779 
v -0.000860028 8.5e-05 0.00511221 
v -6.50276e-05 8.5e-05 -0.00256782 
v -0.000860028 8.5e-05 0.00216621 
vn 0 1 0 
vn 0 1 0 
vn 0 1 0 
vn 0 1 0 
vn 0 1 0 
vn 0 1 0 
vn 0 1 0 
vn 0 1 0 
vn 0 1 0 
vn 0 1 0 
vn 0 1 0 
vn 0 1 0 
vn 0 1 0 
vn 0 1 0 
vn 0 1 0 
vn 0 1 0 
vn 0 1 0 
vn 0 1 0 
vn 0 1 0 
vn 0 1 0 
vn 0 1 0 
vn 0 1 0 
vn 0 1 0 
vn 0 1 0 
vn 0 1 0 
vn 0 1 0 
vn 0 1 0 
vn 0 1 0 
vn 0 1 0 
vn 0 1 0 
vn 0 1 0 
vn 0 1 0 
vn 0 1 0 
vn 0 1 0 
vn 0 1 0 
vn 0 1 0 
vn 0 1 0 
vn 0 1 0 
vn 0 1 0 
vn 0 1 0 
vn 0 1 0 
vn 0 1 0 
vn 0 1 0 
vn 0 1 0 
vn 0 1 0 
vn 0 1 0 
vn 0 1 0 
vn 0 1 0 
vn 0 1 0 
vn 0 1 0 
vn 0 1 0 
vn 0 1 0 
vn 0 1 0 
vn 0 1 0 
vn 0 1 0 
vn 0 1 0 
vn 0 1 0 
vn 0 1 0 
vn 0 1 0 
vn 0 1 0 
vn 0 1 0 
vn 0 1 0 
vn 0 1 0 
vn 0 1 0 
vn 0 1 0 
vn 0 1 0 
vn 0 1 0 
vn 0 1 0 
vn 0 1 0 
vn 0 1 0 
vn 0 1 0 
vn 0 1 0 
vn 0 1 0 
vn 0 1 0 
vn 0 1 0 
vn 0 1 0 
vn 0 1 0 
vn 0 1 0 
vn 0 1 0 
vn 0 1 0 
vn 0 1 0 
vn 0 1 0 
vn 0 1 0 
vn 0 1 0 
vn 0 1 0 
vn 0 1 0 
vn 0 1 0 
vn 0 1 0 
vn 0 1 0 
vn 0 1 0 
vn 0 1 0 
vn 0 1 0 
vn 0 1 0 
vn 0 1 0 
vn 0 1 0 
vn 0 1 0 
vn 0 1 0 
vn 0 1 0 
vn 0 1 0 
vn 0 1 0 
vn 0 1 0 
vn 0 1 0 
vn 0 1 0 
vn 0 1 0 
vn 0 1 0 
vn 0 1 0 
vn 0 1 0 
vn 0 1 0 
vn 0 1 0 
vn 0 1 0 
vn 0 1 0 
vn 0 1 0 
vn 0 1 0 
vn 0 1 0 
vn 0 1 0 
vn 0 1 0 
vn 0 1 0 
vn 0 1 0 
vn 0 1 0 
vn 0 1 0 
vn 0 1 0 
vn 0 1 0 
vn 0 1 0 
vn 0 1 0 
vn 0 1 0 
vn 0 1 0 
vn 0 1 0 
vn 0 1 0 
vn 0 1 0 
vn 0 1 0 
vn 0 1 0 
vn 0 1 0 
vn 0 1 0 
vn 0 1 0 
vn 0 1 0 
vn 0 1 0 
vn 0 1 0 
vn 0 1 0 
vn 0 1 0 
vn 0 1 0 
vn 0 1 0 
vn 0 1 0 
vn 0 1 0 
vn 0 1 0 
vn 0 1 0 
vn 0 1 0 
vn 0 1 0 
vn 0 1 0 
vn 0 1 0 
vn 0 1 0 
vn 0 1 0 
vn 0 1 0 
vn 0 1 0 
vn 0 1 0 
vn 0 1 0 
vn 0 1 0 
vn 0 1 0 
vn 0 1 0 
vn 0 1 0 
vn 0 1 0 
vn 0 1 0 
vn 0 1 0 
vn 0 1 0 
vn 0 1 0 
vn 0 1 0 
vn 0 1 0 
vn 0 1 0 
vn 0 1 0 
vn 0 1 0 
vn 0 1 0 
vn 0 1 0 
vn 0 1 0 
vn 0 1 0 
vn 0 1 0 
vn 0 1 0 
vn 0 1 0 
vn 0 1 0 
vn 0 1 0 
vn 0 1 0 
vn 0 1 0 
vn 0 1 0 
vn 0 1 0 
vn 0 1 0 
vn 0 1 0 
vn 0 1 0 
vn 0 1 0 
vn 0 1 0 
vn 0 1 0 
vn 0 1 0 
vn 0 1 0 
vn 0 1 0 
vn 0 1 0 
vn 0 1 0 
vn 0 1 0 
vn 0 1 0 
vn 0 1 0 
vn 0 1 0 
vn 0 1 0 
vn 0 1 0 
vn 0 1 0 
vn 0 1 0 
vn 0 1 0 
vn 0 1 0 
vn 0 1 0 
vn 0 1 0 
vn 0 1 0 
vn 0 1 0 
vn 0 1 0 
vn 0 1 0 
vn 0 1 0 
vn 0 1 0 
vn 0 1 0 
vn 0 1 0 
vn 0 1 0 
vn 0 1 0 
vn 0 1 0 
vn 0 1 0 
vn 0 1 0 
vn 0 1 0 
vn 0 1 0 
vn 0 1 0 
vn 0 1 0 
vn 0 1 0 
vn 0 1 0 
vn 0 1 0 
vn 0 1 0 
vn 0 1 0 
vn 0 1 0 
vn 0 1 0 
vn 0 1 0 
vn 0 1 0 
vn 0 1 0 
vn 0 1 0 
vn 0 1 0 
vn 0 1 0 
vn 0 1 0 
vn 0 1 0 
vn 0 1 0 
vn 0 1 0 
vn 0 1 0 
vn 0 1 0 
vn 0 1 0 
vn 0 1 0 
vn 0 1 0 
vn 0 1 0 
vn 0 1 0 
vn 0 1 0 
vn 0 1 0 
vn 0 1 0 
vn 0 1 0 
vn 0 1 0 
vn 0 1 0 
vn 0 1 0 
vn 0 1 0 
vn 0 1 0 
vn 0 1 0 
vn 0 1 0 
vn 0 1 0 
vn 0 1 0 
vn 0 1 0 
vn 0 1 0 
vn 0 1 0 
vn 0 1 0 
vn 0 1 0 
vn 0 1 0 
vn 0 1 0 
vn 0 1 0 
vn 0 1 0 
vn 0 1 0 
vn 0 1 0 
vn 0 1 0 
vn 0 1 0 
vn 0 1 0 
vn 0 1 0 
vn 0 1 0 
vn 0 1 0 
vn 0 1 0 
vn 0 1 0 
vn 0 1 0 
vn 0 1 0 
vn 0 1 0 
vn 0 1 0 
vn 0 1 0 
vn 0 1 0 
vn 0 1 0 
vn 0 1 0 
vn 0 1 0 
vn 0 1 0 
vn 0 1 0 
vn 0 1 0 
vn 0 1 0 
vn 0 1 0 
vn 0 1 0 
vn 0 1 0 
vn 0 1 0 
vn 0 1 0 
vn 0 1 0 
vn 0 1 0 
vn 0 1 0 
vn 0 1 0 
vn 0 1 0 
vn 0 1 0 
vn 0 1 0 
vn 0 1 0 
vn 0 1 0 
vn 0 1 0 
vn 0 1 0 
vn 0 1 0 
vn 0 1 0 
vn 0 1 0 
vn 0 1 0 
vn 0 1 0 
vn 0 1 0 
vn 0 1 0 
vn 0 1 0 
vn 0 1 0 
vn 0 1 0 
vn 0 1 0 
vn 0 1 0 
vn 0 1 0 
vn 0 1 0 
vn 0 1 0 
vn 0 1 0 
vn 0 1 0 
vn 0 1 0 
vn 0 1 0 
vn 0 1 0 
vn 0 1 0 
vn 0 1 0 
vn 0 1 0 
vn 0 1 0 
vn 0 1 0 
vn 0 1 0 
vn 0 1 0 
vn 0 1 0 
vn 0 1 0 
vn 0 1 0 
vn 0 1 0 
vn 0 1 0 
vn 0 1 0 
vn 0 1 0 
vn 0 1 0 
vn 0 1 0 
vn 0 1 0 
vn 0 1 0 
vn 0 1 0 
vn 0 1 0 
vn 0 1 0 
vn 0 1 0 
vn 0 1 0 
vn 0 1 0 
vn 0 1 0 
vn 0 1 0 
vn 0 1 0 
vn 0 1 0 
vn 0 1 0 
vn 0 1 0 
vn 0 1 0 
vn 0 1 0 
vn 0 1 0 
vn 0 1 0 
vn 0 1 0 
vn 0 1 0 
vn 0 1 0 
f 1297//1297 1298//1298 1299//1299 
f 1300//1300 1301//1301 1297//1297 
f 1302//1302 1303//1303 1304//1304 
f 1300//1300 1305//1305 1301//1301 
f 1300//1300 1306//1306 1307//1307 
f 1300//1300 1308//1308 1309//1309 
f 1304//1304 1310//1310 1302//1302 
f 1302//1302 1311//1311 1312//1312 
f 1302//1302 1313//1313 1314//1314 
f 1307//1307 1305//1305 1300//1300 
f 1300//1300 1315//1315 1308//1308 
f 1300//1300 1316//1316 1317//1317 
f 1300//1300 1302//1302 1318//1318 
f 1310//1310 1319//1319 1302//1302 
f 1314//1314 1311//1311 1302//1302 
f 1302//1302 1320//1320 1321//1321 
f 1302//1302 1322//1322 1323//1323 
f 1324//1324 1325//1325 1326//1326 
f 1324//1324 1327//1327 1328//1328 
f 1324//1324 1329//1329 1330//1330 
f 1324//1324 1331//1331 1332//1332 
f 1309//1309 1306//1306 1300//1300 
f 1300//1300 1333//1333 1334//1334 
f 1317//1317 1335//1335 1300//1300 
f 1300//1300 1336//1336 1337//1337 
f 1318//1318 1338//1338 1300//1300 
f 1319//1319 1339//1339 1302//1302 
f 1321//1321 1313//1313 1302//1302 
f 1323//1323 1340//1340 1302//1302 
f 1328//1328 1325//1325 1324//1324 
f 1332//1332 1329//1329 1324//1324 
f 1334//1334 1315//1315 1300//1300 
f 1337//1337 1316//1316 1300//1300 
f 1339//1339 1318//1318 1302//1302 
f 1302//1302 1341//1341 1320//1320 
f 1340//1340 1342//1342 1302//1302 
f 1302//1302 1343//1343 1344//1344 
f 1345//1345 1346//1346 1347//1347 
f 1345//1345 1348//1348 1349//1349 
f 1330//1330 1327//1327 1324//1324 
f 1324//1324 1350//1350 1351//1351 
f 1335//1335 1333//1333 1300//1300 
f 1312//1312 1303//1303 1302//1302 
f 1302//1302 1352//1352 1322//1322 
f 1344//1344 1352//1352 1302//1302 
f 1347//1347 1353//1353 1345//1345 
f 1345//1345 1354//1354 1355//1355 
f 1345//1345 1356//1356 1357//1357 
f 1349//1349 1358//1358 1345//1345 
f 1359//1359 1360//1360 1361//1361 
f 1359//1359 1362//1362 1363//1363 
f 1359//1359 1364//1364 1365//1365 
f 1366//1366 1367//1367 1368//1368 
f 1367//1367 1366//1366 1324//1324 
f 1326//1326 1369//1369 1324//1324 
f 1351//1351 1370//1370 1324//1324 
f 1371//1371 1372//1372 1373//1373 
f 1371//1371 1374//1374 1375//1375 
f 1371//1371 1376//1376 1377//1377 
f 1371//1371 1378//1378 1379//1379 
f 1371//1371 1380//1380 1381//1381 
f 1382//1382 1383//1383 1384//1384 
f 1382//1382 1385//1385 1386//1386 
f 1382//1382 1387//1387 1388//1388 
f 1382//1382 1389//1389 1390//1390 
f 1382//1382 1391//1391 1392//1392 
f 1338//1338 1336//1336 1300//1300 
f 1343//1343 1393//1393 1344//1344 
f 1355//1355 1346//1346 1345//1345 
f 1357//1357 1394//1394 1345//1345 
f 1345//1345 1395//1395 1396//1396 
f 1358//1358 1397//1397 1345//1345 
f 1359//1359 1398//1398 1399//1399 
f 1361//1361 1400//1400 1359//1359 
f 1363//1363 1401//1401 1359//1359 
f 1359//1359 1402//1402 1403//1403 
f 1359//1359 1347//1347 1364//1364 
f 1366//1366 1404//1404 1405//1405 
f 1324//1324 1406//1406 1367//1367 
f 1324//1324 1407//1407 1408//1408 
f 1370//1370 1331//1331 1324//1324 
f 1366//1366 1409//1409 1410//1410 
f 1366//1366 1411//1411 1412//1412 
f 1366//1366 1371//1371 1413//1413 
f 1371//1371 1414//1414 1372//1372 
f 1375//1375 1415//1415 1371//1371 
f 1371//1371 1416//1416 1376//1376 
f 1381//1381 1378//1378 1371//1371 
f 1382//1382 1417//1417 1418//1418 
f 1386//1386 1383//1383 1382//1382 
f 1382//1382 1419//1419 1420//1420 
f 1382//1382 1421//1421 1422//1422 
f 1390//1390 1387//1387 1382//1382 
f 1382//1382 1423//1423 1391//1391 
f 1393//1393 1343//1343 1424//1424 
f 1342//1342 1341//1341 1302//1302 
f 1394//1394 1354//1354 1345//1345 
f 1397//1397 1395//1395 1345//1345 
f 1359//1359 1425//1425 1398//1398 
f 1359//1359 1426//1426 1427//1427 
f 1401//1401 1360//1360 1359//1359 
f 1365//1365 1402//1402 1359//1359 
f 1366//1366 1428//1428 1429//1429 
f 1368//1368 1404//1404 1366//1366 
f 1369//1369 1407//1407 1324//1324 
f 1412//1412 1409//1409 1366//1366 
f 1413//1413 1430//1430 1366//1366 
f 1371//1371 1431//1431 1432//1432 
f 1415//1415 1414//1414 1371//1371 
f 1371//1371 1433//1433 1434//1434 
f 1371//1371 1435//1435 1436//1436 
f 1371//1371 1437//1437 1438//1438 
f 1371//1371 1439//1439 1440//1440 
f 1371//1371 1441//1441 1416//1416 
f 1379//1379 1442//1442 1371//1371 
f 1418//1418 1443//1443 1382//1382 
f 1420//1420 1385//1385 1382//1382 
f 1422//1422 1444//1444 1382//1382 
f 1392//1392 1389//1389 1382//1382 
f 1382//1382 1445//1445 1446//1446 
f 1299//1299 1300//1300 1297//1297 
f 1447//1447 1448//1448 1299//1299 
f 1396//1396 1356//1356 1345//1345 
f 1298//1298 1297//1297 1348//1348 
f 1427//1427 1425//1425 1359//1359 
f 1403//1403 1362//1362 1359//1359 
f 1429//1429 1449//1449 1366//1366 
f 1366//1366 1450//1450 1451//1451 
f 1366//1366 1452//1452 1453//1453 
f 1408//1408 1406//1406 1324//1324 
f 1324//1324 1454//1454 1455//1455 
f 1324//1324 1456//1456 1457//1457 
f 1430//1430 1411//1411 1366//1366 
f 1373//1373 1431//1431 1371//1371 
f 1434//1434 1458//1458 1371//1371 
f 1371//1371 1459//1459 1435//1435 
f 1371//1371 1460//1460 1461//1461 
f 1371//1371 1462//1462 1463//1463 
f 1371//1371 1464//1464 1465//1465 
f 1371//1371 1466//1466 1467//1467 
f 1371//1371 1468//1468 1437//1437 
f 1440//1440 1469//1469 1371//1371 
f 1442//1442 1441//1441 1371//1371 
f 1371//1371 1470//1470 1471//1471 
f 1384//1384 1417//1417 1382//1382 
f 1382//1382 1472//1472 1473//1473 
f 1382//1382 1474//1474 1421//1421 
f 1446//1446 1423//1423 1382//1382 
f 1299//1299 1298//1298 1447//1447 
f 1348//1348 1345//1345 1298//1298 
f 1400//1400 1426//1426 1359//1359 
f 1451//1451 1428//1428 1366//1366 
f 1405//1405 1452//1452 1366//1366 
f 1324//1324 1475//1475 1476//1476 
f 1457//1457 1454//1454 1324//1324 
f 1432//1432 1413//1413 1371//1371 
f 1436//1436 1433//1433 1371//1371 
f 1461//1461 1477//1477 1371//1371 
f 1463//1463 1478//1478 1371//1371 
f 1371//1371 1479//1479 1464//1464 
f 1371//1371 1480//1480 1466//1466 
f 1469//1469 1468//1468 1371//1371 
f 1471//1471 1380//1380 1371//1371 
f 1473//1473 1419//1419 1382//1382 
f 1388//1388 1474//1474 1382//1382 
f 1347//1347 1359//1359 1353//1353 
f 1481//1481 1482//1482 1345//1345 
f 1359//1359 1483//1483 1484//1484 
f 1399//1399 1485//1485 1359//1359 
f 1453//1453 1450//1450 1366//1366 
f 1455//1455 1475//1475 1324//1324 
f 1456//1456 1486//1486 1487//1487 
f 1458//1458 1374//1374 1371//1371 
f 1478//1478 1460//1460 1371//1371 
f 1467//1467 1479//1479 1371//1371 
f 1377//1377 1439//1439 1371//1371 
f 1371//1371 1488//1488 1489//1489 
f 1490//1490 1491//1491 1492//1492 
f 1493//1493 1382//1382 1494//1494 
f 1495//1495 1496//1496 1497//1497 
f 1444//1444 1472//1472 1382//1382 
f 1382//1382 1498//1498 1499//1499 
f 1345//1345 1353//1353 1481//1481 
f 1485//1485 1483//1483 1359//1359 
f 1500//1500 1484//1484 1501//1501 
f 1456//1456 1502//1502 1503//1503 
f 1449//1449 1504//1504 1366//1366 
f 1456//1456 1505//1505 1457//1457 
f 1456//1456 1501//1501 1486//1486 
f 1366//1366 1506//1506 1507//1507 
f 1366//1366 1508//1508 1509//1509 
f 1477//1477 1459//1459 1371//1371 
f 1438//1438 1480//1480 1371//1371 
f 1371//1371 1510//1510 1488//1488 
f 1511//1511 1492//1492 1512//1512 
f 1492//1492 1511//1511 1490//1490 
f 1494//1494 1512//1512 1493//1493 
f 1495//1495 1513//1513 1496//1496 
f 1495//1495 1382//1382 1514//1514 
f 1382//1382 1515//1515 1516//1516 
f 1499//1499 1445//1445 1382//1382 
f 1484//1484 1500//1500 1359//1359 
f 1503//1503 1500//1500 1456//1456 
f 1324//1324 1517//1517 1350//1350 
f 1456//1456 1518//1518 1505//1505 
f 1487//1487 1519//1519 1456//1456 
f 1509//1509 1506//1506 1366//1366 
f 1371//1371 1520//1520 1462//1462 
f 1465//1465 1521//1521 1371//1371 
f 1371//1371 1522//1522 1510//1510 
f 1523//1523 1524//1524 1525//1525 
f 1523//1523 1526//1526 1527//1527 
f 1523//1523 1528//1528 1529//1529 
f 1523//1523 1530//1530 1531//1531 
f 1511//1511 1532//1532 1490//1490 
f 1533//1533 1534//1534 1382//1382 
f 1382//1382 1534//1534 1494//1494 
f 1514//1514 1513//1513 1495//1495 
f 1516//1516 1535//1535 1382//1382 
f 1443//1443 1536//1536 1382//1382 
f 1382//1382 1490//1490 1537//1537 
f 1501//1501 1456//1456 1500//1500 
f 1538//1538 1539//1539 1503//1503 
f 1504//1504 1540//1540 1366//1366 
f 1519//1519 1518//1518 1456//1456 
f 1366//1366 1541//1541 1508//1508 
f 1371//1371 1542//1542 1520//1520 
f 1489//1489 1470//1470 1371//1371 
f 1523//1523 1543//1543 1544//1544 
f 1523//1523 1545//1545 1546//1546 
f 1527//1527 1524//1524 1523//1523 
f 1523//1523 1547//1547 1528//1528 
f 1531//1531 1548//1548 1523//1523 
f 1523//1523 1549//1549 1550//1550 
f 1523//1523 1551//1551 1552//1552 
f 1523//1523 1553//1553 1554//1554 
f 1490//1490 1493//1493 1491//1491 
f 1493//1493 1490//1490 1382//1382 
f 1535//1535 1514//1514 1382//1382 
f 1537//1537 1498//1498 1382//1382 
f 1555//1555 1556//1556 1557//1557 
f 1558//1558 1559//1559 1560//1560 
f 1558//1558 1561//1561 1562//1562 
f 1558//1558 1563//1563 1564//1564 
f 1558//1558 1565//1565 1566//1566 
f 1558//1558 1567//1567 1568//1568 
f 1557//1557 1569//1569 1570//1570 
f 1557//1557 1571//1571 1572//1572 
f 1557//1557 1573//1573 1574//1574 
f 1503//1503 1502//1502 1538//1538 
f 1476//1476 1517//1517 1324//1324 
f 1575//1575 1576//1576 1577//1577 
f 1366//1366 1578//1578 1541//1541 
f 1410//1410 1579//1579 1366//1366 
f 1521//1521 1580//1580 1371//1371 
f 1523//1523 1581//1581 1543//1543 
f 1525//1525 1545//1545 1523//1523 
f 1548//1548 1547//1547 1523//1523 
f 1550//1550 1582//1582 1523//1523 
f 1554//1554 1551//1551 1523//1523 
f 1382//1382 1583//1583 1533//1533 
f 1536//1536 1515//1515 1382//1382 
f 1555//1555 1584//1584 1556//1556 
f 1562//1562 1559//1559 1558//1558 
f 1564//1564 1585//1585 1558//1558 
f 1558//1558 1586//1586 1587//1587 
f 1558//1558 1588//1588 1589//1589 
f 1568//1568 1565//1565 1558//1558 
f 1570//1570 1558//1558 1557//1557 
f 1574//1574 1571//1571 1557//1557 
f 1557//1557 1590//1590 1591//1591 
f 1540//1540 1371//1371 1366//1366 
f 1366//1366 1592//1592 1593//1593 
f 1507//1507 1575//1575 1366//1366 
f 1580//1580 1542//1542 1371//1371 
f 1594//1594 1595//1595 1596//1596 
f 1544//1544 1597//1597 1523//1523 
f 1523//1523 1598//1598 1599//1599 
f 1529//1529 1526//1526 1523//1523 
f 1552//1552 1549//1549 1523//1523 
f 1497//1497 1600//1600 1495//1495 
f 1495//1495 1600//1600 1601//1601 
f 1555//1555 1602//1602 1584//1584 
f 1558//1558 1603//1603 1604//1604 
f 1558//1558 1605//1605 1606//1606 
f 1585//1585 1561//1561 1558//1558 
f 1587//1587 1607//1607 1558//1558 
f 1558//1558 1608//1608 1588//1588 
f 1570//1570 1567//1567 1558//1558 
f 1591//1591 1573//1573 1557//1557 
f 1557//1557 1609//1609 1610//1610 
f 1593//1593 1324//1324 1366//1366 
f 1611//1611 1612//1612 1593//1593 
f 1579//1579 1578//1578 1366//1366 
f 1371//1371 1557//1557 1613//1613 
f 1595//1595 1614//1614 1596//1596 
f 1595//1595 1577//1577 1576//1576 
f 1599//1599 1581//1581 1523//1523 
f 1582//1582 1530//1530 1523//1523 
f 1523//1523 1615//1615 1616//1616 
f 1617//1617 1618//1618 1601//1601 
f 1601//1601 1618//1618 1495//1495 
f 1555//1555 1619//1619 1602//1602 
f 1619//1619 1555//1555 1600//1600 
f 1558//1558 1620//1620 1603//1603 
f 1558//1558 1621//1621 1605//1605 
f 1607//1607 1563//1563 1558//1558 
f 1566//1566 1608//1608 1558//1558 
f 1610//1610 1590//1590 1557//1557 
f 1593//1593 1592//1592 1611//1611 
f 1613//1613 1522//1522 1371//1371 
f 1595//1595 1622//1622 1623//1623 
f 1576//1576 1614//1614 1595//1595 
f 1546//1546 1598//1598 1523//1523 
f 1523//1523 1624//1624 1615//1615 
f 1512//1512 1494//1494 1511//1511 
f 1600//1600 1497//1497 1619//1619 
f 1606//1606 1620//1620 1558//1558 
f 1560//1560 1625//1625 1558//1558 
f 1572//1572 1569//1569 1557//1557 
f 1577//1577 1366//1366 1575//1575 
f 1596//1596 1523//1523 1594//1594 
f 1490//1490 1532//1532 1523//1523 
f 1616//1616 1553//1553 1523//1523 
f 1523//1523 1626//1626 1627//1627 
f 1523//1523 1596//1596 1628//1628 
f 1557//1557 1558//1558 1555//1555 
f 1555//1555 1558//1558 1629//1629 
f 1604//1604 1393//1393 1558//1558 
f 1589//1589 1586//1586 1558//1558 
f 1630//1630 1595//1595 1594//1594 
f 1631//1631 1632//1632 1630//1630 
f 1623//1623 1577//1577 1595//1595 
f 1633//1633 1634//1634 1623//1623 
f 1597//1597 1635//1635 1523//1523 
f 1628//1628 1626//1626 1523//1523 
f 1636//1636 1637//1637 1638//1638 
f 1639//1639 1640//1640 1641//1641 
f 1302//1302 1642//1642 1641//1641 
f 1643//1643 1644//1644 1629//1629 
f 1629//1629 1644//1644 1555//1555 
f 1604//1604 1645//1645 1393//1393 
f 1557//1557 1371//1371 1609//1609 
f 1630//1630 1646//1646 1631//1631 
f 1623//1623 1622//1622 1633//1633 
f 1627//1627 1624//1624 1523//1523 
f 1637//1637 1640//1640 1638//1638 
f 1641//1641 1647//1647 1639//1639 
f 1302//1302 1300//1300 1642//1642 
f 1300//1300 1648//1648 1649//1649 
f 1601//1601 1650//1650 1617//1617 
f 1625//1625 1621//1621 1558//1558 
f 1424//1424 1651//1651 1393//1393 
f 1532//1532 1652//1652 1523//1523 
f 1640//1640 1637//1637 1641//1641 
f 1649//1649 1642//1642 1300//1300 
f 1645//1645 1344//1344 1393//1393 
f 1523//1523 1635//1635 1490//1490 
f 1653//1653 1642//1642 1649//1649 
f 1641//1641 1637//1637 1302//1302 
f 1654//1654 1651//1651 1424//1424 
f 1594//1594 1646//1646 1630//1630 
f 1638//1638 1655//1655 1636//1636 
f 1656//1656 1657//1657 1648//1648 
f 1629//1629 1658//1658 1643//1643 
f 1648//1648 1300//1300 1656//1656 
f 1649//1649 1659//1659 1653//1653 
f 1424//1424 1660//1660 1654//1654 
o mesh884
v -0.000143028 9.5e-05 0.0109842 
v -0.000143028 8.5e-05 0.0109842 
v -0.000143028 8.5e-05 0.0110102 
v -0.000143028 9.5e-05 0.0110102 
vn -1 0 0 
vn -1 0 0 
vn -1 0 0 
vn -1 0 0 
f 1661//1661 1662//1662 1663//1663 
f 1663//1663 1664//1664 1661//1661 
o mesh885
v -0.000143028 9.5e-05 0.0110102 
v -0.000143028 8.5e-05 0.0110102 
v -9.91215e-05 8.5e-05 0.0110102 
v -9.91215e-05 9.5e-05 0.0110102 
vn 0 0 1 
vn 0 0 1 
vn 0 0 1 
vn 0 0 1 
f 1665//1665 1666//1666 1667//1667 
f 1667//1667 1668//1668 1665//1665 
o mesh886
v -9.91215e-05 9.5e-05 0.0110102 
v -9.91215e-05 8.5e-05 0.0110102 
v -9.91215e-05 8.5e-05 0.0109842 
v -9.91215e-05 9.5e-05 0.0109842 
vn 1 0 0 
vn 1 0 0 
vn 1 0 0 
vn 1 0 0 
f 1669//1669 1670//1670 1671//1671 
f 1671//1671 1672//1672 1669//1669 
o mesh887
v -9.91215e-05 9.5e-05 0.0109842 
v -9.91215e-05 8.5e-05 0.0109842 
v -0.000143028 8.5e-05 0.0109842 
v -0.000143028 9.5e-05 0.0109842 
vn 0 0 -1 
vn 0 0 -1 
vn 0 0 -1 
vn 0 0 -1 
f 1673//1673 1674//1674 1675//1675 
f 1675//1675 1676//1676 1673//1673 
o mesh888
v -9.91215e-05 9.5e-05 0.0109842 
v -0.000143028 9.5e-05 0.0109842 
v -0.000143028 9.5e-05 0.0110102 
v -9.91215e-05 9.5e-05 0.0110102 
vn 0 1 0 
vn 0 1 0 
vn 0 1 0 
vn 0 1 0 
f 1677//1677 1678//1678 1679//1679 
f 1679//1679 1680//1680 1677//1677 
