# OBJ generated by ONSHAPE BY PTC INC, 1.215 Units = meters
mtllib Part_1.mtl
g Part 1
usemtl 0.301961_0.301961_0.301961_0.000000_0.000000
o mesh0
v -0.0111559 -0.00156249 0 
v -0.0111614 -0.00158912 0 
v -0.0111614 -0.00158912 9.8e-05 
v -0.0111515 -0.00153565 0 
v -0.0111559 -0.00156249 9.8e-05 
v -0.0111482 -0.00150866 0 
v -0.0111515 -0.00153565 9.8e-05 
v -0.011146 -0.00148154 0 
v -0.0111482 -0.00150866 9.8e-05 
v -0.011145 -0.00145436 0 
v -0.011146 -0.00148154 9.8e-05 
v -0.011145 -0.00142716 0 
v -0.011145 -0.00145436 9.8e-05 
v -0.0111463 -0.00139999 0 
v -0.011145 -0.00142716 9.8e-05 
v -0.0111486 -0.00137289 0 
v -0.0111463 -0.00139999 9.8e-05 
v -0.0111521 -0.00134591 0 
v -0.0111486 -0.00137289 9.8e-05 
v -0.0111567 -0.0013191 0 
v -0.0111521 -0.00134591 9.8e-05 
v -0.0111624 -0.00129251 0 
v -0.0111567 -0.0013191 9.8e-05 
v -0.0111624 -0.00129251 9.8e-05 
vn -0.983096 0.183089 0 
vn -0.974622 0.223856 0 
vn -0.974622 0.223856 0 
vn -0.989866 0.142004 0 
vn -0.983096 0.183089 0 
vn -0.99492 0.100674 0 
vn -0.989866 0.142004 0 
vn -0.998248 0.0591681 0 
vn -0.99492 0.100674 0 
vn -0.999846 0.0175601 0 
vn -0.998248 0.0591681 0 
vn -0.99971 -0.0240784 0 
vn -0.999846 0.0175601 0 
vn -0.997841 -0.0656751 0 
vn -0.99971 -0.0240784 0 
vn -0.994242 -0.107158 0 
vn -0.997841 -0.0656751 0 
vn -0.988919 -0.148455 0 
vn -0.994242 -0.107158 0 
vn -0.981882 -0.189495 0 
vn -0.988919 -0.148455 0 
vn -0.973142 -0.230206 0 
vn -0.981882 -0.189495 0 
vn -0.973142 -0.230206 0 
f 1//1 2//2 3//3 
f 4//4 1//1 5//5 
f 6//6 4//4 7//7 
f 8//8 6//6 9//9 
f 10//10 8//8 11//11 
f 12//12 10//10 13//13 
f 14//14 12//12 15//15 
f 16//16 14//14 17//17 
f 18//18 16//16 19//19 
f 20//20 18//18 21//21 
f 22//22 20//20 23//23 
f 23//23 24//24 22//22 
f 21//21 23//23 20//20 
f 19//19 21//21 18//18 
f 17//17 19//19 16//16 
f 15//15 17//17 14//14 
f 13//13 15//15 12//12 
f 11//11 13//13 10//10 
f 9//9 11//11 8//8 
f 7//7 9//9 6//6 
f 5//5 7//7 4//4 
f 3//3 5//5 1//1 
o mesh1
v -0.0111614 -0.00158912 9.8e-05 
v -0.0111614 -0.00158912 0 
v -0.0111981 -0.00172514 0 
v -0.0111981 -0.00172514 9.8e-05 
vn -0.965615 0.259976 0 
vn -0.965615 0.259976 0 
vn -0.965615 0.259976 0 
vn -0.965615 0.259976 0 
f 25//25 26//26 27//27 
f 27//27 28//28 25//25 
o mesh2
v -0.0114015 -0.00228175 0 
v -0.0114669 -0.0024149 0 
v -0.0114669 -0.0024149 9.8e-05 
v -0.0113419 -0.00214595 0 
v -0.0114015 -0.00228175 9.8e-05 
v -0.011288 -0.00200775 0 
v -0.0113419 -0.00214595 9.8e-05 
v -0.01124 -0.0018674 0 
v -0.011288 -0.00200775 9.8e-05 
v -0.0111981 -0.00172514 0 
v -0.01124 -0.0018674 9.8e-05 
v -0.0111981 -0.00172514 9.8e-05 
vn -0.90684 0.421475 0 
vn -0.888199 0.459459 0 
vn -0.888199 0.459459 0 
vn -0.923857 0.382738 0 
vn -0.90684 0.421475 0 
vn -0.93922 0.343315 0 
vn -0.923857 0.382738 0 
vn -0.952902 0.303277 0 
vn -0.93922 0.343315 0 
vn -0.964878 0.262697 0 
vn -0.952902 0.303277 0 
vn -0.964878 0.262697 0 
f 29//29 30//30 31//31 
f 32//32 29//29 33//33 
f 34//34 32//32 35//35 
f 36//36 34//34 37//37 
f 38//38 36//36 39//39 
f 39//39 40//40 38//38 
f 37//37 39//39 36//36 
f 35//35 37//37 34//34 
f 33//33 35//35 32//32 
f 31//31 33//33 29//29 
o mesh3
v -0.0120366 -0.0032166 0 
v -0.012135 -0.00331749 0 
v -0.012135 -0.00331749 9.8e-05 
v -0.0119422 -0.00311197 0 
v -0.0120366 -0.0032166 9.8e-05 
v -0.0118519 -0.00300377 0 
v -0.0119422 -0.00311197 9.8e-05 
v -0.0117659 -0.00289214 0 
v -0.0118519 -0.00300377 9.8e-05 
v -0.0116842 -0.00277727 0 
v -0.0117659 -0.00289214 9.8e-05 
v -0.0116071 -0.00265932 0 
v -0.0116842 -0.00277727 9.8e-05 
v -0.0115346 -0.00253847 0 
v -0.0116071 -0.00265932 9.8e-05 
v -0.0114669 -0.0024149 0 
v -0.0115346 -0.00253847 9.8e-05 
v -0.0114669 -0.0024149 9.8e-05 
vn -0.72932 0.684172 0 
vn -0.702264 0.711916 0 
vn -0.702264 0.711916 0 
vn -0.755281 0.655401 0 
vn -0.72932 0.684172 0 
vn -0.780108 0.625645 0 
vn -0.755281 0.655401 0 
vn -0.803763 0.594949 0 
vn -0.780108 0.625645 0 
vn -0.826211 0.56336 0 
vn -0.803763 0.594949 0 
vn -0.847419 0.530925 0 
vn -0.826211 0.56336 0 
vn -0.867353 0.497693 0 
vn -0.847419 0.530925 0 
vn -0.885985 0.463713 0 
vn -0.867353 0.497693 0 
vn -0.885985 0.463713 0 
f 41//41 42//42 43//43 
f 44//44 41//41 45//45 
f 46//46 44//44 47//47 
f 48//48 46//46 49//49 
f 50//50 48//48 51//51 
f 52//52 50//50 53//53 
f 54//54 52//52 55//55 
f 56//56 54//54 57//57 
f 57//57 58//58 56//56 
f 55//55 57//57 54//54 
f 53//53 55//55 52//52 
f 51//51 53//53 50//50 
f 49//49 51//51 48//48 
f 47//47 49//49 46//46 
f 45//45 47//47 44//44 
f 43//43 45//45 41//41 
o mesh4
v -0.0121463 -0.00353098 0 
v -0.0121463 -0.00353098 9.8e-05 
v -0.0121506 -0.00352668 9.8e-05 
v -0.0121506 -0.00352668 0 
v -0.0121547 -0.0035222 9.8e-05 
v -0.0121547 -0.0035222 0 
v -0.0121586 -0.00351755 9.8e-05 
v -0.0121586 -0.00351755 0 
v -0.0121622 -0.00351273 9.8e-05 
v -0.0121622 -0.00351273 0 
v -0.0121657 -0.00350777 9.8e-05 
v -0.0121657 -0.00350777 0 
v -0.0121689 -0.00350266 9.8e-05 
v -0.0121689 -0.00350266 0 
v -0.012172 -0.00349742 9.8e-05 
v -0.012172 -0.00349742 0 
v -0.0121748 -0.00349205 9.8e-05 
v -0.0121748 -0.00349205 0 
v -0.0121774 -0.00348656 9.8e-05 
v -0.0121774 -0.00348656 0 
v -0.0121797 -0.00348098 9.8e-05 
v -0.0121797 -0.00348098 0 
v -0.0121818 -0.00347529 9.8e-05 
v -0.0121818 -0.00347529 0 
v -0.0121836 -0.00346953 9.8e-05 
v -0.0121836 -0.00346953 0 
v -0.0121852 -0.00346369 9.8e-05 
v -0.0121852 -0.00346369 0 
v -0.0121866 -0.00345778 9.8e-05 
v -0.0121866 -0.00345778 0 
v -0.0121877 -0.00345183 9.8e-05 
v -0.0121877 -0.00345183 0 
v -0.0121885 -0.00344583 9.8e-05 
v -0.0121885 -0.00344583 0 
v -0.0121891 -0.0034398 9.8e-05 
v -0.0121891 -0.0034398 0 
v -0.0121894 -0.00343376 9.8e-05 
v -0.0121894 -0.00343376 0 
v -0.0121895 -0.0034277 9.8e-05 
v -0.0121895 -0.0034277 0 
v -0.0121893 -0.00342165 9.8e-05 
v -0.0121893 -0.00342165 0 
v -0.0121888 -0.00341561 9.8e-05 
v -0.0121888 -0.00341561 0 
v -0.0121881 -0.00340959 9.8e-05 
v -0.0121881 -0.00340959 0 
v -0.0121872 -0.00340361 9.8e-05 
v -0.0121872 -0.00340361 0 
v -0.012186 -0.00339768 9.8e-05 
v -0.012186 -0.00339768 0 
v -0.0121845 -0.00339181 9.8e-05 
v -0.0121845 -0.00339181 0 
v -0.0121828 -0.003386 9.8e-05 
v -0.0121828 -0.003386 0 
v -0.0121808 -0.00338028 9.8e-05 
v -0.0121808 -0.00338028 0 
v -0.0121786 -0.00337464 9.8e-05 
v -0.0121786 -0.00337464 0 
v -0.0121761 -0.0033691 9.8e-05 
v -0.0121761 -0.0033691 0 
v -0.0121734 -0.00336367 9.8e-05 
v -0.0121734 -0.00336367 0 
v -0.0121705 -0.00335836 9.8e-05 
v -0.0121705 -0.00335836 0 
v -0.0121674 -0.00335319 9.8e-05 
v -0.0121674 -0.00335319 0 
v -0.012164 -0.00334815 9.8e-05 
v -0.012164 -0.00334815 0 
v -0.0121605 -0.00334325 9.8e-05 
v -0.0121605 -0.00334325 0 
v -0.0121567 -0.00333852 9.8e-05 
v -0.0121567 -0.00333852 0 
v -0.0121527 -0.00333395 9.8e-05 
v -0.0121527 -0.00333395 0 
v -0.0121485 -0.00332956 9.8e-05 
v -0.0121485 -0.00332956 0 
v -0.0121442 -0.00332534 9.8e-05 
v -0.0121442 -0.00332534 0 
v -0.0121397 -0.00332132 9.8e-05 
v -0.0121397 -0.00332132 0 
v -0.012135 -0.00331749 9.8e-05 
v -0.012135 -0.00331749 0 
vn -0.695277 -0.718742 0 
vn -0.695277 -0.718742 0 
vn -0.725365 -0.688364 0 
vn -0.725365 -0.688364 0 
vn -0.754128 -0.656728 0 
vn -0.754128 -0.656728 0 
vn -0.781511 -0.623891 0 
vn -0.781511 -0.623891 0 
vn -0.807466 -0.589914 0 
vn -0.807466 -0.589914 0 
vn -0.831945 -0.554858 0 
vn -0.831945 -0.554858 0 
vn -0.854903 -0.518788 0 
vn -0.854903 -0.518788 0 
vn -0.876298 -0.481769 0 
vn -0.876298 -0.481769 0 
vn -0.896091 -0.44387 0 
vn -0.896091 -0.44387 0 
vn -0.914246 -0.40516 0 
vn -0.914246 -0.40516 0 
vn -0.93073 -0.365708 0 
vn -0.93073 -0.365708 0 
vn -0.945512 -0.325588 0 
vn -0.945512 -0.325588 0 
vn -0.958565 -0.284873 0 
vn -0.958565 -0.284873 0 
vn -0.969866 -0.243637 0 
vn -0.969866 -0.243637 0 
vn -0.979395 -0.201956 0 
vn -0.979395 -0.201956 0 
vn -0.987132 -0.159905 0 
vn -0.987132 -0.159905 0 
vn -0.993066 -0.117562 0 
vn -0.993066 -0.117562 0 
vn -0.997183 -0.0750045 0 
vn -0.997183 -0.0750045 0 
vn -0.999478 -0.0323096 0 
vn -0.999478 -0.0323096 0 
vn -0.999945 0.0104443 0 
vn -0.999945 0.0104443 0 
vn -0.998585 0.0531792 0 
vn -0.998585 0.0531792 0 
vn -0.995399 0.0958169 0 
vn -0.995399 0.0958169 0 
vn -0.990393 0.138279 0 
vn -0.990393 0.138279 0 
vn -0.983577 0.180489 0 
vn -0.983577 0.180489 0 
vn -0.974963 0.222369 0 
vn -0.974963 0.222369 0 
vn -0.964566 0.263842 0 
vn -0.964566 0.263842 0 
vn -0.952406 0.304833 0 
vn -0.952406 0.304833 0 
vn -0.938505 0.345267 0 
vn -0.938505 0.345267 0 
vn -0.922888 0.385069 0 
vn -0.922888 0.385069 0 
vn -0.905584 0.424167 0 
vn -0.905584 0.424167 0 
vn -0.886624 0.462491 0 
vn -0.886624 0.462491 0 
vn -0.866044 0.499968 0 
vn -0.866044 0.499968 0 
vn -0.84388 0.536532 0 
vn -0.84388 0.536532 0 
vn -0.820174 0.572114 0 
vn -0.820174 0.572114 0 
vn -0.794968 0.606651 0 
vn -0.794968 0.606651 0 
vn -0.768309 0.640079 0 
vn -0.768309 0.640079 0 
vn -0.740246 0.672337 0 
vn -0.740246 0.672337 0 
vn -0.710829 0.703365 0 
vn -0.710829 0.703365 0 
vn -0.680112 0.733108 0 
vn -0.680112 0.733108 0 
vn -0.648153 0.76151 0 
vn -0.648153 0.76151 0 
vn -0.615008 0.788521 0 
vn -0.615008 0.788521 0 
f 59//59 60//60 61//61 
f 62//62 61//61 63//63 
f 64//64 63//63 65//65 
f 66//66 65//65 67//67 
f 68//68 67//67 69//69 
f 70//70 69//69 71//71 
f 72//72 71//71 73//73 
f 74//74 73//73 75//75 
f 76//76 75//75 77//77 
f 78//78 77//77 79//79 
f 80//80 79//79 81//81 
f 82//82 81//81 83//83 
f 84//84 83//83 85//85 
f 86//86 85//85 87//87 
f 88//88 87//87 89//89 
f 90//90 89//89 91//91 
f 92//92 91//91 93//93 
f 94//94 93//93 95//95 
f 96//96 95//95 97//97 
f 98//98 97//97 99//99 
f 100//100 99//99 101//101 
f 102//102 101//101 103//103 
f 104//104 103//103 105//105 
f 106//106 105//105 107//107 
f 108//108 107//107 109//109 
f 110//110 109//109 111//111 
f 112//112 111//111 113//113 
f 114//114 113//113 115//115 
f 116//116 115//115 117//117 
f 118//118 117//117 119//119 
f 120//120 119//119 121//121 
f 122//122 121//121 123//123 
f 124//124 123//123 125//125 
f 126//126 125//125 127//127 
f 128//128 127//127 129//129 
f 130//130 129//129 131//131 
f 132//132 131//131 133//133 
f 134//134 133//133 135//135 
f 136//136 135//135 137//137 
f 138//138 137//137 139//139 
f 139//139 140//140 138//138 
f 137//137 138//138 136//136 
f 135//135 136//136 134//134 
f 133//133 134//134 132//132 
f 131//131 132//132 130//130 
f 129//129 130//130 128//128 
f 127//127 128//128 126//126 
f 125//125 126//126 124//124 
f 123//123 124//124 122//122 
f 121//121 122//122 120//120 
f 119//119 120//120 118//118 
f 117//117 118//118 116//116 
f 115//115 116//116 114//114 
f 113//113 114//114 112//112 
f 111//111 112//112 110//110 
f 109//109 110//110 108//108 
f 107//107 108//108 106//106 
f 105//105 106//106 104//104 
f 103//103 104//104 102//102 
f 101//101 102//102 100//100 
f 99//99 100//100 98//98 
f 97//97 98//98 96//96 
f 95//95 96//96 94//94 
f 93//93 94//94 92//92 
f 91//91 92//92 90//90 
f 89//89 90//90 88//88 
f 87//87 88//88 86//86 
f 85//85 86//86 84//84 
f 83//83 84//84 82//82 
f 81//81 82//82 80//80 
f 79//79 80//80 78//78 
f 77//77 78//78 76//76 
f 75//75 76//76 74//74 
f 73//73 74//74 72//72 
f 71//71 72//72 70//70 
f 69//69 70//70 68//68 
f 67//67 68//68 66//66 
f 65//65 66//66 64//64 
f 63//63 64//64 62//62 
f 61//61 62//62 59//59 
o mesh5
v -0.0120282 -0.00342506 0 
v -0.0120282 -0.00342506 9.8e-05 
v -0.0120564 -0.00345299 9.8e-05 
v -0.0120564 -0.00345299 0 
v -0.0120855 -0.00347997 9.8e-05 
v -0.0120855 -0.00347997 0 
v -0.0121155 -0.00350598 9.8e-05 
v -0.0121155 -0.00350598 0 
v -0.0121463 -0.00353098 9.8e-05 
v -0.0121463 -0.00353098 0 
vn 0.7153 -0.698818 0 
vn 0.7153 -0.698818 0 
vn 0.691877 -0.722016 0 
vn 0.691877 -0.722016 0 
vn 0.667701 -0.744429 0 
vn 0.667701 -0.744429 0 
vn 0.642801 -0.766034 0 
vn 0.642801 -0.766034 0 
vn 0.617201 -0.786805 0 
vn 0.617201 -0.786805 0 
f 141//141 142//142 143//143 
f 144//144 143//143 145//145 
f 146//146 145//145 147//147 
f 148//148 147//147 149//149 
f 149//149 150//150 148//148 
f 147//147 148//148 146//146 
f 145//145 146//146 144//144 
f 143//143 144//144 141//141 
o mesh6
v -0.0113292 -0.00248828 0 
v -0.0113292 -0.00248828 9.8e-05 
v -0.0114001 -0.00261671 9.8e-05 
v -0.0114001 -0.00261671 0 
v -0.0114759 -0.00274228 9.8e-05 
v -0.0114759 -0.00274228 0 
v -0.0115566 -0.00286479 9.8e-05 
v -0.0115566 -0.00286479 0 
v -0.011642 -0.00298405 9.8e-05 
v -0.011642 -0.00298405 0 
v -0.011732 -0.00309989 9.8e-05 
v -0.011732 -0.00309989 0 
v -0.0118265 -0.00321211 9.8e-05 
v -0.0118265 -0.00321211 0 
v -0.0119253 -0.00332056 9.8e-05 
v -0.0119253 -0.00332056 0 
v -0.0120282 -0.00342506 9.8e-05 
v -0.0120282 -0.00342506 0 
vn 0.884813 -0.465946 0 
vn 0.884813 -0.465946 0 
vn 0.865927 -0.500171 0 
vn 0.865927 -0.500171 0 
vn 0.845717 -0.533632 0 
vn 0.845717 -0.533632 0 
vn 0.824215 -0.566278 0 
vn 0.824215 -0.566278 0 
vn 0.801453 -0.598058 0 
vn 0.801453 -0.598058 0 
vn 0.777467 -0.628924 0 
vn 0.777467 -0.628924 0 
vn 0.752292 -0.65883 0 
vn 0.752292 -0.65883 0 
vn 0.725968 -0.687728 0 
vn 0.725968 -0.687728 0 
vn 0.698535 -0.715576 0 
vn 0.698535 -0.715576 0 
f 151//151 152//152 153//153 
f 154//154 153//153 155//155 
f 156//156 155//155 157//157 
f 158//158 157//157 159//159 
f 160//160 159//159 161//161 
f 162//162 161//161 163//163 
f 164//164 163//163 165//165 
f 166//166 165//165 167//167 
f 167//167 168//168 166//166 
f 165//165 166//166 164//164 
f 163//163 164//164 162//162 
f 161//161 162//162 160//160 
f 159//159 160//160 158//158 
f 157//157 158//158 156//156 
f 155//155 156//156 154//154 
f 153//153 154//154 151//151 
o mesh7
v -0.0110451 -0.00176825 0 
v -0.0110451 -0.00176825 9.8e-05 
v -0.0110899 -0.00191671 9.8e-05 
v -0.0110899 -0.00191671 0 
v -0.0111408 -0.00206319 9.8e-05 
v -0.0111408 -0.00206319 0 
v -0.0111977 -0.00220745 9.8e-05 
v -0.0111977 -0.00220745 0 
v -0.0112606 -0.00234922 9.8e-05 
v -0.0112606 -0.00234922 0 
v -0.0113292 -0.00248828 9.8e-05 
v -0.0113292 -0.00248828 0 
vn 0.963109 -0.269113 0 
vn 0.963109 -0.269113 0 
vn 0.951161 -0.308696 0 
vn 0.951161 -0.308696 0 
vn 0.937587 -0.347751 0 
vn 0.937587 -0.347751 0 
vn 0.92241 -0.386212 0 
vn 0.92241 -0.386212 0 
vn 0.905656 -0.424013 0 
vn 0.905656 -0.424013 0 
vn 0.887354 -0.461088 0 
vn 0.887354 -0.461088 0 
f 169//169 170//170 171//171 
f 172//172 171//171 173//173 
f 174//174 173//173 175//175 
f 176//176 175//175 177//177 
f 178//178 177//177 179//179 
f 179//179 180//180 178//178 
f 177//177 178//178 176//176 
f 175//175 176//176 174//174 
f 173//173 174//174 172//172 
f 171//171 172//172 169//169 
o mesh8
v -0.0109885 -0.00156446 0 
v -0.0109885 -0.00156446 9.8e-05 
v -0.0110451 -0.00176825 9.8e-05 
v -0.0110451 -0.00176825 0 
vn 0.96531 -0.261105 0 
vn 0.96531 -0.261105 0 
vn 0.961798 -0.27376 0 
vn 0.961798 -0.27376 0 
f 181//181 182//182 183//183 
f 183//183 184//184 181//181 
o mesh9
v -0.0108369 -0.0011204 0 
v -0.0107885 -0.0010134 0 
v -0.0107885 -0.0010134 9.8e-05 
v -0.0108811 -0.00122917 0 
v -0.0108369 -0.0011204 9.8e-05 
v -0.0109212 -0.00133954 0 
v -0.0108811 -0.00122917 9.8e-05 
v -0.010957 -0.00145136 0 
v -0.0109212 -0.00133954 9.8e-05 
v -0.0109885 -0.00156446 0 
v -0.010957 -0.00145136 9.8e-05 
v -0.0109885 -0.00156446 9.8e-05 
vn 0.918958 -0.394356 0 
vn 0.90326 -0.429094 0 
vn 0.90326 -0.429094 0 
vn 0.933321 -0.359044 0 
vn 0.918958 -0.394356 0 
vn 0.946327 -0.323211 0 
vn 0.933321 -0.359044 0 
vn 0.957958 -0.286908 0 
vn 0.946327 -0.323211 0 
vn 0.968197 -0.250188 0 
vn 0.957958 -0.286908 0 
vn 0.968197 -0.250188 0 
f 185//185 186//186 187//187 
f 188//188 185//185 189//189 
f 190//190 188//188 191//191 
f 192//192 190//190 193//193 
f 194//194 192//192 195//195 
f 195//195 196//196 194//194 
f 193//193 195//195 192//192 
f 191//191 193//193 190//190 
f 189//189 191//191 188//188 
f 187//187 189//189 185//185 
o mesh10
v -0.0105848 -0.000756123 0 
v -0.01055 -0.000724432 0 
v -0.01055 -0.000724432 9.8e-05 
v -0.0106182 -0.000789193 0 
v -0.0105848 -0.000756123 9.8e-05 
v -0.0106503 -0.000823588 0 
v -0.0106182 -0.000789193 9.8e-05 
v -0.010681 -0.000859252 0 
v -0.0106503 -0.000823588 9.8e-05 
v -0.0107102 -0.000896127 0 
v -0.010681 -0.000859252 9.8e-05 
v -0.0107378 -0.000934151 0 
v -0.0107102 -0.000896127 9.8e-05 
v -0.010764 -0.000973264 0 
v -0.0107378 -0.000934151 9.8e-05 
v -0.0107885 -0.0010134 0 
v -0.010764 -0.000973264 9.8e-05 
v -0.0107885 -0.0010134 9.8e-05 
vn 0.68856 -0.72518 0 
vn 0.658684 -0.75242 0 
vn 0.658684 -0.75242 0 
vn 0.71731 -0.696754 0 
vn 0.68856 -0.72518 0 
vn 0.744888 -0.667189 0 
vn 0.71731 -0.696754 0 
vn 0.771249 -0.636534 0 
vn 0.744888 -0.667189 0 
vn 0.796348 -0.604838 0 
vn 0.771249 -0.636534 0 
vn 0.820147 -0.572154 0 
vn 0.796348 -0.604838 0 
vn 0.842604 -0.538534 0 
vn 0.820147 -0.572154 0 
vn 0.863684 -0.504034 0 
vn 0.842604 -0.538534 0 
vn 0.863684 -0.504034 0 
f 197//197 198//198 199//199 
f 200//200 197//197 201//201 
f 202//202 200//200 203//203 
f 204//204 202//202 205//205 
f 206//206 204//204 207//207 
f 208//208 206//206 209//209 
f 210//210 208//208 211//211 
f 212//212 210//210 213//213 
f 213//213 214//214 212//212 
f 211//211 213//213 210//210 
f 209//209 211//211 208//208 
f 207//207 209//209 206//206 
f 205//205 207//207 204//204 
f 203//203 205//205 202//202 
f 201//201 203//203 200//200 
f 199//199 201//201 197//197 
o mesh11
v -0.01055 -0.000724432 9.8e-05 
v -0.01055 -0.000724432 0 
v -0.0101674 -0.000435157 0 
v -0.0101674 -0.000435157 9.8e-05 
vn 0.603082 -0.797679 0 
vn 0.603082 -0.797679 0 
vn 0.603082 -0.797679 0 
vn 0.603082 -0.797679 0 
f 215//215 216//216 217//217 
f 217//217 218//218 215//215 
o mesh12
v -0.0101674 -0.000435157 9.8e-05 
v -0.0101674 -0.000435157 0 
v -0.010204 -0.000187856 0 
v -0.010204 -0.000187856 9.8e-05 
vn 0.989203 0.146549 0 
vn 0.989203 0.146549 0 
vn 0.989203 0.146549 0 
vn 0.989203 0.146549 0 
f 219//219 220//220 221//221 
f 221//221 222//222 219//219 
o mesh13
v -0.010204 -0.000187856 9.8e-05 
v -0.010204 -0.000187856 0 
v -0.0104513 -0.000224494 0 
v -0.0104513 -0.000224494 9.8e-05 
vn -0.146549 0.989203 0 
vn -0.146549 0.989203 0 
vn -0.146549 0.989203 0 
vn -0.146549 0.989203 0 
f 223//223 224//224 225//225 
f 225//225 226//226 223//223 
o mesh14
v -0.0104513 -0.000224494 9.8e-05 
v -0.0104513 -0.000224494 0 
v -0.0104147 -0.000471795 0 
v -0.0104147 -0.000471795 9.8e-05 
vn -0.989203 -0.146549 0 
vn -0.989203 -0.146549 0 
vn -0.989203 -0.146549 0 
vn -0.989203 -0.146549 0 
f 227//227 228//228 229//229 
f 229//229 230//230 227//227 
o mesh15
v -0.0104147 -0.000471795 9.8e-05 
v -0.0104147 -0.000471795 0 
v -0.010662 -0.000508432 0 
v -0.010662 -0.000508432 9.8e-05 
vn -0.146549 0.989203 0 
vn -0.146549 0.989203 0 
vn -0.146549 0.989203 0 
vn -0.146549 0.989203 0 
f 231//231 232//232 233//233 
f 233//233 234//234 231//231 
o mesh16
v -0.010662 -0.000508432 9.8e-05 
v -0.010662 -0.000508432 0 
v -0.0107294 -5.33982e-05 0 
v -0.0107294 -5.33982e-05 9.8e-05 
vn 0.989203 0.146549 0 
vn 0.989203 0.146549 0 
vn 0.989203 0.146549 0 
vn 0.989203 0.146549 0 
f 235//235 236//236 237//237 
f 237//237 238//238 235//235 
o mesh17
v -0.0107294 -5.33982e-05 9.8e-05 
v -0.0107294 -5.33982e-05 0 
v -0.0109767 -9.00355e-05 0 
v -0.0109767 -9.00355e-05 9.8e-05 
vn -0.146549 0.989203 0 
vn -0.146549 0.989203 0 
vn -0.146549 0.989203 0 
vn -0.146549 0.989203 0 
f 239//239 240//240 241//241 
f 241//241 242//242 239//239 
o mesh18
v -0.0109767 -9.00355e-05 9.8e-05 
v -0.0109767 -9.00355e-05 0 
v -0.0109093 -0.000545069 0 
v -0.0109093 -0.000545069 9.8e-05 
vn -0.989203 -0.146549 0 
vn -0.989203 -0.146549 0 
vn -0.989203 -0.146549 0 
vn -0.989203 -0.146549 0 
f 243//243 244//244 245//245 
f 245//245 246//246 243//243 
o mesh19
v -0.0109093 -0.000545069 9.8e-05 
v -0.0109093 -0.000545069 0 
v -0.0111566 -0.000581707 0 
v -0.0111566 -0.000581707 9.8e-05 
vn -0.146549 0.989203 0 
vn -0.146549 0.989203 0 
vn -0.146549 0.989203 0 
vn -0.146549 0.989203 0 
f 247//247 248//248 249//249 
f 249//249 250//250 247//247 
o mesh20
v -0.0111566 -0.000581707 9.8e-05 
v -0.0111566 -0.000581707 0 
v -0.0111932 -0.000334406 0 
v -0.0111932 -0.000334406 9.8e-05 
vn 0.989203 0.146549 0 
vn 0.989203 0.146549 0 
vn 0.989203 0.146549 0 
vn 0.989203 0.146549 0 
f 251//251 252//252 253//253 
f 253//253 254//254 251//251 
o mesh21
v -0.0111932 -0.000334406 9.8e-05 
v -0.0111932 -0.000334406 0 
v -0.0114405 -0.000371043 0 
v -0.0114405 -0.000371043 9.8e-05 
vn -0.146549 0.989203 0 
vn -0.146549 0.989203 0 
vn -0.146549 0.989203 0 
vn -0.146549 0.989203 0 
f 255//255 256//256 257//257 
f 257//257 258//258 255//255 
o mesh22
v -0.0114405 -0.000371043 0 
v -0.0114713 -0.00016331 0 
v -0.0114713 -0.00016331 9.8e-05 
v -0.0114405 -0.000371043 9.8e-05 
vn 0.989203 0.146549 0 
vn 0.989203 0.146549 0 
vn 0.989203 0.146549 0 
vn 0.989203 0.146549 0 
f 259//259 260//260 261//261 
f 261//261 262//262 259//259 
o mesh23
v -0.0115208 -5.94758e-05 0 
v -0.0115208 -5.94758e-05 9.8e-05 
v -0.0115154 -6.57873e-05 9.8e-05 
v -0.0115154 -6.57873e-05 0 
v -0.0115102 -7.2316e-05 9.8e-05 
v -0.0115102 -7.2316e-05 0 
v -0.0115053 -7.90508e-05 9.8e-05 
v -0.0115053 -7.90508e-05 0 
v -0.0115007 -8.59807e-05 9.8e-05 
v -0.0115007 -8.59807e-05 0 
v -0.0114963 -9.30938e-05 9.8e-05 
v -0.0114963 -9.30938e-05 0 
v -0.0114923 -0.000100378 9.8e-05 
v -0.0114923 -0.000100378 0 
v -0.0114886 -0.000107822 9.8e-05 
v -0.0114886 -0.000107822 0 
v -0.0114851 -0.000115413 9.8e-05 
v -0.0114851 -0.000115413 0 
v -0.011482 -0.000123137 9.8e-05 
v -0.011482 -0.000123137 0 
v -0.0114792 -0.000130983 9.8e-05 
v -0.0114792 -0.000130983 0 
v -0.0114768 -0.000138936 9.8e-05 
v -0.0114768 -0.000138936 0 
v -0.0114746 -0.000146984 9.8e-05 
v -0.0114746 -0.000146984 0 
v -0.0114728 -0.000155113 9.8e-05 
v -0.0114728 -0.000155113 0 
v -0.0114713 -0.00016331 9.8e-05 
v -0.0114713 -0.00016331 0 
vn 0.744211 0.667945 0 
vn 0.744211 0.667945 0 
vn 0.770921 0.636931 0 
vn 0.770921 0.636931 0 
vn 0.796339 0.604851 0 
vn 0.796339 0.604851 0 
vn 0.820423 0.571757 0 
vn 0.820423 0.571757 0 
vn 0.843133 0.537705 0 
vn 0.843133 0.537705 0 
vn 0.86443 0.502752 0 
vn 0.86443 0.502752 0 
vn 0.88428 0.466958 0 
vn 0.88428 0.466958 0 
vn 0.902647 0.430381 0 
vn 0.902647 0.430381 0 
vn 0.919503 0.393083 0 
vn 0.919503 0.393083 0 
vn 0.934818 0.355126 0 
vn 0.934818 0.355126 0 
vn 0.948568 0.316575 0 
vn 0.948568 0.316575 0 
vn 0.960728 0.277493 0 
vn 0.960728 0.277493 0 
vn 0.971278 0.237946 0 
vn 0.971278 0.237946 0 
vn 0.980202 0.198001 0 
vn 0.980202 0.198001 0 
vn 0.987483 0.157724 0 
vn 0.987483 0.157724 0 
f 263//263 264//264 265//265 
f 266//266 265//265 267//267 
f 268//268 267//267 269//269 
f 270//270 269//269 271//271 
f 272//272 271//271 273//273 
f 274//274 273//273 275//275 
f 276//276 275//275 277//277 
f 278//278 277//277 279//279 
f 280//280 279//279 281//281 
f 282//282 281//281 283//283 
f 284//284 283//283 285//285 
f 286//286 285//285 287//287 
f 288//288 287//287 289//289 
f 290//290 289//289 291//291 
f 291//291 292//292 290//290 
f 289//289 290//290 288//288 
f 287//287 288//288 286//286 
f 285//285 286//286 284//284 
f 283//283 284//284 282//282 
f 281//281 282//282 280//280 
f 279//279 280//280 278//278 
f 277//277 278//278 276//276 
f 275//275 276//276 274//274 
f 273//273 274//274 272//272 
f 271//271 272//272 270//270 
f 269//269 270//270 268//268 
f 267//267 268//268 266//266 
f 265//265 266//266 263//263 
o mesh24
v -0.0115772 4.16246e-05 0 
v -0.0115805 5.28008e-05 0 
v -0.0115805 5.28008e-05 9.8e-05 
v -0.0115734 3.05901e-05 0 
v -0.0115772 4.16246e-05 9.8e-05 
v -0.0115692 1.97155e-05 0 
v -0.0115734 3.05901e-05 9.8e-05 
v -0.0115646 9.01839e-06 0 
v -0.0115692 1.97155e-05 9.8e-05 
v -0.0115596 -1.4839e-06 0 
v -0.0115646 9.01839e-06 9.8e-05 
v -0.0115541 -1.17743e-05 0 
v -0.0115596 -1.4839e-06 9.8e-05 
v -0.0115482 -2.1836e-05 0 
v -0.0115541 -1.17743e-05 9.8e-05 
v -0.0115419 -3.16528e-05 0 
v -0.0115482 -2.1836e-05 9.8e-05 
v -0.0115353 -4.12086e-05 0 
v -0.0115419 -3.16528e-05 9.8e-05 
v -0.0115282 -5.04879e-05 0 
v -0.0115353 -4.12086e-05 9.8e-05 
v -0.0115208 -5.94758e-05 0 
v -0.0115282 -5.04879e-05 9.8e-05 
v -0.0115208 -5.94758e-05 9.8e-05 
vn 0.953286 0.302069 0 
vn 0.964685 0.263406 0 
vn 0.964685 0.263406 0 
vn 0.940338 0.340242 0 
vn 0.953286 0.302069 0 
vn 0.925862 0.377862 0 
vn 0.940338 0.340242 0 
vn 0.909882 0.414867 0 
vn 0.925862 0.377862 0 
vn 0.892423 0.451199 0 
vn 0.909882 0.414867 0 
vn 0.873515 0.486798 0 
vn 0.892423 0.451199 0 
vn 0.853187 0.521605 0 
vn 0.873515 0.486798 0 
vn 0.831473 0.555565 0 
vn 0.853187 0.521605 0 
vn 0.808408 0.588623 0 
vn 0.831473 0.555565 0 
vn 0.784029 0.620724 0 
vn 0.808408 0.588623 0 
vn 0.758377 0.651816 0 
vn 0.784029 0.620724 0 
vn 0.758377 0.651816 0 
f 293//293 294//294 295//295 
f 296//296 293//293 297//297 
f 298//298 296//296 299//299 
f 300//300 298//298 301//301 
f 302//302 300//300 303//303 
f 304//304 302//302 305//305 
f 306//306 304//304 307//307 
f 308//308 306//306 309//309 
f 310//310 308//308 311//311 
f 312//312 310//310 313//313 
f 314//314 312//312 315//315 
f 315//315 316//316 314//314 
f 313//313 315//315 312//312 
f 311//311 313//313 310//310 
f 309//309 311//311 308//308 
f 307//307 309//309 306//306 
f 305//305 307//307 304//304 
f 303//303 305//305 302//302 
f 301//301 303//303 300//300 
f 299//299 301//301 298//298 
f 297//297 299//299 296//296 
f 295//295 297//297 293//293 
o mesh25
v -0.0116495 0.000206831 0 
v -0.0116495 0.000206831 9.8e-05 
v -0.0116399 0.000192849 9.8e-05 
v -0.0116399 0.000192849 0 
v -0.0116308 0.000178484 9.8e-05 
v -0.0116308 0.000178484 0 
v -0.0116223 0.000163762 9.8e-05 
v -0.0116223 0.000163762 0 
v -0.0116144 0.000148707 9.8e-05 
v -0.0116144 0.000148707 0 
v -0.0116071 0.000133343 9.8e-05 
v -0.0116071 0.000133343 0 
v -0.0116005 0.000117695 9.8e-05 
v -0.0116005 0.000117695 0 
v -0.0115945 0.000101791 9.8e-05 
v -0.0115945 0.000101791 0 
v -0.0115892 8.56562e-05 9.8e-05 
v -0.0115892 8.56562e-05 0 
v -0.0115845 6.9317e-05 9.8e-05 
v -0.0115845 6.9317e-05 0 
v -0.0115805 5.28008e-05 9.8e-05 
v -0.0115805 5.28008e-05 0 
vn 0.810898 0.585187 0 
vn 0.810898 0.585187 0 
vn 0.834031 0.551718 0 
vn 0.834031 0.551718 0 
vn 0.855783 0.517335 0 
vn 0.855783 0.517335 0 
vn 0.876118 0.482096 0 
vn 0.876118 0.482096 0 
vn 0.895004 0.446059 0 
vn 0.895004 0.446059 0 
vn 0.912407 0.409284 0 
vn 0.912407 0.409284 0 
vn 0.928301 0.371831 0 
vn 0.928301 0.371831 0 
vn 0.942657 0.333762 0 
vn 0.942657 0.333762 0 
vn 0.955454 0.295141 0 
vn 0.955454 0.295141 0 
vn 0.966668 0.256032 0 
vn 0.966668 0.256032 0 
vn 0.976283 0.216498 0 
vn 0.976283 0.216498 0 
f 317//317 318//318 319//319 
f 320//320 319//319 321//321 
f 322//322 321//321 323//323 
f 324//324 323//323 325//325 
f 326//326 325//325 327//327 
f 328//328 327//327 329//329 
f 330//330 329//329 331//331 
f 332//332 331//331 333//333 
f 334//334 333//333 335//335 
f 336//336 335//335 337//337 
f 337//337 338//338 336//336 
f 335//335 336//336 334//334 
f 333//333 334//334 332//332 
f 331//331 332//332 330//330 
f 329//329 330//330 328//328 
f 327//327 328//328 326//326 
f 325//325 326//326 324//324 
f 323//323 324//324 322//322 
f 321//321 322//322 320//320 
f 319//319 320//320 317//317 
o mesh26
v -0.0117637 0.000310881 0 
v -0.0117637 0.000310881 9.8e-05 
v -0.0117457 0.000297951 9.8e-05 
v -0.0117457 0.000297951 0 
v -0.0117283 0.000284342 9.8e-05 
v -0.0117283 0.000284342 0 
v -0.0117113 0.000270073 9.8e-05 
v -0.0117113 0.000270073 0 
v -0.011695 0.000255165 9.8e-05 
v -0.011695 0.000255165 0 
v -0.0116792 0.00023964 9.8e-05 
v -0.0116792 0.00023964 0 
v -0.0116641 0.000223521 9.8e-05 
v -0.0116641 0.000223521 0 
v -0.0116495 0.000206831 9.8e-05 
v -0.0116495 0.000206831 0 
vn 0.56864 0.822586 0 
vn 0.56864 0.822586 0 
vn 0.599809 0.800143 0 
vn 0.599809 0.800143 0 
vn 0.630094 0.776519 0 
vn 0.630094 0.776519 0 
vn 0.659449 0.75175 0 
vn 0.659449 0.75175 0 
vn 0.687831 0.725871 0 
vn 0.687831 0.725871 0 
vn 0.715198 0.698922 0 
vn 0.715198 0.698922 0 
vn 0.74151 0.670942 0 
vn 0.74151 0.670942 0 
vn 0.766728 0.641972 0 
vn 0.766728 0.641972 0 
f 339//339 340//340 341//341 
f 342//342 341//341 343//343 
f 344//344 343//343 345//345 
f 346//346 345//345 347//347 
f 348//348 347//347 349//349 
f 350//350 349//349 351//351 
f 352//352 351//351 353//353 
f 353//353 354//354 352//352 
f 351//351 352//352 350//350 
f 349//349 350//350 348//348 
f 347//347 348//348 346//346 
f 345//345 346//346 344//344 
f 343//343 344//344 342//342 
f 341//341 342//342 339//339 
o mesh27
v -0.0120604 0.000395479 0 
v -0.0120604 0.000395479 9.8e-05 
v -0.012038 0.000395333 9.8e-05 
v -0.012038 0.000395333 0 
v -0.0120157 0.000394254 9.8e-05 
v -0.0120157 0.000394254 0 
v -0.0119934 0.000392245 9.8e-05 
v -0.0119934 0.000392245 0 
v -0.0119713 0.00038931 9.8e-05 
v -0.0119713 0.00038931 0 
v -0.0119493 0.000385452 9.8e-05 
v -0.0119493 0.000385452 0 
v -0.0119274 0.000380679 9.8e-05 
v -0.0119274 0.000380679 0 
v -0.0119058 0.000375 9.8e-05 
v -0.0119058 0.000375 0 
v -0.0118844 0.000368424 9.8e-05 
v -0.0118844 0.000368424 0 
v -0.0118634 0.000360962 9.8e-05 
v -0.0118634 0.000360962 0 
v -0.0118426 0.000352628 9.8e-05 
v -0.0118426 0.000352628 0 
v -0.0118222 0.000343436 9.8e-05 
v -0.0118222 0.000343436 0 
v -0.0118023 0.000333403 9.8e-05 
v -0.0118023 0.000333403 0 
v -0.0117827 0.000322544 9.8e-05 
v -0.0117827 0.000322544 0 
v -0.0117637 0.000310881 9.8e-05 
v -0.0117637 0.000310881 0 
vn -0.0143098 0.999898 0 
vn -0.0143098 0.999898 0 
vn 0.0274083 0.999624 0 
vn 0.0274083 0.999624 0 
vn 0.0690787 0.997611 0 
vn 0.0690787 0.997611 0 
vn 0.110629 0.993862 0 
vn 0.110629 0.993862 0 
vn 0.151986 0.988383 0 
vn 0.151986 0.988383 0 
vn 0.19308 0.981183 0 
vn 0.19308 0.981183 0 
vn 0.233837 0.972276 0 
vn 0.233837 0.972276 0 
vn 0.274187 0.961677 0 
vn 0.274187 0.961677 0 
vn 0.314059 0.949403 0 
vn 0.314059 0.949403 0 
vn 0.353386 0.935478 0 
vn 0.353386 0.935478 0 
vn 0.392097 0.919924 0 
vn 0.392097 0.919924 0 
vn 0.430126 0.902769 0 
vn 0.430126 0.902769 0 
vn 0.467406 0.884043 0 
vn 0.467406 0.884043 0 
vn 0.503872 0.863778 0 
vn 0.503872 0.863778 0 
vn 0.539462 0.84201 0 
vn 0.539462 0.84201 0 
f 355//355 356//356 357//357 
f 358//358 357//357 359//359 
f 360//360 359//359 361//361 
f 362//362 361//361 363//363 
f 364//364 363//363 365//365 
f 366//366 365//365 367//367 
f 368//368 367//367 369//369 
f 370//370 369//369 371//371 
f 372//372 371//371 373//373 
f 374//374 373//373 375//375 
f 376//376 375//375 377//377 
f 378//378 377//377 379//379 
f 380//380 379//379 381//381 
f 382//382 381//381 383//383 
f 383//383 384//384 382//382 
f 381//381 382//382 380//380 
f 379//379 380//380 378//378 
f 377//377 378//378 376//376 
f 375//375 376//376 374//374 
f 373//373 374//374 372//372 
f 371//371 372//372 370//370 
f 369//369 370//370 368//368 
f 367//367 368//368 366//366 
f 365//365 366//366 364//364 
f 363//363 364//364 362//362 
f 361//361 362//362 360//360 
f 359//359 360//360 358//358 
f 357//357 358//358 355//355 
o mesh28
v -0.0120604 0.000395479 9.8e-05 
v -0.0120604 0.000395479 0 
v -0.0177695 0.000395477 0 
v -0.0177695 0.000395477 9.8e-05 
vn -4.59441e-07 1 0 
vn -4.59441e-07 1 0 
vn -4.59441e-07 1 0 
vn -4.59441e-07 1 0 
f 385//385 386//386 387//387 
f 387//387 388//388 385//385 
o mesh29
v -0.0177695 0.000395477 0 
v -0.0186178 0.000400542 0 
v -0.0186178 0.000400542 9.8e-05 
v -0.0177695 0.000395477 9.8e-05 
vn 0.00394782 0.999992 0 
vn 0.00799252 0.999968 0 
vn 0.00799252 0.999968 0 
vn 0.00394782 0.999992 0 
f 389//389 390//390 391//391 
f 391//391 392//392 389//389 
o mesh30
v -0.0199121 0.00034383 0 
v -0.0199121 0.00034383 9.8e-05 
v -0.0186178 0.000400542 9.8e-05 
v -0.0186178 0.000400542 0 
vn -0.063695 0.997969 0 
vn -0.063695 0.997969 0 
vn -0.0238403 0.999716 0 
vn -0.0238403 0.999716 0 
f 393//393 394//394 395//395 
f 395//395 396//396 393//393 
o mesh31
v -0.0213124 0.00012396 0 
v -0.0213124 0.00012396 9.8e-05 
v -0.0209657 0.000198946 9.8e-05 
v -0.0209657 0.000198946 0 
v -0.0206165 0.000260642 9.8e-05 
v -0.0206165 0.000260642 0 
v -0.0202651 0.000308961 9.8e-05 
v -0.0202651 0.000308961 0 
v -0.0199121 0.00034383 9.8e-05 
v -0.0199121 0.00034383 0 
vn -0.230027 0.973184 0 
vn -0.230027 0.973184 0 
vn -0.192709 0.981256 0 
vn -0.192709 0.981256 0 
vn -0.15511 0.987897 0 
vn -0.15511 0.987897 0 
vn -0.117286 0.993098 0 
vn -0.117286 0.993098 0 
vn -0.0792902 0.996852 0 
vn -0.0792902 0.996852 0 
f 397//397 398//398 399//399 
f 400//400 399//399 401//401 
f 402//402 401//401 403//403 
f 404//404 403//403 405//405 
f 405//405 406//406 404//404 
f 403//403 404//404 402//402 
f 401//401 402//402 400//400 
f 399//399 400//400 397//397 
o mesh32
v -0.021772 1.69968e-06 0 
v -0.021772 1.69968e-06 9.8e-05 
v -0.0215431 6.63204e-05 9.8e-05 
v -0.0215431 6.63204e-05 0 
v -0.0213124 0.00012396 9.8e-05 
v -0.0213124 0.00012396 0 
vn -0.286349 0.958125 0 
vn -0.286349 0.958125 0 
vn -0.257112 0.966382 0 
vn -0.257112 0.966382 0 
vn -0.227638 0.973746 0 
vn -0.227638 0.973746 0 
f 407//407 408//408 409//409 
f 410//410 409//409 411//411 
f 411//411 412//412 410//410 
f 409//409 410//410 407//407 
o mesh33
v -0.0225934 -0.000315722 0 
v -0.0225934 -0.000315722 9.8e-05 
v -0.0223931 -0.000223652 9.8e-05 
v -0.0223931 -0.000223652 0 
v -0.0221892 -0.000139965 9.8e-05 
v -0.0221892 -0.000139965 0 
v -0.0219821 -6.48048e-05 9.8e-05 
v -0.0219821 -6.48048e-05 0 
v -0.021772 1.69968e-06 9.8e-05 
v -0.021772 1.69968e-06 0 
vn -0.436511 0.899699 0 
vn -0.436511 0.899699 0 
vn -0.398827 0.917026 0 
vn -0.398827 0.917026 0 
vn -0.360456 0.932776 0 
vn -0.360456 0.932776 0 
vn -0.321466 0.946921 0 
vn -0.321466 0.946921 0 
vn -0.281923 0.959437 0 
vn -0.281923 0.959437 0 
f 413//413 414//414 415//415 
f 416//416 415//415 417//417 
f 418//418 417//417 419//419 
f 420//420 419//419 421//421 
f 421//421 422//422 420//420 
f 419//419 420//420 418//418 
f 417//417 418//418 416//416 
f 415//415 416//416 413//413 
o mesh34
v -0.023227 -0.000728498 0 
v -0.023227 -0.000728498 9.8e-05 
v -0.0231434 -0.000659521 9.8e-05 
v -0.0231434 -0.000659521 0 
v -0.0230574 -0.000593733 9.8e-05 
v -0.0230574 -0.000593733 0 
v -0.0229689 -0.000531227 9.8e-05 
v -0.0229689 -0.000531227 0 
v -0.0228781 -0.000472092 9.8e-05 
v -0.0228781 -0.000472092 0 
v -0.0227852 -0.000416411 9.8e-05 
v -0.0227852 -0.000416411 0 
v -0.0226902 -0.000364263 9.8e-05 
v -0.0226902 -0.000364263 0 
v -0.0225934 -0.000315722 9.8e-05 
v -0.0225934 -0.000315722 0 
vn -0.651093 0.758998 0 
vn -0.651093 0.758998 0 
vn -0.622099 0.782938 0 
vn -0.622099 0.782938 0 
vn -0.592226 0.805772 0 
vn -0.592226 0.805772 0 
vn -0.561516 0.827466 0 
vn -0.561516 0.827466 0 
vn -0.530012 0.84799 0 
vn -0.530012 0.84799 0 
vn -0.497759 0.867315 0 
vn -0.497759 0.867315 0 
vn -0.464802 0.885415 0 
vn -0.464802 0.885415 0 
vn -0.431188 0.902262 0 
vn -0.431188 0.902262 0 
f 423//423 424//424 425//425 
f 426//426 425//425 427//427 
f 428//428 427//427 429//429 
f 430//430 429//429 431//431 
f 432//432 431//431 433//433 
f 434//434 433//433 435//435 
f 436//436 435//435 437//437 
f 437//437 438//438 436//436 
f 435//435 436//436 434//434 
f 433//433 434//434 432//432 
f 431//431 432//432 430//430 
f 429//429 430//430 428//428 
f 427//427 428//428 426//426 
f 425//425 426//426 423//423 
o mesh35
v -0.0234519 -0.000968901 0 
v -0.0234519 -0.000968901 9.8e-05 
v -0.0234109 -0.000917182 9.8e-05 
v -0.0234109 -0.000917182 0 
v -0.0233679 -0.000867199 9.8e-05 
v -0.0233679 -0.000867199 0 
v -0.0233229 -0.000819036 9.8e-05 
v -0.0233229 -0.000819036 0 
v -0.0232758 -0.000772776 9.8e-05 
v -0.0232758 -0.000772776 0 
v -0.023227 -0.000728498 9.8e-05 
v -0.023227 -0.000728498 0 
vn -0.796811 0.604229 0 
vn -0.796811 0.604229 0 
vn -0.771163 0.636637 0 
vn -0.771163 0.636637 0 
vn -0.744199 0.667958 0 
vn -0.744199 0.667958 0 
vn -0.715963 0.698138 0 
vn -0.715963 0.698138 0 
vn -0.686505 0.727125 0 
vn -0.686505 0.727125 0 
vn -0.655874 0.754871 0 
vn -0.655874 0.754871 0 
f 439//439 440//440 441//441 
f 442//442 441//441 443//443 
f 444//444 443//443 445//445 
f 446//446 445//445 447//447 
f 448//448 447//447 449//449 
f 449//449 450//450 448//448 
f 447//447 448//448 446//446 
f 445//445 446//446 444//444 
f 443//443 444//444 442//442 
f 441//441 442//442 439//439 
o mesh36
v -0.0235918 -0.0011967 0 
v -0.0235918 -0.0011967 9.8e-05 
v -0.0235724 -0.00115645 9.8e-05 
v -0.0235724 -0.00115645 0 
v -0.0235514 -0.00111703 9.8e-05 
v -0.0235514 -0.00111703 0 
v -0.0235289 -0.0010785 9.8e-05 
v -0.0235289 -0.0010785 0 
v -0.0235047 -0.00104092 9.8e-05 
v -0.0235047 -0.00104092 0 
v -0.023479 -0.00100437 9.8e-05 
v -0.023479 -0.00100437 0 
v -0.0234519 -0.000968901 9.8e-05 
v -0.0234519 -0.000968901 0 
vn -0.909781 0.415089 0 
vn -0.909781 0.415089 0 
vn -0.892027 0.451982 0 
vn -0.892027 0.451982 0 
vn -0.872778 0.488117 0 
vn -0.872778 0.488117 0 
vn -0.852066 0.523434 0 
vn -0.852066 0.523434 0 
vn -0.829926 0.557874 0 
vn -0.829926 0.557874 0 
vn -0.806394 0.591378 0 
vn -0.806394 0.591378 0 
vn -0.781511 0.623892 0 
vn -0.781511 0.623892 0 
f 451//451 452//452 453//453 
f 454//454 453//453 455//455 
f 456//456 455//455 457//457 
f 458//458 457//457 459//459 
f 460//460 459//459 461//461 
f 462//462 461//461 463//463 
f 463//463 464//464 462//462 
f 461//461 462//462 460//460 
f 459//459 460//460 458//458 
f 457//457 458//458 456//456 
f 455//455 456//456 454//454 
f 453//453 454//454 451//451 
o mesh37
v -0.0234044 -0.00114352 0 
v -0.0234044 -0.00114352 9.8e-05 
v -0.0234078 -0.00114879 9.8e-05 
v -0.0234078 -0.00114879 0 
v -0.0234115 -0.0011539 9.8e-05 
v -0.0234115 -0.0011539 0 
v -0.0234154 -0.00115886 9.8e-05 
v -0.0234154 -0.00115886 0 
v -0.0234195 -0.00116364 9.8e-05 
v -0.0234195 -0.00116364 0 
v -0.0234237 -0.00116824 9.8e-05 
v -0.0234237 -0.00116824 0 
v -0.0234282 -0.00117264 9.8e-05 
v -0.0234282 -0.00117264 0 
v -0.0234329 -0.00117685 9.8e-05 
v -0.0234329 -0.00117685 0 
v -0.0234377 -0.00118085 9.8e-05 
v -0.0234377 -0.00118085 0 
v -0.0234428 -0.00118464 9.8e-05 
v -0.0234428 -0.00118464 0 
v -0.0234479 -0.0011882 9.8e-05 
v -0.0234479 -0.0011882 0 
v -0.0234533 -0.00119154 9.8e-05 
v -0.0234533 -0.00119154 0 
v -0.0234587 -0.00119464 9.8e-05 
v -0.0234587 -0.00119464 0 
v -0.0234643 -0.0011975 9.8e-05 
v -0.0234643 -0.0011975 0 
v -0.0234701 -0.00120011 9.8e-05 
v -0.0234701 -0.00120011 0 
v -0.0234759 -0.00120248 9.8e-05 
v -0.0234759 -0.00120248 0 
v -0.0234818 -0.00120458 9.8e-05 
v -0.0234818 -0.00120458 0 
v -0.0234878 -0.00120643 9.8e-05 
v -0.0234878 -0.00120643 0 
v -0.0234939 -0.00120802 9.8e-05 
v -0.0234939 -0.00120802 0 
v -0.0235 -0.00120933 9.8e-05 
v -0.0235 -0.00120933 0 
v -0.0235062 -0.00121038 9.8e-05 
v -0.0235062 -0.00121038 0 
v -0.0235125 -0.00121116 9.8e-05 
v -0.0235125 -0.00121116 0 
v -0.0235187 -0.00121167 9.8e-05 
v -0.0235187 -0.00121167 0 
v -0.023525 -0.0012119 9.8e-05 
v -0.023525 -0.0012119 0 
v -0.0235313 -0.00121186 9.8e-05 
v -0.0235313 -0.00121186 0 
v -0.0235376 -0.00121155 9.8e-05 
v -0.0235376 -0.00121155 0 
v -0.0235439 -0.00121097 9.8e-05 
v -0.0235439 -0.00121097 0 
v -0.0235501 -0.00121011 9.8e-05 
v -0.0235501 -0.00121011 0 
v -0.0235563 -0.00120898 9.8e-05 
v -0.0235563 -0.00120898 0 
v -0.0235624 -0.00120759 9.8e-05 
v -0.0235624 -0.00120759 0 
v -0.0235685 -0.00120592 9.8e-05 
v -0.0235685 -0.00120592 0 
v -0.0235744 -0.001204 9.8e-05 
v -0.0235744 -0.001204 0 
v -0.0235803 -0.00120182 9.8e-05 
v -0.0235803 -0.00120182 0 
v -0.0235861 -0.00119938 9.8e-05 
v -0.0235861 -0.00119938 0 
v -0.0235918 -0.0011967 9.8e-05 
v -0.0235918 -0.0011967 0 
vn 0.850106 -0.526612 0 
vn 0.850106 -0.526612 0 
vn 0.826396 -0.563089 0 
vn 0.826396 -0.563089 0 
vn 0.801122 -0.598501 0 
vn 0.801122 -0.598501 0 
vn 0.774332 -0.63278 0 
vn 0.774332 -0.63278 0 
vn 0.746076 -0.665861 0 
vn 0.746076 -0.665861 0 
vn 0.716408 -0.697681 0 
vn 0.716408 -0.697681 0 
vn 0.685384 -0.728182 0 
vn 0.685384 -0.728182 0 
vn 0.653063 -0.757304 0 
vn 0.653063 -0.757304 0 
vn 0.619506 -0.784992 0 
vn 0.619506 -0.784992 0 
vn 0.584776 -0.811195 0 
vn 0.584776 -0.811195 0 
vn 0.548939 -0.835862 0 
vn 0.548939 -0.835862 0 
vn 0.512063 -0.858948 0 
vn 0.512063 -0.858948 0 
vn 0.474218 -0.880407 0 
vn 0.474218 -0.880407 0 
vn 0.435476 -0.9002 0 
vn 0.435476 -0.9002 0 
vn 0.395909 -0.91829 0 
vn 0.395909 -0.91829 0 
vn 0.355593 -0.934641 0 
vn 0.355593 -0.934641 0 
vn 0.314604 -0.949223 0 
vn 0.314604 -0.949223 0 
vn 0.273019 -0.962009 0 
vn 0.273019 -0.962009 0 
vn 0.230918 -0.972973 0 
vn 0.230918 -0.972973 0 
vn 0.188379 -0.982096 0 
vn 0.188379 -0.982096 0 
vn 0.145484 -0.989361 0 
vn 0.145484 -0.989361 0 
vn 0.102314 -0.994752 0 
vn 0.102314 -0.994752 0 
vn 0.0589501 -0.998261 0 
vn 0.0589501 -0.998261 0 
vn 0.0154745 -0.99988 0 
vn 0.0154745 -0.99988 0 
vn -0.0280304 -0.999607 0 
vn -0.0280304 -0.999607 0 
vn -0.0714823 -0.997442 0 
vn -0.0714823 -0.997442 0 
vn -0.114799 -0.993389 0 
vn -0.114799 -0.993389 0 
vn -0.157898 -0.987455 0 
vn -0.157898 -0.987455 0 
vn -0.200698 -0.979653 0 
vn -0.200698 -0.979653 0 
vn -0.243119 -0.969996 0 
vn -0.243119 -0.969996 0 
vn -0.285079 -0.958504 0 
vn -0.285079 -0.958504 0 
vn -0.3265 -0.945197 0 
vn -0.3265 -0.945197 0 
vn -0.367303 -0.930101 0 
vn -0.367303 -0.930101 0 
vn -0.40741 -0.913245 0 
vn -0.40741 -0.913245 0 
vn -0.446747 -0.89466 0 
vn -0.446747 -0.89466 0 
f 465//465 466//466 467//467 
f 468//468 467//467 469//469 
f 470//470 469//469 471//471 
f 472//472 471//471 473//473 
f 474//474 473//473 475//475 
f 476//476 475//475 477//477 
f 478//478 477//477 479//479 
f 480//480 479//479 481//481 
f 482//482 481//481 483//483 
f 484//484 483//483 485//485 
f 486//486 485//485 487//487 
f 488//488 487//487 489//489 
f 490//490 489//489 491//491 
f 492//492 491//491 493//493 
f 494//494 493//493 495//495 
f 496//496 495//495 497//497 
f 498//498 497//497 499//499 
f 500//500 499//499 501//501 
f 502//502 501//501 503//503 
f 504//504 503//503 505//505 
f 506//506 505//505 507//507 
f 508//508 507//507 509//509 
f 510//510 509//509 511//511 
f 512//512 511//511 513//513 
f 514//514 513//513 515//515 
f 516//516 515//515 517//517 
f 518//518 517//517 519//519 
f 520//520 519//519 521//521 
f 522//522 521//521 523//523 
f 524//524 523//523 525//525 
f 526//526 525//525 527//527 
f 528//528 527//527 529//529 
f 530//530 529//529 531//531 
f 532//532 531//531 533//533 
f 533//533 534//534 532//532 
f 531//531 532//532 530//530 
f 529//529 530//530 528//528 
f 527//527 528//528 526//526 
f 525//525 526//526 524//524 
f 523//523 524//524 522//522 
f 521//521 522//522 520//520 
f 519//519 520//520 518//518 
f 517//517 518//518 516//516 
f 515//515 516//516 514//514 
f 513//513 514//514 512//512 
f 511//511 512//512 510//510 
f 509//509 510//510 508//508 
f 507//507 508//508 506//506 
f 505//505 506//506 504//504 
f 503//503 504//504 502//502 
f 501//501 502//502 500//500 
f 499//499 500//500 498//498 
f 497//497 498//498 496//496 
f 495//495 496//496 494//494 
f 493//493 494//494 492//492 
f 491//491 492//492 490//490 
f 489//489 490//490 488//488 
f 487//487 488//488 486//486 
f 485//485 486//486 484//484 
f 483//483 484//484 482//482 
f 481//481 482//482 480//480 
f 479//479 480//480 478//478 
f 477//477 478//478 476//476 
f 475//475 476//476 474//474 
f 473//473 474//474 472//472 
f 471//471 472//472 470//470 
f 469//469 470//470 468//468 
f 467//467 468//468 465//465 
o mesh38
v -0.0234044 -0.00114352 9.8e-05 
v -0.0234044 -0.00114352 0 
v -0.0233404 -0.00105363 0 
v -0.0233404 -0.00105363 9.8e-05 
vn 0.814566 -0.580071 0 
vn 0.814566 -0.580071 0 
vn 0.814566 -0.580071 0 
vn 0.814566 -0.580071 0 
f 535//535 536//536 537//537 
f 537//537 538//538 535//535 
o mesh39
v -0.0231785 -0.000874263 0 
v -0.0231341 -0.000833276 0 
v -0.0231341 -0.000833276 9.8e-05 
v -0.0232214 -0.00091685 0 
v -0.0231785 -0.000874263 9.8e-05 
v -0.0232628 -0.00096098 0 
v -0.0232214 -0.00091685 9.8e-05 
v -0.0233024 -0.00100659 0 
v -0.0232628 -0.00096098 9.8e-05 
v -0.0233404 -0.00105363 0 
v -0.0233024 -0.00100659 9.8e-05 
v -0.0233404 -0.00105363 9.8e-05 
vn 0.691325 -0.722544 0 
vn 0.664401 -0.747376 0 
vn 0.664401 -0.747376 0 
vn 0.717322 -0.696742 0 
vn 0.691325 -0.722544 0 
vn 0.742356 -0.670005 0 
vn 0.717322 -0.696742 0 
vn 0.766395 -0.64237 0 
vn 0.742356 -0.670005 0 
vn 0.789405 -0.613872 0 
vn 0.766395 -0.64237 0 
vn 0.789405 -0.613872 0 
f 539//539 540//540 541//541 
f 542//542 539//539 543//543 
f 544//544 542//542 545//545 
f 546//546 544//544 547//547 
f 548//548 546//546 549//549 
f 549//549 550//550 548//548 
f 547//547 549//549 546//546 
f 545//545 547//547 544//544 
f 543//543 545//545 542//542 
f 541//541 543//543 539//539 
o mesh40
v -0.0226384 -0.000495469 0 
v -0.0225312 -0.000441158 0 
v -0.0225312 -0.000441158 9.8e-05 
v -0.0227432 -0.000554351 0 
v -0.0226384 -0.000495469 9.8e-05 
v -0.0228453 -0.000617694 0 
v -0.0227432 -0.000554351 9.8e-05 
v -0.0229446 -0.000685381 0 
v -0.0228453 -0.000617694 9.8e-05 
v -0.023041 -0.000757286 0 
v -0.0229446 -0.000685381 9.8e-05 
v -0.0231341 -0.000833276 0 
v -0.023041 -0.000757286 9.8e-05 
v -0.0231341 -0.000833276 9.8e-05 
vn 0.470976 -0.882146 0 
vn 0.43252 -0.901625 0 
vn 0.43252 -0.901625 0 
vn 0.508558 -0.861028 0 
vn 0.470976 -0.882146 0 
vn 0.545194 -0.83831 0 
vn 0.508558 -0.861028 0 
vn 0.580817 -0.814034 0 
vn 0.545194 -0.83831 0 
vn 0.615361 -0.788245 0 
vn 0.580817 -0.814034 0 
vn 0.648761 -0.760992 0 
vn 0.615361 -0.788245 0 
vn 0.648761 -0.760992 0 
f 551//551 552//552 553//553 
f 554//554 551//551 555//555 
f 556//556 554//554 557//557 
f 558//558 556//556 559//559 
f 560//560 558//558 561//561 
f 562//562 560//560 563//563 
f 563//563 564//564 562//562 
f 561//561 563//563 560//560 
f 559//559 561//561 558//558 
f 557//557 559//559 556//556 
f 555//555 557//557 554//554 
f 553//553 555//555 551//551 
o mesh41
v -0.0219361 -0.000197064 0 
v -0.0217316 -0.000132372 0 
v -0.0217316 -0.000132372 9.8e-05 
v -0.0221378 -0.000270179 0 
v -0.0219361 -0.000197064 9.8e-05 
v -0.0223362 -0.00035159 0 
v -0.0221378 -0.000270179 9.8e-05 
v -0.0225312 -0.000441158 0 
v -0.0223362 -0.00035159 9.8e-05 
v -0.0225312 -0.000441158 9.8e-05 
vn 0.321283 -0.946983 0 
vn 0.281753 -0.959487 0 
vn 0.281753 -0.959487 0 
vn 0.360261 -0.932852 0 
vn 0.321283 -0.946983 0 
vn 0.398619 -0.917117 0 
vn 0.360261 -0.932852 0 
vn 0.436292 -0.899805 0 
vn 0.398619 -0.917117 0 
vn 0.436292 -0.899805 0 
f 565//565 566//566 567//567 
f 568//568 565//565 569//569 
f 570//570 568//568 571//571 
f 572//572 570//570 573//573 
f 573//573 574//574 572//572 
f 571//571 573//573 570//570 
f 569//569 571//571 568//568 
f 567//567 569//569 565//565 
o mesh42
v -0.0215069 -6.89094e-05 0 
v -0.0212804 -1.23491e-05 0 
v -0.0212804 -1.23491e-05 9.8e-05 
v -0.0217316 -0.000132372 0 
v -0.0215069 -6.89094e-05 9.8e-05 
v -0.0217316 -0.000132372 9.8e-05 
vn 0.257089 -0.966388 0 
vn 0.227406 -0.9738 0 
vn 0.227406 -0.9738 0 
vn 0.286531 -0.958071 0 
vn 0.257089 -0.966388 0 
vn 0.286531 -0.958071 0 
f 575//575 576//576 577//577 
f 578//578 575//575 579//579 
f 579//579 580//580 578//578 
f 577//577 579//579 575//575 
o mesh43
v -0.0202489 0.000169449 0 
v -0.0199014 0.000204225 0 
v -0.0199014 0.000204225 9.8e-05 
v -0.0205949 0.000121713 0 
v -0.0202489 0.000169449 9.8e-05 
v -0.0209389 6.10857e-05 0 
v -0.0205949 0.000121713 9.8e-05 
v -0.0212804 -1.23491e-05 0 
v -0.0209389 6.10857e-05 9.8e-05 
v -0.0212804 -1.23491e-05 9.8e-05 
vn 0.118133 -0.992998 0 
vn 0.0809577 -0.996718 0 
vn 0.0809577 -0.996718 0 
vn 0.155144 -0.987892 0 
vn 0.118133 -0.992998 0 
vn 0.191938 -0.981407 0 
vn 0.155144 -0.987892 0 
vn 0.228464 -0.973552 0 
vn 0.191938 -0.981407 0 
vn 0.228464 -0.973552 0 
f 581//581 582//582 583//583 
f 584//584 581//581 585//585 
f 586//586 584//584 587//587 
f 588//588 586//586 589//589 
f 589//589 590//590 588//588 
f 587//587 589//589 586//586 
f 585//585 587//587 584//584 
f 583//583 585//585 581//581 
o mesh44
v -0.0199014 0.000204225 0 
v -0.0186167 0.000260532 0 
v -0.0186167 0.000260532 9.8e-05 
v -0.0199014 0.000204225 9.8e-05 
vn 0.0640729 -0.997945 0 
vn 0.0234846 -0.999724 0 
vn 0.0234846 -0.999724 0 
vn 0.0640729 -0.997945 0 
f 591//591 592//592 593//593 
f 593//593 594//594 591//591 
o mesh45
v -0.0186167 0.000260532 0 
v -0.0182202 0.000257667 0 
v -0.0182202 0.000257667 9.8e-05 
v -0.0186167 0.000260532 9.8e-05 
vn 0.00289281 -0.999996 0 
vn -0.0173423 -0.99985 0 
vn -0.0173423 -0.99985 0 
vn 0.00289281 -0.999996 0 
f 595//595 596//596 597//597 
f 597//597 598//598 595//595 
o mesh46
v -0.0182202 0.000257667 9.8e-05 
v -0.0182202 0.000257667 0 
v -0.0181779 0.000257095 0 
v -0.0181779 0.000257095 9.8e-05 
vn -0.0134396 -0.99991 0 
vn -0.0134396 -0.99991 0 
vn -0.0134396 -0.99991 0 
vn -0.0134396 -0.99991 0 
f 599//599 600//600 601//601 
f 601//601 602//602 599//599 
o mesh47
v -0.0181591 0.00025648 0 
v -0.0181404 0.000255215 0 
v -0.0181404 0.000255215 9.8e-05 
v -0.0181779 0.000257095 0 
v -0.0181591 0.00025648 9.8e-05 
v -0.0181779 0.000257095 9.8e-05 
vn -0.0500295 -0.998748 0 
vn -0.084552 -0.996419 0 
vn -0.084552 -0.996419 0 
vn -0.0154471 -0.999881 0 
vn -0.0500295 -0.998748 0 
vn -0.0154471 -0.999881 0 
f 603//603 604//604 605//605 
f 606//606 603//603 607//607 
f 607//607 608//608 606//606 
f 605//605 607//607 603//603 
o mesh48
v -0.0181275 0.000253853 0 
v -0.0181147 0.000251949 0 
v -0.0181147 0.000251949 9.8e-05 
v -0.0181404 0.000255215 0 
v -0.0181275 0.000253853 9.8e-05 
v -0.0181404 0.000255215 9.8e-05 
vn -0.126458 -0.991972 0 
vn -0.168311 -0.985734 0 
vn -0.168311 -0.985734 0 
vn -0.0843791 -0.996434 0 
vn -0.126458 -0.991972 0 
vn -0.0843791 -0.996434 0 
f 609//609 610//610 611//611 
f 612//612 609//609 613//613 
f 613//613 614//614 612//612 
f 611//611 613//613 609//609 
o mesh49
v -0.0180861 0.000244114 0 
v -0.0180816 0.000242172 0 
v -0.0180816 0.000242172 9.8e-05 
v -0.0180908 0.000245879 0 
v -0.0180861 0.000244114 9.8e-05 
v -0.0180955 0.000247463 0 
v -0.0180908 0.000245879 9.8e-05 
v -0.0181002 0.000248864 0 
v -0.0180955 0.000247463 9.8e-05 
v -0.018105 0.000250079 0 
v -0.0181002 0.000248864 9.8e-05 
v -0.0181099 0.000251108 0 
v -0.018105 0.000250079 9.8e-05 
v -0.0181147 0.000251949 0 
v -0.0181099 0.000251108 9.8e-05 
v -0.0181147 0.000251949 9.8e-05 
vn -0.373958 -0.927445 0 
vn -0.409568 -0.91228 0 
vn -0.409568 -0.91228 0 
vn -0.337789 -0.941222 0 
vn -0.373958 -0.927445 0 
vn -0.301113 -0.953589 0 
vn -0.337789 -0.941222 0 
vn -0.263986 -0.964527 0 
vn -0.301113 -0.953589 0 
vn -0.226464 -0.97402 0 
vn -0.263986 -0.964527 0 
vn -0.188602 -0.982054 0 
vn -0.226464 -0.97402 0 
vn -0.150458 -0.988616 0 
vn -0.188602 -0.982054 0 
vn -0.150458 -0.988616 0 
f 615//615 616//616 617//617 
f 618//618 615//615 619//619 
f 620//620 618//618 621//621 
f 622//622 620//620 623//623 
f 624//624 622//622 625//625 
f 626//626 624//624 627//627 
f 628//628 626//626 629//629 
f 629//629 630//630 628//628 
f 627//627 629//629 626//626 
f 625//625 627//627 624//624 
f 623//623 625//625 622//622 
f 621//621 623//623 620//620 
f 619//619 621//621 618//618 
f 617//617 619//619 615//615 
o mesh50
v -0.0180455 0.00020585 0 
v -0.0180442 0.00020302 0 
v -0.0180442 0.00020302 9.8e-05 
v -0.0180468 0.000208627 0 
v -0.0180455 0.00020585 9.8e-05 
v -0.0180482 0.000211345 0 
v -0.0180468 0.000208627 9.8e-05 
v -0.0180498 0.000214001 0 
v -0.0180482 0.000211345 9.8e-05 
v -0.0180514 0.000216589 0 
v -0.0180498 0.000214001 9.8e-05 
v -0.0180532 0.000219104 0 
v -0.0180514 0.000216589 9.8e-05 
v -0.0180551 0.000221543 0 
v -0.0180532 0.000219104 9.8e-05 
v -0.0180571 0.0002239 0 
v -0.0180551 0.000221543 9.8e-05 
v -0.0180592 0.000226172 0 
v -0.0180571 0.0002239 9.8e-05 
v -0.0180613 0.000228355 0 
v -0.0180592 0.000226172 9.8e-05 
v -0.0180636 0.000230444 0 
v -0.0180613 0.000228355 9.8e-05 
v -0.0180659 0.000232437 0 
v -0.0180636 0.000230444 9.8e-05 
v -0.0180684 0.000234329 0 
v -0.0180659 0.000232437 9.8e-05 
v -0.0180709 0.000236117 0 
v -0.0180684 0.000234329 9.8e-05 
v -0.0180734 0.000237798 0 
v -0.0180709 0.000236117 9.8e-05 
v -0.0180761 0.00023937 0 
v -0.0180734 0.000237798 9.8e-05 
v -0.0180788 0.000240829 0 
v -0.0180761 0.00023937 9.8e-05 
v -0.0180816 0.000242172 0 
v -0.0180788 0.000240829 9.8e-05 
v -0.0180816 0.000242172 9.8e-05 
vn -0.911181 -0.412006 0 
vn -0.927709 -0.373303 0 
vn -0.927709 -0.373303 0 
vn -0.893039 -0.449979 0 
vn -0.911181 -0.412006 0 
vn -0.873316 -0.487154 0 
vn -0.893039 -0.449979 0 
vn -0.852046 -0.523467 0 
vn -0.873316 -0.487154 0 
vn -0.829266 -0.558853 0 
vn -0.852046 -0.523467 0 
vn -0.805019 -0.59325 0 
vn -0.829266 -0.558853 0 
vn -0.779345 -0.626595 0 
vn -0.805019 -0.59325 0 
vn -0.752291 -0.658831 0 
vn -0.779345 -0.626595 0 
vn -0.723905 -0.6899 0 
vn -0.752291 -0.658831 0 
vn -0.694236 -0.719747 0 
vn -0.723905 -0.6899 0 
vn -0.663339 -0.748319 0 
vn -0.694236 -0.719747 0 
vn -0.631266 -0.775566 0 
vn -0.663339 -0.748319 0 
vn -0.598075 -0.80144 0 
vn -0.631266 -0.775566 0 
vn -0.563825 -0.825894 0 
vn -0.598075 -0.80144 0 
vn -0.528577 -0.848885 0 
vn -0.563825 -0.825894 0 
vn -0.492392 -0.870373 0 
vn -0.528577 -0.848885 0 
vn -0.455336 -0.89032 0 
vn -0.492392 -0.870373 0 
vn -0.417473 -0.90869 0 
vn -0.455336 -0.89032 0 
vn -0.417473 -0.90869 0 
f 631//631 632//632 633//633 
f 634//634 631//631 635//635 
f 636//636 634//634 637//637 
f 638//638 636//636 639//639 
f 640//640 638//638 641//641 
f 642//642 640//640 643//643 
f 644//644 642//642 645//645 
f 646//646 644//644 647//647 
f 648//648 646//646 649//649 
f 650//650 648//648 651//651 
f 652//652 650//650 653//653 
f 654//654 652//652 655//655 
f 656//656 654//654 657//657 
f 658//658 656//656 659//659 
f 660//660 658//658 661//661 
f 662//662 660//660 663//663 
f 664//664 662//662 665//665 
f 666//666 664//664 667//667 
f 667//667 668//668 666//666 
f 665//665 667//667 664//664 
f 663//663 665//665 662//662 
f 661//661 663//663 660//660 
f 659//659 661//661 658//658 
f 657//657 659//659 656//656 
f 655//655 657//657 654//654 
f 653//653 655//655 652//652 
f 651//651 653//653 650//650 
f 649//649 651//651 648//648 
f 647//647 649//649 646//646 
f 645//645 647//647 644//644 
f 643//643 645//645 642//642 
f 641//641 643//643 640//640 
f 639//639 641//641 638//638 
f 637//637 639//639 636//636 
f 635//635 637//637 634//634 
f 633//633 635//635 631//631 
o mesh51
v -0.0180433 0.000192086 0 
v -0.0180434 0.000191176 0 
v -0.0180434 0.000191176 9.8e-05 
v -0.0180432 0.000193001 0 
v -0.0180433 0.000192086 9.8e-05 
v -0.0180431 0.000193921 0 
v -0.0180432 0.000193001 9.8e-05 
v -0.018043 0.000194843 0 
v -0.0180431 0.000193921 9.8e-05 
v -0.018043 0.000195767 0 
v -0.018043 0.000194843 9.8e-05 
v -0.018043 0.000196691 0 
v -0.018043 0.000195767 9.8e-05 
v -0.0180431 0.000197613 0 
v -0.018043 0.000196691 9.8e-05 
v -0.0180432 0.000198532 0 
v -0.0180431 0.000197613 9.8e-05 
v -0.0180433 0.000199445 0 
v -0.0180432 0.000198532 9.8e-05 
v -0.0180435 0.000200353 0 
v -0.0180433 0.000199445 9.8e-05 
v -0.0180437 0.000201252 0 
v -0.0180435 0.000200353 9.8e-05 
v -0.018044 0.000202141 0 
v -0.0180437 0.000201252 9.8e-05 
v -0.0180442 0.00020302 0 
v -0.018044 0.000202141 9.8e-05 
v -0.0180442 0.00020302 9.8e-05 
vn -0.987248 0.159189 0 
vn -0.979818 0.199893 0 
vn -0.979818 0.199893 0 
vn -0.992988 0.118212 0 
vn -0.987248 0.159189 0 
vn -0.997029 0.077032 0 
vn -0.992988 0.118212 0 
vn -0.999362 0.0357205 0 
vn -0.997029 0.077032 0 
vn -0.999984 -0.00565212 0 
vn -0.999362 0.0357205 0 
vn -0.998894 -0.0470151 0 
vn -0.999984 -0.00565212 0 
vn -0.996094 -0.0882975 0 
vn -0.998894 -0.0470151 0 
vn -0.991589 -0.129429 0 
vn -0.996094 -0.0882975 0 
vn -0.985386 -0.170338 0 
vn -0.991589 -0.129429 0 
vn -0.977495 -0.210957 0 
vn -0.985386 -0.170338 0 
vn -0.967932 -0.251213 0 
vn -0.977495 -0.210957 0 
vn -0.956711 -0.29104 0 
vn -0.967932 -0.251213 0 
vn -0.943852 -0.330369 0 
vn -0.956711 -0.29104 0 
vn -0.943852 -0.330369 0 
f 669//669 670//670 671//671 
f 672//672 669//669 673//673 
f 674//674 672//672 675//675 
f 676//676 674//674 677//677 
f 678//678 676//676 679//679 
f 680//680 678//678 681//681 
f 682//682 680//680 683//683 
f 684//684 682//682 685//685 
f 686//686 684//684 687//687 
f 688//688 686//686 689//689 
f 690//690 688//688 691//691 
f 692//692 690//690 693//693 
f 694//694 692//692 695//695 
f 695//695 696//696 694//694 
f 693//693 695//695 692//692 
f 691//691 693//693 690//690 
f 689//689 691//691 688//688 
f 687//687 689//689 686//686 
f 685//685 687//687 684//684 
f 683//683 685//685 682//682 
f 681//681 683//683 680//680 
f 679//679 681//681 678//678 
f 677//677 679//679 676//676 
f 675//675 677//677 674//674 
f 673//673 675//675 672//672 
f 671//671 673//673 669//669 
o mesh52
v -0.0180434 0.000191176 9.8e-05 
v -0.0180434 0.000191176 0 
v -0.0180437 0.000190007 0 
v -0.0180437 0.000190007 9.8e-05 
vn -0.980406 0.19699 0 
vn -0.980406 0.19699 0 
vn -0.980406 0.19699 0 
vn -0.980406 0.19699 0 
f 697//697 698//698 699//699 
f 699//699 700//700 697//697 
o mesh53
v -0.0180487 0.000177742 0 
v -0.0180497 0.000176122 0 
v -0.0180497 0.000176122 9.8e-05 
v -0.0180477 0.0001794 0 
v -0.0180487 0.000177742 9.8e-05 
v -0.0180469 0.000181094 0 
v -0.0180477 0.0001794 9.8e-05 
v -0.0180461 0.000182822 0 
v -0.0180469 0.000181094 9.8e-05 
v -0.0180454 0.00018458 0 
v -0.0180461 0.000182822 9.8e-05 
v -0.0180447 0.000186365 0 
v -0.0180454 0.00018458 9.8e-05 
v -0.0180442 0.000188176 0 
v -0.0180447 0.000186365 9.8e-05 
v -0.0180437 0.000190007 0 
v -0.0180442 0.000188176 9.8e-05 
v -0.0180437 0.000190007 9.8e-05 
vn -0.863751 0.503918 0 
vn -0.842553 0.538614 0 
vn -0.842553 0.538614 0 
vn -0.883522 0.46839 0 
vn -0.863751 0.503918 0 
vn -0.901832 0.432087 0 
vn -0.883522 0.46839 0 
vn -0.918651 0.39507 0 
vn -0.901832 0.432087 0 
vn -0.933951 0.3574 0 
vn -0.918651 0.39507 0 
vn -0.947708 0.319139 0 
vn -0.933951 0.3574 0 
vn -0.959898 0.28035 0 
vn -0.947708 0.319139 0 
vn -0.970501 0.241098 0 
vn -0.959898 0.28035 0 
vn -0.970501 0.241098 0 
f 701//701 702//702 703//703 
f 704//704 701//701 705//705 
f 706//706 704//704 707//707 
f 708//708 706//706 709//709 
f 710//710 708//708 711//711 
f 712//712 710//710 713//713 
f 714//714 712//712 715//715 
f 716//716 714//714 717//717 
f 717//717 718//718 716//716 
f 715//715 717//717 714//714 
f 713//713 715//715 712//712 
f 711//711 713//713 710//710 
f 709//709 711//711 708//708 
f 707//707 709//709 706//706 
f 705//705 707//707 704//704 
f 703//703 705//705 701//701 
o mesh54
v -0.0180573 0.000165576 0 
v -0.0180601 0.000162289 0 
v -0.0180601 0.000162289 9.8e-05 
v -0.0180546 0.000168981 0 
v -0.0180573 0.000165576 9.8e-05 
v -0.018052 0.000172499 0 
v -0.0180546 0.000168981 9.8e-05 
v -0.0180497 0.000176122 0 
v -0.018052 0.000172499 9.8e-05 
v -0.0180497 0.000176122 9.8e-05 
vn -0.771178 0.636619 0 
vn -0.743175 0.669097 0 
vn -0.743175 0.669097 0 
vn -0.797763 0.602971 0 
vn -0.771178 0.636619 0 
vn -0.822881 0.568213 0 
vn -0.797763 0.602971 0 
vn -0.846486 0.532411 0 
vn -0.822881 0.568213 0 
vn -0.846486 0.532411 0 
f 719//719 720//720 721//721 
f 722//722 719//719 723//723 
f 724//724 722//722 725//725 
f 726//726 724//724 727//727 
f 727//727 728//728 726//726 
f 725//725 727//727 724//724 
f 723//723 725//725 722//722 
f 721//721 723//723 719//719 
o mesh55
v -0.0180631 0.000158975 0 
v -0.0180662 0.000155745 0 
v -0.0180662 0.000155745 9.8e-05 
v -0.0180601 0.000162289 0 
v -0.0180631 0.000158975 9.8e-05 
v -0.0180601 0.000162289 9.8e-05 
vn -0.730025 0.68342 0 
vn -0.710669 0.703527 0 
vn -0.710669 0.703527 0 
vn -0.748814 0.662781 0 
vn -0.730025 0.68342 0 
vn -0.748814 0.662781 0 
f 729//729 730//730 731//731 
f 732//732 729//729 733//733 
f 733//733 734//734 732//732 
f 731//731 733//733 729//729 
o mesh56
v -0.0180662 0.000155745 9.8e-05 
v -0.0180662 0.000155745 0 
v -0.0217364 -0.00356217 0 
v -0.0217364 -0.00356217 9.8e-05 
vn -0.711664 0.70252 0 
vn -0.711664 0.70252 0 
vn -0.711664 0.70252 0 
vn -0.711664 0.70252 0 
f 735//735 736//736 737//737 
f 737//737 738//738 735//735 
o mesh57
v -0.0217364 -0.00356217 9.8e-05 
v -0.0217364 -0.00356217 0 
v -0.0216089 -0.00362503 0 
v -0.0216089 -0.00362503 9.8e-05 
vn -0.442139 -0.896946 0 
vn -0.442139 -0.896946 0 
vn -0.442139 -0.896946 0 
vn -0.442139 -0.896946 0 
f 739//739 740//740 741//741 
f 741//741 742//742 739//739 
o mesh58
v -0.0216089 -0.00362503 9.8e-05 
v -0.0216089 -0.00362503 0 
v -0.0179507 0.000137002 0 
v -0.0179507 0.000137002 9.8e-05 
vn 0.716933 -0.697142 0 
vn 0.716933 -0.697142 0 
vn 0.716933 -0.697142 0 
vn 0.716933 -0.697142 0 
f 743//743 744//744 745//745 
f 745//745 746//746 743//743 
o mesh59
v -0.0179507 0.000137002 0 
v -0.01791 0.00017883 0 
v -0.01791 0.00017883 9.8e-05 
v -0.0179507 0.000137002 9.8e-05 
vn 0.717153 -0.696916 0 
vn 0.716276 -0.697817 0 
vn 0.716276 -0.697817 0 
vn 0.717153 -0.696916 0 
f 747//747 748//748 749//749 
f 749//749 750//750 747//747 
o mesh60
v -0.0178394 0.00022878 0 
v -0.0178306 0.000232676 0 
v -0.0178306 0.000232676 9.8e-05 
v -0.0178481 0.000224533 0 
v -0.0178394 0.00022878 9.8e-05 
v -0.0178566 0.00021994 0 
v -0.0178481 0.000224533 9.8e-05 
v -0.0178649 0.000215011 0 
v -0.0178566 0.00021994 9.8e-05 
v -0.017873 0.000209752 0 
v -0.0178649 0.000215011 9.8e-05 
v -0.0178809 0.000204172 0 
v -0.017873 0.000209752 9.8e-05 
v -0.0178885 0.00019828 0 
v -0.0178809 0.000204172 9.8e-05 
v -0.0178959 0.000192086 0 
v -0.0178885 0.00019828 9.8e-05 
v -0.0179031 0.000185599 0 
v -0.0178959 0.000192086 9.8e-05 
v -0.01791 0.00017883 0 
v -0.0179031 0.000185599 9.8e-05 
v -0.01791 0.00017883 9.8e-05 
vn 0.421615 -0.906775 0 
vn 0.38488 -0.922967 0 
vn 0.38488 -0.922967 0 
vn 0.457671 -0.889121 0 
vn 0.421615 -0.906775 0 
vn 0.49299 -0.870035 0 
vn 0.457671 -0.889121 0 
vn 0.527514 -0.849547 0 
vn 0.49299 -0.870035 0 
vn 0.561187 -0.827689 0 
vn 0.527514 -0.849547 0 
vn 0.593957 -0.804497 0 
vn 0.561187 -0.827689 0 
vn 0.625769 -0.780009 0 
vn 0.593957 -0.804497 0 
vn 0.656572 -0.754263 0 
vn 0.625769 -0.780009 0 
vn 0.686317 -0.727302 0 
vn 0.656572 -0.754263 0 
vn 0.714956 -0.699169 0 
vn 0.686317 -0.727302 0 
vn 0.714956 -0.699169 0 
f 751//751 752//752 753//753 
f 754//754 751//751 755//755 
f 756//756 754//754 757//757 
f 758//758 756//756 759//759 
f 760//760 758//758 761//761 
f 762//762 760//760 763//763 
f 764//764 762//762 765//765 
f 766//766 764//764 767//767 
f 768//768 766//766 769//769 
f 770//770 768//768 771//771 
f 771//771 772//772 770//770 
f 769//769 771//771 768//768 
f 767//767 769//769 766//766 
f 765//765 767//767 764//764 
f 763//763 765//765 762//762 
f 761//761 763//763 760//760 
f 759//759 761//761 758//758 
f 757//757 759//759 756//756 
f 755//755 757//757 754//754 
f 753//753 755//755 751//751 
o mesh61
v -0.0177778 0.000248154 0 
v -0.0177669 0.000249969 0 
v -0.0177669 0.000249969 9.8e-05 
v -0.0177886 0.000245907 0 
v -0.0177778 0.000248154 9.8e-05 
v -0.0177993 0.000243231 0 
v -0.0177886 0.000245907 9.8e-05 
v -0.0178098 0.00024013 0 
v -0.0177993 0.000243231 9.8e-05 
v -0.0178203 0.00023661 0 
v -0.0178098 0.00024013 9.8e-05 
v -0.0178306 0.000232676 0 
v -0.0178203 0.00023661 9.8e-05 
v -0.0178306 0.000232676 9.8e-05 
vn 0.184385 -0.982854 0 
vn 0.145005 -0.989431 0 
vn 0.145005 -0.989431 0 
vn 0.223472 -0.97471 0 
vn 0.184385 -0.982854 0 
vn 0.262202 -0.965013 0 
vn 0.223472 -0.97471 0 
vn 0.300514 -0.953777 0 
vn 0.262202 -0.965013 0 
vn 0.338347 -0.941021 0 
vn 0.300514 -0.953777 0 
vn 0.375641 -0.926765 0 
vn 0.338347 -0.941021 0 
vn 0.375641 -0.926765 0 
f 773//773 774//774 775//775 
f 776//776 773//773 777//777 
f 778//778 776//776 779//779 
f 780//780 778//778 781//781 
f 782//782 780//780 783//783 
f 784//784 782//782 785//785 
f 785//785 786//786 784//784 
f 783//783 785//785 782//782 
f 781//781 783//783 780//780 
f 779//779 781//781 778//778 
f 777//777 779//779 776//776 
f 775//775 777//777 773//773 
o mesh62
v -0.0177001 0.000255332 0 
v -0.0176777 0.000255437 0 
v -0.0176777 0.000255437 9.8e-05 
v -0.0177224 0.000254384 0 
v -0.0177001 0.000255332 9.8e-05 
v -0.0177447 0.000252596 0 
v -0.0177224 0.000254384 9.8e-05 
v -0.0177669 0.000249969 0 
v -0.0177447 0.000252596 9.8e-05 
v -0.0177669 0.000249969 9.8e-05 
vn 0.0235283 -0.999723 0 
vn -0.0141413 -0.9999 0 
vn -0.0141413 -0.9999 0 
vn 0.0611646 -0.998128 0 
vn 0.0235283 -0.999723 0 
vn 0.0987141 -0.995116 0 
vn 0.0611646 -0.998128 0 
vn 0.136123 -0.990692 0 
vn 0.0987141 -0.995116 0 
vn 0.136123 -0.990692 0 
f 787//787 788//788 789//789 
f 790//790 787//787 791//791 
f 792//792 790//790 793//793 
f 794//794 792//792 795//795 
f 795//795 796//796 794//794 
f 793//793 795//795 792//792 
f 791//791 793//793 790//790 
f 789//789 791//791 787//787 
o mesh63
v -0.0176777 0.000255437 9.8e-05 
v -0.0176777 0.000255437 0 
v -0.0175931 0.000255462 0 
v -0.0175931 0.000255462 9.8e-05 
vn 0.00030233 -1 0 
vn 0.00030233 -1 0 
vn 0.00030233 -1 0 
vn 0.00030233 -1 0 
f 797//797 798//798 799//799 
f 799//799 800//800 797//797 
o mesh64
v -0.0175931 0.000255462 9.8e-05 
v -0.0175931 0.000255462 0 
v -0.012274 0.000255465 0 
v -0.012274 0.000255465 9.8e-05 
vn 5.54509e-07 -1 0 
vn 5.54509e-07 -1 0 
vn 5.54509e-07 -1 0 
vn 5.54509e-07 -1 0 
f 801//801 802//802 803//803 
f 803//803 804//804 801//801 
o mesh65
v -0.012274 0.000255465 9.8e-05 
v -0.012274 0.000255465 0 
v -0.0122706 0.000255434 0 
v -0.0122706 0.000255434 9.8e-05 
vn -0.00918732 -0.999958 0 
vn -0.00918732 -0.999958 0 
vn -0.00918732 -0.999958 0 
vn -0.00918732 -0.999958 0 
f 805//805 806//806 807//807 
f 807//807 808//808 805//805 
o mesh66
v -0.0122337 0.000253308 0 
v -0.0122215 0.000251712 0 
v -0.0122215 0.000251712 9.8e-05 
v -0.012246 0.000254462 0 
v -0.0122337 0.000253308 9.8e-05 
v -0.0122583 0.000255171 0 
v -0.012246 0.000254462 9.8e-05 
v -0.0122706 0.000255434 0 
v -0.0122583 0.000255171 9.8e-05 
v -0.0122706 0.000255434 9.8e-05 
vn -0.111628 -0.99375 0 
vn -0.147513 -0.98906 0 
vn -0.147513 -0.98906 0 
vn -0.0755968 -0.997138 0 
vn -0.111628 -0.99375 0 
vn -0.0394667 -0.999221 0 
vn -0.0755968 -0.997138 0 
vn -0.00328494 -0.999995 0 
vn -0.0394667 -0.999221 0 
vn -0.00328494 -0.999995 0 
f 809//809 810//810 811//811 
f 812//812 809//809 813//813 
f 814//814 812//812 815//815 
f 816//816 814//814 817//817 
f 817//817 818//818 816//816 
f 815//815 817//817 814//814 
f 813//813 815//815 812//812 
f 811//811 813//813 809//809 
o mesh67
v -0.0122047 0.000248062 0 
v -0.0121992 0.000246412 0 
v -0.0121992 0.000246412 9.8e-05 
v -0.0122102 0.000249497 0 
v -0.0122047 0.000248062 9.8e-05 
v -0.0122158 0.000250714 0 
v -0.0122102 0.000249497 9.8e-05 
v -0.0122215 0.000251712 0 
v -0.0122158 0.000250714 9.8e-05 
v -0.0122215 0.000251712 9.8e-05 
vn -0.268683 -0.963229 0 
vn -0.305975 -0.95204 0 
vn -0.305975 -0.95204 0 
vn -0.230983 -0.972958 0 
vn -0.268683 -0.963229 0 
vn -0.192933 -0.981212 0 
vn -0.230983 -0.972958 0 
vn -0.154591 -0.987979 0 
vn -0.192933 -0.981212 0 
vn -0.154591 -0.987979 0 
f 819//819 820//820 821//821 
f 822//822 819//819 823//823 
f 824//824 822//822 825//825 
f 826//826 824//824 827//827 
f 827//827 828//828 826//826 
f 825//825 827//827 824//824 
f 823//823 825//825 822//822 
f 821//821 823//823 819//819 
o mesh68
v -0.0121821 0.000238242 0 
v -0.0121799 0.000236676 0 
v -0.0121799 0.000236676 9.8e-05 
v -0.0121844 0.000239713 0 
v -0.0121821 0.000238242 9.8e-05 
v -0.0121867 0.000241087 0 
v -0.0121844 0.000239713 9.8e-05 
v -0.0121891 0.00024236 0 
v -0.0121867 0.000241087 9.8e-05 
v -0.0121916 0.000243532 0 
v -0.0121891 0.00024236 9.8e-05 
v -0.0121941 0.000244599 0 
v -0.0121916 0.000243532 9.8e-05 
v -0.0121966 0.000245559 0 
v -0.0121941 0.000244599 9.8e-05 
v -0.0121992 0.000246412 0 
v -0.0121966 0.000245559 9.8e-05 
v -0.0121992 0.000246412 9.8e-05 
vn -0.560038 -0.828467 0 
vn -0.594539 -0.804067 0 
vn -0.594539 -0.804067 0 
vn -0.524538 -0.851387 0 
vn -0.560038 -0.828467 0 
vn -0.488101 -0.872787 0 
vn -0.524538 -0.851387 0 
vn -0.450792 -0.892629 0 
vn -0.488101 -0.872787 0 
vn -0.412679 -0.910877 0 
vn -0.450792 -0.892629 0 
vn -0.373828 -0.927498 0 
vn -0.412679 -0.910877 0 
vn -0.33431 -0.942463 0 
vn -0.373828 -0.927498 0 
vn -0.294195 -0.955745 0 
vn -0.33431 -0.942463 0 
vn -0.294195 -0.955745 0 
f 829//829 830//830 831//831 
f 832//832 829//829 833//833 
f 834//834 832//832 835//835 
f 836//836 834//834 837//837 
f 838//838 836//836 839//839 
f 840//840 838//838 841//841 
f 842//842 840//840 843//843 
f 844//844 842//842 845//845 
f 845//845 846//846 844//844 
f 843//843 845//845 842//842 
f 841//841 843//843 840//840 
f 839//839 841//841 838//838 
f 837//837 839//839 836//836 
f 835//835 837//837 834//834 
f 833//833 835//835 832//832 
f 831//831 833//833 829//829 
o mesh69
v -0.0121685 0.000211593 0 
v -0.0121686 0.000210447 0 
v -0.0121686 0.000210447 9.8e-05 
v -0.0121684 0.000212745 0 
v -0.0121685 0.000211593 9.8e-05 
v -0.0121683 0.000213899 0 
v -0.0121684 0.000212745 9.8e-05 
v -0.0121683 0.000215053 0 
v -0.0121683 0.000213899 9.8e-05 
v -0.0121684 0.000216207 0 
v -0.0121683 0.000215053 9.8e-05 
v -0.0121685 0.000217357 0 
v -0.0121684 0.000216207 9.8e-05 
v -0.0121687 0.000218501 0 
v -0.0121685 0.000217357 9.8e-05 
v -0.0121689 0.000219639 0 
v -0.0121687 0.000218501 9.8e-05 
v -0.0121691 0.000220766 0 
v -0.0121689 0.000219639 9.8e-05 
v -0.0121694 0.000221883 0 
v -0.0121691 0.000220766 9.8e-05 
v -0.0121697 0.000222986 0 
v -0.0121694 0.000221883 9.8e-05 
v -0.0121701 0.000224073 0 
v -0.0121697 0.000222986 9.8e-05 
v -0.0121706 0.000225143 0 
v -0.0121701 0.000224073 9.8e-05 
v -0.012171 0.000226194 0 
v -0.0121706 0.000225143 9.8e-05 
v -0.0121716 0.000227224 0 
v -0.012171 0.000226194 9.8e-05 
v -0.0121721 0.000228231 0 
v -0.0121716 0.000227224 9.8e-05 
v -0.0121727 0.000229214 0 
v -0.0121721 0.000228231 9.8e-05 
v -0.0121734 0.00023017 0 
v -0.0121727 0.000229214 9.8e-05 
v -0.0121741 0.000231098 0 
v -0.0121734 0.00023017 9.8e-05 
v -0.0121748 0.000231996 0 
v -0.0121741 0.000231098 9.8e-05 
v -0.0121756 0.000232863 0 
v -0.0121748 0.000231996 9.8e-05 
v -0.0121764 0.000233697 0 
v -0.0121756 0.000232863 9.8e-05 
v -0.0121772 0.000234497 0 
v -0.0121764 0.000233697 9.8e-05 
v -0.0121781 0.000235261 0 
v -0.0121772 0.000234497 9.8e-05 
v -0.012179 0.000235987 0 
v -0.0121781 0.000235261 9.8e-05 
v -0.0121799 0.000236676 0 
v -0.012179 0.000235987 9.8e-05 
v -0.0121799 0.000236676 9.8e-05 
vn -0.995093 0.0989489 0 
vn -0.990048 0.140733 0 
vn -0.990048 0.140733 0 
vn -0.998375 0.0569897 0 
vn -0.995093 0.0989489 0 
vn -0.999889 0.0149295 0 
vn -0.998375 0.0569897 0 
vn -0.999631 -0.0271571 0 
vn -0.999889 0.0149295 0 
vn -0.997603 -0.0691956 0 
vn -0.999631 -0.0271571 0 
vn -0.993808 -0.111111 0 
vn -0.997603 -0.0691956 0 
vn -0.988252 -0.152831 0 
vn -0.993808 -0.111111 0 
vn -0.980946 -0.194279 0 
vn -0.988252 -0.152831 0 
vn -0.971903 -0.235383 0 
vn -0.980946 -0.194279 0 
vn -0.961137 -0.276071 0 
vn -0.971903 -0.235383 0 
vn -0.94867 -0.316269 0 
vn -0.961137 -0.276071 0 
vn -0.934521 -0.355907 0 
vn -0.94867 -0.316269 0 
vn -0.918718 -0.394915 0 
vn -0.934521 -0.355907 0 
vn -0.901287 -0.433223 0 
vn -0.918718 -0.394915 0 
vn -0.88226 -0.470763 0 
vn -0.901287 -0.433223 0 
vn -0.861669 -0.50747 0 
vn -0.88226 -0.470763 0 
vn -0.839553 -0.543278 0 
vn -0.861669 -0.50747 0 
vn -0.815949 -0.578124 0 
vn -0.839553 -0.543278 0 
vn -0.7909 -0.611945 0 
vn -0.815949 -0.578124 0 
vn -0.76445 -0.644683 0 
vn -0.7909 -0.611945 0 
vn -0.736646 -0.676278 0 
vn -0.76445 -0.644683 0 
vn -0.707537 -0.706676 0 
vn -0.736646 -0.676278 0 
vn -0.677175 -0.735822 0 
vn -0.707537 -0.706676 0 
vn -0.645613 -0.763665 0 
vn -0.677175 -0.735822 0 
vn -0.612908 -0.790154 0 
vn -0.645613 -0.763665 0 
vn -0.579117 -0.815245 0 
vn -0.612908 -0.790154 0 
vn -0.579117 -0.815245 0 
f 847//847 848//848 849//849 
f 850//850 847//847 851//851 
f 852//852 850//850 853//853 
f 854//854 852//852 855//855 
f 856//856 854//854 857//857 
f 858//858 856//856 859//859 
f 860//860 858//858 861//861 
f 862//862 860//860 863//863 
f 864//864 862//862 865//865 
f 866//866 864//864 867//867 
f 868//868 866//866 869//869 
f 870//870 868//868 871//871 
f 872//872 870//870 873//873 
f 874//874 872//872 875//875 
f 876//876 874//874 877//877 
f 878//878 876//876 879//879 
f 880//880 878//878 881//881 
f 882//882 880//880 883//883 
f 884//884 882//882 885//885 
f 886//886 884//884 887//887 
f 888//888 886//886 889//889 
f 890//890 888//888 891//891 
f 892//892 890//890 893//893 
f 894//894 892//892 895//895 
f 896//896 894//894 897//897 
f 898//898 896//896 899//899 
f 899//899 900//900 898//898 
f 897//897 899//899 896//896 
f 895//895 897//897 894//894 
f 893//893 895//895 892//892 
f 891//891 893//893 890//890 
f 889//889 891//891 888//888 
f 887//887 889//889 886//886 
f 885//885 887//887 884//884 
f 883//883 885//885 882//882 
f 881//881 883//883 880//880 
f 879//879 881//881 878//878 
f 877//877 879//879 876//876 
f 875//875 877//877 874//874 
f 873//873 875//875 872//872 
f 871//871 873//873 870//870 
f 869//869 871//871 868//868 
f 867//867 869//869 866//866 
f 865//865 867//867 864//864 
f 863//863 865//865 862//862 
f 861//861 863//863 860//860 
f 859//859 861//861 858//858 
f 857//857 859//859 856//856 
f 855//855 857//857 854//854 
f 853//853 855//855 852//852 
f 851//851 853//853 850//850 
f 849//849 851//851 847//847 
o mesh70
v -0.0121735 0.000194428 0 
v -0.0121746 0.000192286 0 
v -0.0121746 0.000192286 9.8e-05 
v -0.0121725 0.000196614 0 
v -0.0121735 0.000194428 9.8e-05 
v -0.0121716 0.000198842 0 
v -0.0121725 0.000196614 9.8e-05 
v -0.0121708 0.000201107 0 
v -0.0121716 0.000198842 9.8e-05 
v -0.0121701 0.000203404 0 
v -0.0121708 0.000201107 9.8e-05 
v -0.0121695 0.000205729 0 
v -0.0121701 0.000203404 9.8e-05 
v -0.012169 0.000208078 0 
v -0.0121695 0.000205729 9.8e-05 
v -0.0121686 0.000210447 0 
v -0.012169 0.000208078 9.8e-05 
v -0.0121686 0.000210447 9.8e-05 
vn -0.901384 0.433021 0 
vn -0.881712 0.471789 0 
vn -0.881712 0.471789 0 
vn -0.919353 0.393434 0 
vn -0.901384 0.433021 0 
vn -0.935584 0.353104 0 
vn -0.919353 0.393434 0 
vn -0.950047 0.312106 0 
vn -0.935584 0.353104 0 
vn -0.962715 0.270519 0 
vn -0.950047 0.312106 0 
vn -0.973563 0.22842 0 
vn -0.962715 0.270519 0 
vn -0.982571 0.18589 0 
vn -0.973563 0.22842 0 
vn -0.989722 0.143008 0 
vn -0.982571 0.18589 0 
vn -0.989722 0.143008 0 
f 901//901 902//902 903//903 
f 904//904 901//901 905//905 
f 906//906 904//904 907//907 
f 908//908 906//906 909//909 
f 910//910 908//908 911//911 
f 912//912 910//910 913//913 
f 914//914 912//912 915//915 
f 916//916 914//914 917//917 
f 917//917 918//918 916//916 
f 915//915 917//917 914//914 
f 913//913 915//915 912//912 
f 911//911 913//913 910//910 
f 909//909 911//911 908//908 
f 907//907 909//909 906//906 
f 905//905 907//907 904//904 
f 903//903 905//905 901//901 
o mesh71
v -0.0121827 0.000178998 0 
v -0.0121858 0.000174807 0 
v -0.0121858 0.000174807 9.8e-05 
v -0.0121798 0.000183313 0 
v -0.0121827 0.000178998 9.8e-05 
v -0.0121771 0.000187745 0 
v -0.0121798 0.000183313 9.8e-05 
v -0.0121746 0.000192286 0 
v -0.0121771 0.000187745 9.8e-05 
v -0.0121746 0.000192286 9.8e-05 
vn -0.819179 0.573538 0 
vn -0.794493 0.607274 0 
vn -0.794493 0.607274 0 
vn -0.842434 0.538799 0 
vn -0.819179 0.573538 0 
vn -0.864217 0.503119 0 
vn -0.842434 0.538799 0 
vn -0.88449 0.46656 0 
vn -0.864217 0.503119 0 
vn -0.88449 0.46656 0 
f 919//919 920//920 921//921 
f 922//922 919//919 923//923 
f 924//924 922//922 925//925 
f 926//926 924//924 927//927 
f 927//927 928//928 926//926 
f 925//925 927//927 924//924 
f 923//923 925//925 922//922 
f 921//921 923//923 919//919 
o mesh72
v -0.012198 0.000160096 0 
v -0.0122046 0.000153119 0 
v -0.0122046 0.000153119 9.8e-05 
v -0.0121917 0.000167329 0 
v -0.012198 0.000160096 9.8e-05 
v -0.0121858 0.000174807 0 
v -0.0121917 0.000167329 9.8e-05 
v -0.0121858 0.000174807 9.8e-05 
vn -0.742163 0.67022 0 
vn -0.714788 0.699342 0 
vn -0.714788 0.699342 0 
vn -0.768352 0.640027 0 
vn -0.742163 0.67022 0 
vn -0.793314 0.608812 0 
vn -0.768352 0.640027 0 
vn -0.793314 0.608812 0 
f 929//929 930//930 931//931 
f 932//932 929//929 933//933 
f 934//934 932//932 935//935 
f 935//935 936//936 934//934 
f 933//933 935//935 932//932 
f 931//931 933//933 929//929 
o mesh73
v -0.0122046 0.000153119 9.8e-05 
v -0.0122046 0.000153119 0 
v -0.0122066 0.000151019 0 
v -0.0122066 0.000151019 9.8e-05 
vn -0.715828 0.698277 0 
vn -0.715828 0.698277 0 
vn -0.715828 0.698277 0 
vn -0.715828 0.698277 0 
f 937//937 938//938 939//939 
f 939//939 940//940 937//937 
o mesh74
v -0.0122066 0.000151019 9.8e-05 
v -0.0122066 0.000151019 0 
v -0.0171536 -0.00487506 0 
v -0.0171536 -0.00487506 9.8e-05 
vn -0.712691 0.701478 0 
vn -0.712691 0.701478 0 
vn -0.712691 0.701478 0 
vn -0.712691 0.701478 0 
f 941//941 942//942 943//943 
f 943//943 944//944 941//941 
o mesh75
v -0.0171536 -0.00487506 9.8e-05 
v -0.0171536 -0.00487506 0 
v -0.0170001 -0.0048939 0 
v -0.0170001 -0.0048939 9.8e-05 
vn -0.121768 -0.992559 0 
vn -0.121768 -0.992559 0 
vn -0.121768 -0.992559 0 
vn -0.121768 -0.992559 0 
f 945//945 946//946 947//947 
f 947//947 948//948 945//945 
o mesh76
v -0.0170001 -0.0048939 0 
v -0.0122579 -6.17251e-05 0 
v -0.0122579 -6.17251e-05 9.8e-05 
v -0.0170001 -0.0048939 9.8e-05 
vn 0.713718 -0.700433 0 
vn 0.713718 -0.700433 0 
vn 0.713718 -0.700433 0 
vn 0.713718 -0.700433 0 
f 949//949 950//950 951//951 
f 951//951 952//952 949//949 
o mesh77
v -0.0121101 -1.65387e-05 0 
v -0.0121018 -1.75577e-05 0 
v -0.0121018 -1.75577e-05 9.8e-05 
v -0.0121184 -1.58679e-05 0 
v -0.0121101 -1.65387e-05 9.8e-05 
v -0.0121268 -1.55465e-05 0 
v -0.0121184 -1.58679e-05 9.8e-05 
v -0.0121351 -1.55749e-05 0 
v -0.0121268 -1.55465e-05 9.8e-05 
v -0.0121435 -1.59532e-05 0 
v -0.0121351 -1.55749e-05 9.8e-05 
v -0.0121518 -1.66806e-05 0 
v -0.0121435 -1.59532e-05 9.8e-05 
v -0.0121601 -1.7756e-05 0 
v -0.0121518 -1.66806e-05 9.8e-05 
v -0.0121683 -1.91774e-05 0 
v -0.0121601 -1.7756e-05 9.8e-05 
v -0.0121765 -2.09422e-05 0 
v -0.0121683 -1.91774e-05 9.8e-05 
v -0.0121845 -2.30476e-05 0 
v -0.0121765 -2.09422e-05 9.8e-05 
v -0.0121925 -2.54896e-05 0 
v -0.0121845 -2.30476e-05 9.8e-05 
v -0.0122004 -2.82641e-05 0 
v -0.0121925 -2.54896e-05 9.8e-05 
v -0.0122082 -3.13661e-05 0 
v -0.0122004 -2.82641e-05 9.8e-05 
v -0.0122158 -3.47903e-05 0 
v -0.0122082 -3.13661e-05 9.8e-05 
v -0.0122232 -3.85306e-05 0 
v -0.0122158 -3.47903e-05 9.8e-05 
v -0.0122305 -4.25804e-05 0 
v -0.0122232 -3.85306e-05 9.8e-05 
v -0.0122377 -4.69327e-05 0 
v -0.0122305 -4.25804e-05 9.8e-05 
v -0.0122446 -5.15797e-05 0 
v -0.0122377 -4.69327e-05 9.8e-05 
v -0.0122514 -5.65134e-05 0 
v -0.0122446 -5.15797e-05 9.8e-05 
v -0.0122579 -6.17251e-05 0 
v -0.0122514 -5.65134e-05 9.8e-05 
v -0.0122579 -6.17251e-05 9.8e-05 
vn -0.101179 -0.994868 0 
vn -0.142766 -0.989757 0 
vn -0.142766 -0.989757 0 
vn -0.0594151 -0.998233 0 
vn -0.101179 -0.994868 0 
vn -0.0175468 -0.999846 0 
vn -0.0594151 -0.998233 0 
vn 0.0243524 -0.999703 0 
vn -0.0175468 -0.999846 0 
vn 0.0662088 -0.997806 0 
vn 0.0243524 -0.999703 0 
vn 0.107949 -0.994156 0 
vn 0.0662088 -0.997806 0 
vn 0.1495 -0.988762 0 
vn 0.107949 -0.994156 0 
vn 0.190788 -0.981631 0 
vn 0.1495 -0.988762 0 
vn 0.231741 -0.972778 0 
vn 0.190788 -0.981631 0 
vn 0.272288 -0.962216 0 
vn 0.231741 -0.972778 0 
vn 0.312356 -0.949965 0 
vn 0.272288 -0.962216 0 
vn 0.351876 -0.936047 0 
vn 0.312356 -0.949965 0 
vn 0.390778 -0.920485 0 
vn 0.351876 -0.936047 0 
vn 0.428995 -0.903307 0 
vn 0.390778 -0.920485 0 
vn 0.466458 -0.884543 0 
vn 0.428995 -0.903307 0 
vn 0.503102 -0.864227 0 
vn 0.466458 -0.884543 0 
vn 0.538863 -0.842393 0 
vn 0.503102 -0.864227 0 
vn 0.573678 -0.819081 0 
vn 0.538863 -0.842393 0 
vn 0.607486 -0.79433 0 
vn 0.573678 -0.819081 0 
vn 0.640227 -0.768185 0 
vn 0.607486 -0.79433 0 
vn 0.640227 -0.768185 0 
f 953//953 954//954 955//955 
f 956//956 953//953 957//957 
f 958//958 956//956 959//959 
f 960//960 958//958 961//961 
f 962//962 960//960 963//963 
f 964//964 962//962 965//965 
f 966//966 964//964 967//967 
f 968//968 966//966 969//969 
f 970//970 968//968 971//971 
f 972//972 970//970 973//973 
f 974//974 972//972 975//975 
f 976//976 974//974 977//977 
f 978//978 976//976 979//979 
f 980//980 978//978 981//981 
f 982//982 980//980 983//983 
f 984//984 982//982 985//985 
f 986//986 984//984 987//987 
f 988//988 986//986 989//989 
f 990//990 988//988 991//991 
f 992//992 990//990 993//993 
f 993//993 994//994 992//992 
f 991//991 993//993 990//990 
f 989//989 991//991 988//988 
f 987//987 989//989 986//986 
f 985//985 987//987 984//984 
f 983//983 985//985 982//982 
f 981//981 983//983 980//980 
f 979//979 981//981 978//978 
f 977//977 979//979 976//976 
f 975//975 977//977 974//974 
f 973//973 975//975 972//972 
f 971//971 973//973 970//970 
f 969//969 971//971 968//968 
f 967//967 969//969 966//966 
f 965//965 967//967 964//964 
f 963//963 965//965 962//962 
f 961//961 963//963 960//960 
f 959//959 961//961 958//958 
f 957//957 959//959 956//956 
f 955//955 957//957 953//953 
o mesh78
v -0.0119826 -0.000109306 0 
v -0.0119797 -0.000115775 0 
v -0.0119797 -0.000115775 9.8e-05 
v -0.0119858 -0.000102966 0 
v -0.0119826 -0.000109306 9.8e-05 
v -0.0119892 -9.6769e-05 0 
v -0.0119858 -0.000102966 9.8e-05 
v -0.0119929 -9.0725e-05 0 
v -0.0119892 -9.6769e-05 9.8e-05 
v -0.0119969 -8.48455e-05 0 
v -0.0119929 -9.0725e-05 9.8e-05 
v -0.0120011 -7.91412e-05 0 
v -0.0119969 -8.48455e-05 9.8e-05 
v -0.0120056 -7.36224e-05 0 
v -0.0120011 -7.91412e-05 9.8e-05 
v -0.0120103 -6.82993e-05 0 
v -0.0120056 -7.36224e-05 9.8e-05 
v -0.0120152 -6.31816e-05 0 
v -0.0120103 -6.82993e-05 9.8e-05 
v -0.0120203 -5.82787e-05 0 
v -0.0120152 -6.31816e-05 9.8e-05 
v -0.0120257 -5.35994e-05 0 
v -0.0120203 -5.82787e-05 9.8e-05 
v -0.0120312 -4.91524e-05 0 
v -0.0120257 -5.35994e-05 9.8e-05 
v -0.0120369 -4.49458e-05 0 
v -0.0120312 -4.91524e-05 9.8e-05 
v -0.0120428 -4.09873e-05 0 
v -0.0120369 -4.49458e-05 9.8e-05 
v -0.0120489 -3.7284e-05 0 
v -0.0120428 -4.09873e-05 9.8e-05 
v -0.0120551 -3.38429e-05 0 
v -0.0120489 -3.7284e-05 9.8e-05 
v -0.0120614 -3.067e-05 0 
v -0.0120551 -3.38429e-05 9.8e-05 
v -0.0120679 -2.77714e-05 0 
v -0.0120614 -3.067e-05 9.8e-05 
v -0.0120745 -2.51522e-05 0 
v -0.0120679 -2.77714e-05 9.8e-05 
v -0.0120812 -2.28172e-05 0 
v -0.0120745 -2.51522e-05 9.8e-05 
v -0.012088 -2.07707e-05 0 
v -0.0120812 -2.28172e-05 9.8e-05 
v -0.0120949 -1.90165e-05 0 
v -0.012088 -2.07707e-05 9.8e-05 
v -0.0121018 -1.75577e-05 0 
v -0.0120949 -1.90165e-05 9.8e-05 
v -0.0121018 -1.75577e-05 9.8e-05 
vn -0.902774 -0.430115 0 
vn -0.920331 -0.39114 0 
vn -0.920331 -0.39114 0 
vn -0.883568 -0.468303 0 
vn -0.902774 -0.430115 0 
vn -0.862747 -0.505636 0 
vn -0.883568 -0.468303 0 
vn -0.840349 -0.542045 0 
vn -0.862747 -0.505636 0 
vn -0.816416 -0.577464 0 
vn -0.840349 -0.542045 0 
vn -0.790991 -0.611827 0 
vn -0.816416 -0.577464 0 
vn -0.764121 -0.645073 0 
vn -0.790991 -0.611827 0 
vn -0.735855 -0.677139 0 
vn -0.764121 -0.645073 0 
vn -0.706244 -0.707969 0 
vn -0.735855 -0.677139 0 
vn -0.675342 -0.737504 0 
vn -0.706244 -0.707969 0 
vn -0.643207 -0.765693 0 
vn -0.675342 -0.737504 0 
vn -0.609896 -0.792482 0 
vn -0.643207 -0.765693 0 
vn -0.575471 -0.817823 0 
vn -0.609896 -0.792482 0 
vn -0.539994 -0.841669 0 
vn -0.575471 -0.817823 0 
vn -0.50353 -0.863978 0 
vn -0.539994 -0.841669 0 
vn -0.466146 -0.884708 0 
vn -0.50353 -0.863978 0 
vn -0.427911 -0.903821 0 
vn -0.466146 -0.884708 0 
vn -0.388894 -0.921283 0 
vn -0.427911 -0.903821 0 
vn -0.349166 -0.937061 0 
vn -0.388894 -0.921283 0 
vn -0.3088 -0.951127 0 
vn -0.349166 -0.937061 0 
vn -0.26787 -0.963455 0 
vn -0.3088 -0.951127 0 
vn -0.22645 -0.974023 0 
vn -0.26787 -0.963455 0 
vn -0.184616 -0.982811 0 
vn -0.22645 -0.974023 0 
vn -0.184616 -0.982811 0 
f 995//995 996//996 997//997 
f 998//998 995//995 999//999 
f 1000//1000 998//998 1001//1001 
f 1002//1002 1000//1000 1003//1003 
f 1004//1004 1002//1002 1005//1005 
f 1006//1006 1004//1004 1007//1007 
f 1008//1008 1006//1006 1009//1009 
f 1010//1010 1008//1008 1011//1011 
f 1012//1012 1010//1010 1013//1013 
f 1014//1014 1012//1012 1015//1015 
f 1016//1016 1014//1014 1017//1017 
f 1018//1018 1016//1016 1019//1019 
f 1020//1020 1018//1018 1021//1021 
f 1022//1022 1020//1020 1023//1023 
f 1024//1024 1022//1022 1025//1025 
f 1026//1026 1024//1024 1027//1027 
f 1028//1028 1026//1026 1029//1029 
f 1030//1030 1028//1028 1031//1031 
f 1032//1032 1030//1030 1033//1033 
f 1034//1034 1032//1032 1035//1035 
f 1036//1036 1034//1034 1037//1037 
f 1038//1038 1036//1036 1039//1039 
f 1040//1040 1038//1038 1041//1041 
f 1041//1041 1042//1042 1040//1040 
f 1039//1039 1041//1041 1038//1038 
f 1037//1037 1039//1039 1036//1036 
f 1035//1035 1037//1037 1034//1034 
f 1033//1033 1035//1035 1032//1032 
f 1031//1031 1033//1033 1030//1030 
f 1029//1029 1031//1031 1028//1028 
f 1027//1027 1029//1029 1026//1026 
f 1025//1025 1027//1027 1024//1024 
f 1023//1023 1025//1025 1022//1022 
f 1021//1021 1023//1023 1020//1020 
f 1019//1019 1021//1021 1018//1018 
f 1017//1017 1019//1019 1016//1016 
f 1015//1015 1017//1017 1014//1014 
f 1013//1013 1015//1015 1012//1012 
f 1011//1011 1013//1013 1010//1010 
f 1009//1009 1011//1011 1008//1008 
f 1007//1007 1009//1009 1006//1006 
f 1005//1005 1007//1007 1004//1004 
f 1003//1003 1005//1005 1002//1002 
f 1001//1001 1003//1003 1000//1000 
f 999//999 1001//1001 998//998 
f 997//997 999//999 995//995 
o mesh79
v -0.0119797 -0.000115775 0 
v -0.0118588 -0.000516872 0 
v -0.0118588 -0.000516872 9.8e-05 
v -0.0119797 -0.000115775 9.8e-05 
vn -0.951938 -0.306291 0 
vn -0.962657 -0.270724 0 
vn -0.962657 -0.270724 0 
vn -0.951938 -0.306291 0 
f 1043//1043 1044//1044 1045//1045 
f 1045//1045 1046//1046 1043//1043 
o mesh80
v -0.012038 0.000395333 9.8e-05 
v -0.0121716 0.000227224 9.8e-05 
v -0.012171 0.000226194 9.8e-05 
v -0.0121727 0.000229214 9.8e-05 
v -0.0121721 0.000228231 9.8e-05 
v -0.0121741 0.000231098 9.8e-05 
v -0.0121734 0.00023017 9.8e-05 
v -0.0121689 0.000219639 9.8e-05 
v -0.0121687 0.000218501 9.8e-05 
v -0.0121706 0.000225143 9.8e-05 
v -0.0121701 0.000224073 9.8e-05 
v -0.0121748 0.000231996 9.8e-05 
v -0.0121685 0.000217357 9.8e-05 
v -0.0121694 0.000221883 9.8e-05 
v -0.0121691 0.000220766 9.8e-05 
v -0.0121697 0.000222986 9.8e-05 
v -0.0121781 0.000235261 9.8e-05 
v -0.0120604 0.000395479 9.8e-05 
v -0.0121821 0.000238242 9.8e-05 
v -0.0121799 0.000236676 9.8e-05 
v -0.0121435 -1.59532e-05 9.8e-05 
v -0.0121701 0.000203404 9.8e-05 
v -0.0121708 0.000201107 9.8e-05 
v -0.0122004 -2.82641e-05 9.8e-05 
v -0.0121925 -2.54896e-05 9.8e-05 
v -0.0122158 -3.47903e-05 9.8e-05 
v -0.0122082 -3.13661e-05 9.8e-05 
v -0.0122305 -4.25804e-05 9.8e-05 
v -0.0122232 -3.85306e-05 9.8e-05 
v -0.0121684 0.000216207 9.8e-05 
v -0.0121683 0.000215053 9.8e-05 
v -0.0121764 0.000233697 9.8e-05 
v -0.0121756 0.000232863 9.8e-05 
v -0.0121772 0.000234497 9.8e-05 
v -0.012179 0.000235987 9.8e-05 
v -0.0121351 -1.55749e-05 9.8e-05 
v -0.0121268 -1.55465e-05 9.8e-05 
v -0.0121518 -1.66806e-05 9.8e-05 
v -0.0122377 -4.69327e-05 9.8e-05 
v -0.0121683 0.000213899 9.8e-05 
v -0.0121684 0.000212745 9.8e-05 
v -0.0177695 0.000395477 9.8e-05 
v -0.0175931 0.000255462 9.8e-05 
v -0.012274 0.000255465 9.8e-05 
v -0.0121845 -2.30476e-05 9.8e-05 
v -0.0121765 -2.09422e-05 9.8e-05 
v -0.0176777 0.000255437 9.8e-05 
v -0.0121601 -1.7756e-05 9.8e-05 
v -0.0121683 -1.91774e-05 9.8e-05 
v -0.0122446 -5.15797e-05 9.8e-05 
v -0.0122579 -6.17251e-05 9.8e-05 
v -0.0122514 -5.65134e-05 9.8e-05 
v -0.0177001 0.000255332 9.8e-05 
v -0.0121685 0.000211593 9.8e-05 
v -0.0122047 0.000248062 9.8e-05 
v -0.0121992 0.000246412 9.8e-05 
v -0.0180592 0.000226172 9.8e-05 
v -0.0180571 0.0002239 9.8e-05 
v -0.0180684 0.000234329 9.8e-05 
v -0.0180659 0.000232437 9.8e-05 
v -0.0180761 0.00023937 9.8e-05 
v -0.0180734 0.000237798 9.8e-05 
v -0.0213124 0.00012396 9.8e-05 
v -0.0215431 6.63204e-05 9.8e-05 
v -0.0215069 -6.89094e-05 9.8e-05 
v -0.021772 1.69968e-06 9.8e-05 
v -0.0217316 -0.000132372 9.8e-05 
v -0.0120152 -6.31816e-05 9.8e-05 
v -0.0115945 0.000101791 9.8e-05 
v -0.0116005 0.000117695 9.8e-05 
v -0.0121844 0.000239713 9.8e-05 
v -0.0121941 0.000244599 9.8e-05 
v -0.0121916 0.000243532 9.8e-05 
v -0.0122102 0.000249497 9.8e-05 
v -0.0122215 0.000251712 9.8e-05 
v -0.0122158 0.000250714 9.8e-05 
v -0.0122583 0.000255171 9.8e-05 
v -0.012246 0.000254462 9.8e-05 
v -0.0122706 0.000255434 9.8e-05 
v -0.0180551 0.000221543 9.8e-05 
v -0.0180636 0.000230444 9.8e-05 
v -0.0180613 0.000228355 9.8e-05 
v -0.0180709 0.000236117 9.8e-05 
v -0.0180788 0.000240829 9.8e-05 
v -0.0219821 -6.48048e-05 9.8e-05 
v -0.0219361 -0.000197064 9.8e-05 
v -0.0235514 -0.00111703 9.8e-05 
v -0.0234759 -0.00120248 9.8e-05 
v -0.0234701 -0.00120011 9.8e-05 
v -0.0116144 0.000148707 9.8e-05 
v -0.0116223 0.000163762 9.8e-05 
v -0.0116071 0.000133343 9.8e-05 
v -0.0115845 6.9317e-05 9.8e-05 
v -0.0115892 8.56562e-05 9.8e-05 
v -0.0121184 -1.58679e-05 9.8e-05 
v -0.0121867 0.000241087 9.8e-05 
v -0.0121891 0.00024236 9.8e-05 
v -0.0177447 0.000252596 9.8e-05 
v -0.0177224 0.000254384 9.8e-05 
v -0.0180514 0.000216589 9.8e-05 
v -0.0180498 0.000214001 9.8e-05 
v -0.0180532 0.000219104 9.8e-05 
v -0.0180816 0.000242172 9.8e-05 
v -0.0186178 0.000400542 9.8e-05 
v -0.0182202 0.000257667 9.8e-05 
v -0.0212804 -1.23491e-05 9.8e-05 
v -0.0209389 6.10857e-05 9.8e-05 
v -0.0235724 -0.00115645 9.8e-05 
v -0.0235125 -0.00121116 9.8e-05 
v -0.0235062 -0.00121038 9.8e-05 
v -0.0235376 -0.00121155 9.8e-05 
v -0.0235313 -0.00121186 9.8e-05 
v -0.0235744 -0.001204 9.8e-05 
v -0.0235685 -0.00120592 9.8e-05 
v -0.0234643 -0.0011975 9.8e-05 
v -0.0234818 -0.00120458 9.8e-05 
v -0.0115805 5.28008e-05 9.8e-05 
v -0.0120551 -3.38429e-05 9.8e-05 
v -0.0118634 0.000360962 9.8e-05 
v -0.0118844 0.000368424 9.8e-05 
v -0.0121101 -1.65387e-05 9.8e-05 
v -0.0121018 -1.75577e-05 9.8e-05 
v -0.012169 0.000208078 9.8e-05 
v -0.0121695 0.000205729 9.8e-05 
v -0.0121966 0.000245559 9.8e-05 
v -0.0122337 0.000253308 9.8e-05 
v -0.0177669 0.000249969 9.8e-05 
v -0.018105 0.000250079 9.8e-05 
v -0.0181002 0.000248864 9.8e-05 
v -0.0181275 0.000253853 9.8e-05 
v -0.0181147 0.000251949 9.8e-05 
v -0.0186167 0.000260532 9.8e-05 
v -0.0209657 0.000198946 9.8e-05 
v -0.0205949 0.000121713 9.8e-05 
v -0.0235 -0.00120933 9.8e-05 
v -0.0234939 -0.00120802 9.8e-05 
v -0.0235187 -0.00121167 9.8e-05 
v -0.0235439 -0.00121097 9.8e-05 
v -0.0235803 -0.00120182 9.8e-05 
v -0.0235289 -0.0010785 9.8e-05 
v -0.0234329 -0.00117685 9.8e-05 
v -0.0234282 -0.00117264 9.8e-05 
v -0.0114405 -0.000371043 9.8e-05 
v -0.0118161 -0.000612457 9.8e-05 
v -0.0118051 -0.000630332 9.8e-05 
v -0.0118357 -0.000575359 9.8e-05 
v -0.0118263 -0.000594122 9.8e-05 
v -0.01791 0.00017883 9.8e-05 
v -0.0180433 0.000199445 9.8e-05 
v -0.0180432 0.000198532 9.8e-05 
v -0.0120489 -3.7284e-05 9.8e-05 
v -0.0118222 0.000343436 9.8e-05 
v -0.0118426 0.000352628 9.8e-05 
v -0.0120949 -1.90165e-05 9.8e-05 
v -0.0120157 0.000394254 9.8e-05 
v -0.0121686 0.000210447 9.8e-05 
v -0.0180455 0.00020585 9.8e-05 
v -0.0180442 0.00020302 9.8e-05 
v -0.0180482 0.000211345 9.8e-05 
v -0.0180468 0.000208627 9.8e-05 
v -0.0180955 0.000247463 9.8e-05 
v -0.0181099 0.000251108 9.8e-05 
v -0.0181779 0.000257095 9.8e-05 
v -0.0206165 0.000260642 9.8e-05 
v -0.0202489 0.000169449 9.8e-05 
v -0.023525 -0.0012119 9.8e-05 
v -0.0235624 -0.00120759 9.8e-05 
v -0.0235918 -0.0011967 9.8e-05 
v -0.0235861 -0.00119938 9.8e-05 
v -0.0234533 -0.00119154 9.8e-05 
v -0.0234479 -0.0011882 9.8e-05 
v -0.0234587 -0.00119464 9.8e-05 
v -0.0234115 -0.0011539 9.8e-05 
v -0.0234078 -0.00114879 9.8e-05 
v -0.0234195 -0.00116364 9.8e-05 
v -0.0234154 -0.00115886 9.8e-05 
v -0.0234237 -0.00116824 9.8e-05 
v -0.0234377 -0.00118085 9.8e-05 
v -0.0180442 0.000188176 9.8e-05 
v -0.0180447 0.000186365 9.8e-05 
v -0.0179507 0.000137002 9.8e-05 
v -0.0180435 0.000200353 9.8e-05 
v -0.0178809 0.000204172 9.8e-05 
v -0.017873 0.000209752 9.8e-05 
v -0.0178959 0.000192086 9.8e-05 
v -0.0178885 0.00019828 9.8e-05 
v -0.018044 0.000202141 9.8e-05 
v -0.0116399 0.000192849 9.8e-05 
v -0.0116495 0.000206831 9.8e-05 
v -0.0116308 0.000178484 9.8e-05 
v -0.0120428 -4.09873e-05 9.8e-05 
v -0.0118023 0.000333403 9.8e-05 
v -0.0120614 -3.067e-05 9.8e-05 
v -0.0119058 0.000375 9.8e-05 
v -0.0120679 -2.77714e-05 9.8e-05 
v -0.0119274 0.000380679 9.8e-05 
v -0.0120745 -2.51522e-05 9.8e-05 
v -0.0119493 0.000385452 9.8e-05 
v -0.0120812 -2.28172e-05 9.8e-05 
v -0.0119713 0.00038931 9.8e-05 
v -0.012088 -2.07707e-05 9.8e-05 
v -0.0119934 0.000392245 9.8e-05 
v -0.0177778 0.000248154 9.8e-05 
v -0.0180908 0.000245879 9.8e-05 
v -0.0180861 0.000244114 9.8e-05 
v -0.0181591 0.00025648 9.8e-05 
v -0.0202651 0.000308961 9.8e-05 
v -0.0199014 0.000204225 9.8e-05 
v -0.0223931 -0.000223652 9.8e-05 
v -0.0225934 -0.000315722 9.8e-05 
v -0.0225312 -0.000441158 9.8e-05 
v -0.0226902 -0.000364263 9.8e-05 
v -0.0229446 -0.000685381 9.8e-05 
v -0.0228453 -0.000617694 9.8e-05 
v -0.0229689 -0.000531227 9.8e-05 
v -0.023041 -0.000757286 9.8e-05 
v -0.0230574 -0.000593733 9.8e-05 
v -0.0231341 -0.000833276 9.8e-05 
v -0.0231434 -0.000659521 9.8e-05 
v -0.0235563 -0.00120898 9.8e-05 
v -0.0235501 -0.00121011 9.8e-05 
v -0.0118588 -0.000516872 9.8e-05 
v -0.0115102 -7.2316e-05 9.8e-05 
v -0.0115154 -6.57873e-05 9.8e-05 
v -0.0115007 -8.59807e-05 9.8e-05 
v -0.0115053 -7.90508e-05 9.8e-05 
v -0.0114851 -0.000115413 9.8e-05 
v -0.0114886 -0.000107822 9.8e-05 
v -0.0114792 -0.000130983 9.8e-05 
v -0.011482 -0.000123137 9.8e-05 
v -0.0114746 -0.000146984 9.8e-05 
v -0.0114768 -0.000138936 9.8e-05 
v -0.0114713 -0.00016331 9.8e-05 
v -0.0114728 -0.000155113 9.8e-05 
v -0.0117391 -0.00071163 9.8e-05 
v -0.0117239 -0.000726058 9.8e-05 
v -0.0117809 -0.000664562 9.8e-05 
v -0.0117676 -0.000680852 9.8e-05 
v -0.0117933 -0.000647711 9.8e-05 
v -0.0180469 0.000181094 9.8e-05 
v -0.0180477 0.0001794 9.8e-05 
v -0.0180454 0.00018458 9.8e-05 
v -0.0180461 0.000182822 9.8e-05 
v -0.018043 0.000194843 9.8e-05 
v -0.0180431 0.000193921 9.8e-05 
v -0.018043 0.000196691 9.8e-05 
v -0.018043 0.000195767 9.8e-05 
v -0.0180431 0.000197613 9.8e-05 
v -0.0180437 0.000201252 9.8e-05 
v -0.0178649 0.000215011 9.8e-05 
v -0.0178566 0.00021994 9.8e-05 
v -0.0179031 0.000185599 9.8e-05 
v -0.0117113 0.000270073 9.8e-05 
v -0.0120203 -5.82787e-05 9.8e-05 
v -0.0117457 0.000297951 9.8e-05 
v -0.0117637 0.000310881 9.8e-05 
v -0.0120312 -4.91524e-05 9.8e-05 
v -0.0120011 -7.91412e-05 9.8e-05 
v -0.0119969 -8.48455e-05 9.8e-05 
v -0.0181404 0.000255215 9.8e-05 
v -0.0221892 -0.000139965 9.8e-05 
v -0.0221378 -0.000270179 9.8e-05 
v -0.0223362 -0.00035159 9.8e-05 
v -0.0226384 -0.000495469 9.8e-05 
v -0.0227852 -0.000416411 9.8e-05 
v -0.0227432 -0.000554351 9.8e-05 
v -0.0228781 -0.000472092 9.8e-05 
v -0.023227 -0.000728498 9.8e-05 
v -0.0232758 -0.000772776 9.8e-05 
v -0.0233229 -0.000819036 9.8e-05 
v -0.0232214 -0.00091685 9.8e-05 
v -0.0233679 -0.000867199 9.8e-05 
v -0.0232628 -0.00096098 9.8e-05 
v -0.0234109 -0.000917182 9.8e-05 
v -0.0233024 -0.00100659 9.8e-05 
v -0.0234519 -0.000968901 9.8e-05 
v -0.0233404 -0.00105363 9.8e-05 
v -0.0234044 -0.00114352 9.8e-05 
v -0.023479 -0.00100437 9.8e-05 
v -0.0234878 -0.00120643 9.8e-05 
v -0.0234428 -0.00118464 9.8e-05 
v -0.0114923 -0.000100378 9.8e-05 
v -0.0114963 -9.30938e-05 9.8e-05 
v -0.0117537 -0.000696551 9.8e-05 
v -0.0118519 -0.000536698 9.8e-05 
v -0.0118442 -0.000556206 9.8e-05 
v -0.0180437 0.000190007 9.8e-05 
v -0.0180433 0.000192086 9.8e-05 
v -0.0180434 0.000191176 9.8e-05 
v -0.0178481 0.000224533 9.8e-05 
v -0.0116792 0.00023964 9.8e-05 
v -0.011695 0.000255165 9.8e-05 
v -0.0116641 0.000223521 9.8e-05 
v -0.0117283 0.000284342 9.8e-05 
v -0.0120257 -5.35994e-05 9.8e-05 
v -0.0117827 0.000322544 9.8e-05 
v -0.0120369 -4.49458e-05 9.8e-05 
v -0.0119892 -9.6769e-05 9.8e-05 
v -0.0119858 -0.000102966 9.8e-05 
v -0.0120056 -7.36224e-05 9.8e-05 
v -0.0120103 -6.82993e-05 9.8e-05 
v -0.0121155 -0.00350598 9.8e-05 
v -0.0121657 -0.00350777 9.8e-05 
v -0.0121622 -0.00351273 9.8e-05 
v -0.0121894 -0.00343376 9.8e-05 
v -0.0121891 -0.0034398 9.8e-05 
v -0.011642 -0.00298405 9.8e-05 
v -0.0117659 -0.00289214 9.8e-05 
v -0.0118519 -0.00300377 9.8e-05 
v -0.0115566 -0.00286479 9.8e-05 
v -0.0116842 -0.00277727 9.8e-05 
v -0.0107885 -0.0010134 9.8e-05 
v -0.0112619 -0.00108506 9.8e-05 
v -0.0112456 -0.00110897 9.8e-05 
v -0.0216089 -0.00362503 9.8e-05 
v -0.0180662 0.000155745 9.8e-05 
v -0.0180487 0.000177742 9.8e-05 
v -0.0180497 0.000176122 9.8e-05 
v -0.0178306 0.000232676 9.8e-05 
v -0.0178203 0.00023661 9.8e-05 
v -0.0180432 0.000193001 9.8e-05 
v -0.0115772 4.16246e-05 9.8e-05 
v -0.0119826 -0.000109306 9.8e-05 
v -0.0119797 -0.000115775 9.8e-05 
v -0.0119929 -9.0725e-05 9.8e-05 
v -0.0199121 0.00034383 9.8e-05 
v -0.0231785 -0.000874263 9.8e-05 
v -0.0235047 -0.00104092 9.8e-05 
v -0.0171536 -0.00487506 9.8e-05 
v -0.0170001 -0.0048939 9.8e-05 
v -0.0121689 -0.00350266 9.8e-05 
v -0.0121748 -0.00349205 9.8e-05 
v -0.012172 -0.00349742 9.8e-05 
v -0.0121818 -0.00347529 9.8e-05 
v -0.0121797 -0.00348098 9.8e-05 
v -0.0121885 -0.00344583 9.8e-05 
v -0.0120282 -0.00342506 9.8e-05 
v -0.0119253 -0.00332056 9.8e-05 
v -0.0120366 -0.0032166 9.8e-05 
v -0.0118265 -0.00321211 9.8e-05 
v -0.0119422 -0.00311197 9.8e-05 
v -0.011732 -0.00309989 9.8e-05 
v -0.0114759 -0.00274228 9.8e-05 
v -0.0116071 -0.00265932 9.8e-05 
v -0.0114001 -0.00261671 9.8e-05 
v -0.0115346 -0.00253847 9.8e-05 
v -0.0112606 -0.00234922 9.8e-05 
v -0.0114015 -0.00228175 9.8e-05 
v -0.0114669 -0.0024149 9.8e-05 
v -0.0111977 -0.00220745 9.8e-05 
v -0.0113419 -0.00214595 9.8e-05 
v -0.0110451 -0.00176825 9.8e-05 
v -0.0111981 -0.00172514 9.8e-05 
v -0.01124 -0.0018674 9.8e-05 
v -0.0109885 -0.00156446 9.8e-05 
v -0.0111614 -0.00158912 9.8e-05 
v -0.010957 -0.00145136 9.8e-05 
v -0.011146 -0.00148154 9.8e-05 
v -0.0111482 -0.00150866 9.8e-05 
v -0.0109212 -0.00133954 9.8e-05 
v -0.0111463 -0.00139999 9.8e-05 
v -0.0111567 -0.0013191 9.8e-05 
v -0.0111521 -0.00134591 9.8e-05 
v -0.0111914 -0.00121086 9.8e-05 
v -0.0111805 -0.00123766 9.8e-05 
v -0.0108369 -0.0011204 9.8e-05 
v -0.0112791 -0.00106186 9.8e-05 
v -0.0180631 0.000158975 9.8e-05 
v -0.0180573 0.000165576 9.8e-05 
v -0.0180601 0.000162289 9.8e-05 
v -0.018052 0.000172499 9.8e-05 
v -0.0180546 0.000168981 9.8e-05 
v -0.0177993 0.000243231 9.8e-05 
v -0.0177886 0.000245907 9.8e-05 
v -0.0178098 0.00024013 9.8e-05 
v -0.0178394 0.00022878 9.8e-05 
v -0.0115734 3.05901e-05 9.8e-05 
v -0.0122046 0.000153119 9.8e-05 
v -0.0122066 0.000151019 9.8e-05 
v -0.0120855 -0.00347997 9.8e-05 
v -0.0121845 -0.00339181 9.8e-05 
v -0.012186 -0.00339768 9.8e-05 
v -0.0121786 -0.00337464 9.8e-05 
v -0.0121808 -0.00338028 9.8e-05 
v -0.0121547 -0.0035222 9.8e-05 
v -0.0121506 -0.00352668 9.8e-05 
v -0.0121774 -0.00348656 9.8e-05 
v -0.0121852 -0.00346369 9.8e-05 
v -0.0121836 -0.00346953 9.8e-05 
v -0.0121877 -0.00345183 9.8e-05 
v -0.0121866 -0.00345778 9.8e-05 
v -0.0121895 -0.0034277 9.8e-05 
v -0.0121888 -0.00341561 9.8e-05 
v -0.0121893 -0.00342165 9.8e-05 
v -0.0113292 -0.00248828 9.8e-05 
v -0.0111408 -0.00206319 9.8e-05 
v -0.011288 -0.00200775 9.8e-05 
v -0.0110899 -0.00191671 9.8e-05 
v -0.011145 -0.00145436 9.8e-05 
v -0.0111486 -0.00137289 9.8e-05 
v -0.0108811 -0.00122917 9.8e-05 
v -0.0111709 -0.00126489 9.8e-05 
v -0.0111624 -0.00129251 9.8e-05 
v -0.0112973 -0.00103941 9.8e-05 
v -0.0113364 -0.000996931 9.8e-05 
v -0.0113164 -0.00101775 9.8e-05 
v -0.0113791 -0.000957936 9.8e-05 
v -0.0113573 -0.00097698 9.8e-05 
v -0.0115596 -1.4839e-06 9.8e-05 
v -0.0115646 9.01839e-06 9.8e-05 
v -0.0115482 -2.1836e-05 9.8e-05 
v -0.0115541 -1.17743e-05 9.8e-05 
v -0.0115353 -4.12086e-05 9.8e-05 
v -0.0115419 -3.16528e-05 9.8e-05 
v -0.0117081 -0.00073981 9.8e-05 
v -0.012198 0.000160096 9.8e-05 
v -0.0121858 0.000174807 9.8e-05 
v -0.0121917 0.000167329 9.8e-05 
v -0.0121771 0.000187745 9.8e-05 
v -0.0121798 0.000183313 9.8e-05 
v -0.0121716 0.000198842 9.8e-05 
v -0.0121567 -0.00333852 9.8e-05 
v -0.0121605 -0.00334325 9.8e-05 
v -0.0121485 -0.00332956 9.8e-05 
v -0.0121527 -0.00333395 9.8e-05 
v -0.012135 -0.00331749 9.8e-05 
v -0.0121397 -0.00332132 9.8e-05 
v -0.0120564 -0.00345299 9.8e-05 
v -0.0121761 -0.0033691 9.8e-05 
v -0.0121674 -0.00335319 9.8e-05 
v -0.0121705 -0.00335836 9.8e-05 
v -0.012164 -0.00334815 9.8e-05 
v -0.0121872 -0.00340361 9.8e-05 
v -0.0121828 -0.003386 9.8e-05 
v -0.0121586 -0.00351755 9.8e-05 
v -0.0111515 -0.00153565 9.8e-05 
v -0.0111559 -0.00156249 9.8e-05 
v -0.011145 -0.00142716 9.8e-05 
v -0.0112163 -0.00115876 9.8e-05 
v -0.0112033 -0.00118454 9.8e-05 
v -0.0112305 -0.00113355 9.8e-05 
v -0.0115208 -5.94758e-05 9.8e-05 
v -0.0121827 0.000178998 9.8e-05 
v -0.0121735 0.000194428 9.8e-05 
v -0.0121746 0.000192286 9.8e-05 
v -0.0121725 0.000196614 9.8e-05 
v -0.0121442 -0.00332534 9.8e-05 
v -0.0121734 -0.00336367 9.8e-05 
v -0.0121881 -0.00340959 9.8e-05 
v -0.0115282 -5.04879e-05 9.8e-05 
v -0.0116747 -0.000765178 9.8e-05 
v -0.0116572 -0.000776747 9.8e-05 
v -0.0116916 -0.000752858 9.8e-05 
v -0.010681 -0.000859252 9.8e-05 
v -0.0106503 -0.000823588 9.8e-05 
v -0.0109093 -0.000545069 9.8e-05 
v -0.0111566 -0.000581707 9.8e-05 
v -0.010764 -0.000973264 9.8e-05 
v -0.0107378 -0.000934151 9.8e-05 
v -0.0114863 -0.000879437 9.8e-05 
v -0.011432 -0.000917715 9.8e-05 
v -0.011542 -0.000843152 9.8e-05 
v -0.0111932 -0.000334406 9.8e-05 
v -0.0107102 -0.000896127 9.8e-05 
v -0.0121463 -0.00353098 9.8e-05 
v -0.0115692 1.97155e-05 9.8e-05 
v -0.011599 -0.000808907 9.8e-05 
v -0.0105848 -0.000756123 9.8e-05 
v -0.01055 -0.000724432 9.8e-05 
v -0.010662 -0.000508432 9.8e-05 
v -0.0217364 -0.00356217 9.8e-05 
v -0.0101674 -0.000435157 9.8e-05 
v -0.0104147 -0.000471795 9.8e-05 
v -0.0106182 -0.000789193 9.8e-05 
v -0.0107294 -5.33982e-05 9.8e-05 
v -0.0109767 -9.00355e-05 9.8e-05 
v -0.0104513 -0.000224494 9.8e-05 
v -0.010204 -0.000187856 9.8e-05 
vn 0 0 1 
vn 0 0 1 
vn 0 0 1 
vn 0 0 1 
vn 0 0 1 
vn 0 0 1 
vn 0 0 1 
vn 0 0 1 
vn 0 0 1 
vn 0 0 1 
vn 0 0 1 
vn 0 0 1 
vn 0 0 1 
vn 0 0 1 
vn 0 0 1 
vn 0 0 1 
vn 0 0 1 
vn 0 0 1 
vn 0 0 1 
vn 0 0 1 
vn 0 0 1 
vn 0 0 1 
vn 0 0 1 
vn 0 0 1 
vn 0 0 1 
vn 0 0 1 
vn 0 0 1 
vn 0 0 1 
vn 0 0 1 
vn 0 0 1 
vn 0 0 1 
vn 0 0 1 
vn 0 0 1 
vn 0 0 1 
vn 0 0 1 
vn 0 0 1 
vn 0 0 1 
vn 0 0 1 
vn 0 0 1 
vn 0 0 1 
vn 0 0 1 
vn 0 0 1 
vn 0 0 1 
vn 0 0 1 
vn 0 0 1 
vn 0 0 1 
vn 0 0 1 
vn 0 0 1 
vn 0 0 1 
vn 0 0 1 
vn 0 0 1 
vn 0 0 1 
vn 0 0 1 
vn 0 0 1 
vn 0 0 1 
vn 0 0 1 
vn 0 0 1 
vn 0 0 1 
vn 0 0 1 
vn 0 0 1 
vn 0 0 1 
vn 0 0 1 
vn 0 0 1 
vn 0 0 1 
vn 0 0 1 
vn 0 0 1 
vn 0 0 1 
vn 0 0 1 
vn 0 0 1 
vn 0 0 1 
vn 0 0 1 
vn 0 0 1 
vn 0 0 1 
vn 0 0 1 
vn 0 0 1 
vn 0 0 1 
vn 0 0 1 
vn 0 0 1 
vn 0 0 1 
vn 0 0 1 
vn 0 0 1 
vn 0 0 1 
vn 0 0 1 
vn 0 0 1 
vn 0 0 1 
vn 0 0 1 
vn 0 0 1 
vn 0 0 1 
vn 0 0 1 
vn 0 0 1 
vn 0 0 1 
vn 0 0 1 
vn 0 0 1 
vn 0 0 1 
vn 0 0 1 
vn 0 0 1 
vn 0 0 1 
vn 0 0 1 
vn 0 0 1 
vn 0 0 1 
vn 0 0 1 
vn 0 0 1 
vn 0 0 1 
vn 0 0 1 
vn 0 0 1 
vn 0 0 1 
vn 0 0 1 
vn 0 0 1 
vn 0 0 1 
vn 0 0 1 
vn 0 0 1 
vn 0 0 1 
vn 0 0 1 
vn 0 0 1 
vn 0 0 1 
vn 0 0 1 
vn 0 0 1 
vn 0 0 1 
vn 0 0 1 
vn 0 0 1 
vn 0 0 1 
vn 0 0 1 
vn 0 0 1 
vn 0 0 1 
vn 0 0 1 
vn 0 0 1 
vn 0 0 1 
vn 0 0 1 
vn 0 0 1 
vn 0 0 1 
vn 0 0 1 
vn 0 0 1 
vn 0 0 1 
vn 0 0 1 
vn 0 0 1 
vn 0 0 1 
vn 0 0 1 
vn 0 0 1 
vn 0 0 1 
vn 0 0 1 
vn 0 0 1 
vn 0 0 1 
vn 0 0 1 
vn 0 0 1 
vn 0 0 1 
vn 0 0 1 
vn 0 0 1 
vn 0 0 1 
vn 0 0 1 
vn 0 0 1 
vn 0 0 1 
vn 0 0 1 
vn 0 0 1 
vn 0 0 1 
vn 0 0 1 
vn 0 0 1 
vn 0 0 1 
vn 0 0 1 
vn 0 0 1 
vn 0 0 1 
vn 0 0 1 
vn 0 0 1 
vn 0 0 1 
vn 0 0 1 
vn 0 0 1 
vn 0 0 1 
vn 0 0 1 
vn 0 0 1 
vn 0 0 1 
vn 0 0 1 
vn 0 0 1 
vn 0 0 1 
vn 0 0 1 
vn 0 0 1 
vn 0 0 1 
vn 0 0 1 
vn 0 0 1 
vn 0 0 1 
vn 0 0 1 
vn 0 0 1 
vn 0 0 1 
vn 0 0 1 
vn 0 0 1 
vn 0 0 1 
vn 0 0 1 
vn 0 0 1 
vn 0 0 1 
vn 0 0 1 
vn 0 0 1 
vn 0 0 1 
vn 0 0 1 
vn 0 0 1 
vn 0 0 1 
vn 0 0 1 
vn 0 0 1 
vn 0 0 1 
vn 0 0 1 
vn 0 0 1 
vn 0 0 1 
vn 0 0 1 
vn 0 0 1 
vn 0 0 1 
vn 0 0 1 
vn 0 0 1 
vn 0 0 1 
vn 0 0 1 
vn 0 0 1 
vn 0 0 1 
vn 0 0 1 
vn 0 0 1 
vn 0 0 1 
vn 0 0 1 
vn 0 0 1 
vn 0 0 1 
vn 0 0 1 
vn 0 0 1 
vn 0 0 1 
vn 0 0 1 
vn 0 0 1 
vn 0 0 1 
vn 0 0 1 
vn 0 0 1 
vn 0 0 1 
vn 0 0 1 
vn 0 0 1 
vn 0 0 1 
vn 0 0 1 
vn 0 0 1 
vn 0 0 1 
vn 0 0 1 
vn 0 0 1 
vn 0 0 1 
vn 0 0 1 
vn 0 0 1 
vn 0 0 1 
vn 0 0 1 
vn 0 0 1 
vn 0 0 1 
vn 0 0 1 
vn 0 0 1 
vn 0 0 1 
vn 0 0 1 
vn 0 0 1 
vn 0 0 1 
vn 0 0 1 
vn 0 0 1 
vn 0 0 1 
vn 0 0 1 
vn 0 0 1 
vn 0 0 1 
vn 0 0 1 
vn 0 0 1 
vn 0 0 1 
vn 0 0 1 
vn 0 0 1 
vn 0 0 1 
vn 0 0 1 
vn 0 0 1 
vn 0 0 1 
vn 0 0 1 
vn 0 0 1 
vn 0 0 1 
vn 0 0 1 
vn 0 0 1 
vn 0 0 1 
vn 0 0 1 
vn 0 0 1 
vn 0 0 1 
vn 0 0 1 
vn 0 0 1 
vn 0 0 1 
vn 0 0 1 
vn 0 0 1 
vn 0 0 1 
vn 0 0 1 
vn 0 0 1 
vn 0 0 1 
vn 0 0 1 
vn 0 0 1 
vn 0 0 1 
vn 0 0 1 
vn 0 0 1 
vn 0 0 1 
vn 0 0 1 
vn 0 0 1 
vn 0 0 1 
vn 0 0 1 
vn 0 0 1 
vn 0 0 1 
vn 0 0 1 
vn 0 0 1 
vn 0 0 1 
vn 0 0 1 
vn 0 0 1 
vn 0 0 1 
vn 0 0 1 
vn 0 0 1 
vn 0 0 1 
vn 0 0 1 
vn 0 0 1 
vn 0 0 1 
vn 0 0 1 
vn 0 0 1 
vn 0 0 1 
vn 0 0 1 
vn 0 0 1 
vn 0 0 1 
vn 0 0 1 
vn 0 0 1 
vn 0 0 1 
vn 0 0 1 
vn 0 0 1 
vn 0 0 1 
vn 0 0 1 
vn 0 0 1 
vn 0 0 1 
vn 0 0 1 
vn 0 0 1 
vn 0 0 1 
vn 0 0 1 
vn 0 0 1 
vn 0 0 1 
vn 0 0 1 
vn 0 0 1 
vn 0 0 1 
vn 0 0 1 
vn 0 0 1 
vn 0 0 1 
vn 0 0 1 
vn 0 0 1 
vn 0 0 1 
vn 0 0 1 
vn 0 0 1 
vn 0 0 1 
vn 0 0 1 
vn 0 0 1 
vn 0 0 1 
vn 0 0 1 
vn 0 0 1 
vn 0 0 1 
vn 0 0 1 
vn 0 0 1 
vn 0 0 1 
vn 0 0 1 
vn 0 0 1 
vn 0 0 1 
vn 0 0 1 
vn 0 0 1 
vn 0 0 1 
vn 0 0 1 
vn 0 0 1 
vn 0 0 1 
vn 0 0 1 
vn 0 0 1 
vn 0 0 1 
vn 0 0 1 
vn 0 0 1 
vn 0 0 1 
vn 0 0 1 
vn 0 0 1 
vn 0 0 1 
vn 0 0 1 
vn 0 0 1 
vn 0 0 1 
vn 0 0 1 
vn 0 0 1 
vn 0 0 1 
vn 0 0 1 
vn 0 0 1 
vn 0 0 1 
vn 0 0 1 
vn 0 0 1 
vn 0 0 1 
vn 0 0 1 
vn 0 0 1 
vn 0 0 1 
vn 0 0 1 
vn 0 0 1 
vn 0 0 1 
vn 0 0 1 
vn 0 0 1 
vn 0 0 1 
vn 0 0 1 
vn 0 0 1 
vn 0 0 1 
vn 0 0 1 
vn 0 0 1 
vn 0 0 1 
vn 0 0 1 
vn 0 0 1 
vn 0 0 1 
vn 0 0 1 
vn 0 0 1 
vn 0 0 1 
vn 0 0 1 
vn 0 0 1 
vn 0 0 1 
vn 0 0 1 
vn 0 0 1 
vn 0 0 1 
vn 0 0 1 
vn 0 0 1 
vn 0 0 1 
vn 0 0 1 
vn 0 0 1 
vn 0 0 1 
vn 0 0 1 
vn 0 0 1 
vn 0 0 1 
vn 0 0 1 
vn 0 0 1 
vn 0 0 1 
vn 0 0 1 
vn 0 0 1 
vn 0 0 1 
vn 0 0 1 
vn 0 0 1 
vn 0 0 1 
vn 0 0 1 
vn 0 0 1 
vn 0 0 1 
vn 0 0 1 
vn 0 0 1 
vn 0 0 1 
vn 0 0 1 
vn 0 0 1 
vn 0 0 1 
vn 0 0 1 
vn 0 0 1 
vn 0 0 1 
vn 0 0 1 
vn 0 0 1 
vn 0 0 1 
vn 0 0 1 
vn 0 0 1 
vn 0 0 1 
vn 0 0 1 
vn 0 0 1 
vn 0 0 1 
vn 0 0 1 
vn 0 0 1 
vn 0 0 1 
vn 0 0 1 
vn 0 0 1 
vn 0 0 1 
vn 0 0 1 
vn 0 0 1 
vn 0 0 1 
vn 0 0 1 
vn 0 0 1 
vn 0 0 1 
vn 0 0 1 
vn 0 0 1 
vn 0 0 1 
vn 0 0 1 
vn 0 0 1 
vn 0 0 1 
vn 0 0 1 
vn 0 0 1 
vn 0 0 1 
vn 0 0 1 
vn 0 0 1 
vn 0 0 1 
vn 0 0 1 
vn 0 0 1 
vn 0 0 1 
vn 0 0 1 
vn 0 0 1 
vn 0 0 1 
vn 0 0 1 
vn 0 0 1 
vn 0 0 1 
vn 0 0 1 
vn 0 0 1 
vn 0 0 1 
vn 0 0 1 
vn 0 0 1 
vn 0 0 1 
f 1047//1047 1048//1048 1049//1049 
f 1047//1047 1050//1050 1051//1051 
f 1047//1047 1052//1052 1053//1053 
f 1047//1047 1054//1054 1055//1055 
f 1047//1047 1056//1056 1057//1057 
f 1051//1051 1048//1048 1047//1047 
f 1047//1047 1058//1058 1052//1052 
f 1055//1055 1059//1059 1047//1047 
f 1047//1047 1060//1060 1061//1061 
f 1057//1057 1062//1062 1047//1047 
f 1053//1053 1050//1050 1047//1047 
f 1063//1063 1047//1047 1064//1064 
f 1064//1064 1065//1065 1066//1066 
f 1067//1067 1068//1068 1069//1069 
f 1069//1069 1070//1070 1071//1071 
f 1069//1069 1072//1072 1073//1073 
f 1069//1069 1074//1074 1075//1075 
f 1047//1047 1076//1076 1077//1077 
f 1061//1061 1054//1054 1047//1047 
f 1049//1049 1056//1056 1047//1047 
f 1047//1047 1078//1078 1079//1079 
f 1047//1047 1063//1063 1080//1080 
f 1066//1066 1081//1081 1064//1064 
f 1068//1068 1082//1082 1083//1083 
f 1069//1069 1084//1084 1067//1067 
f 1073//1073 1070//1070 1069//1069 
f 1069//1069 1085//1085 1074//1074 
f 1047//1047 1086//1086 1087//1087 
f 1059//1059 1076//1076 1047//1047 
f 1079//1079 1058//1058 1047//1047 
f 1064//1064 1081//1081 1063//1063 
f 1088//1088 1089//1089 1090//1090 
f 1067//1067 1082//1082 1068//1068 
f 1069//1069 1091//1091 1092//1092 
f 1075//1075 1072//1072 1069//1069 
f 1077//1077 1086//1086 1047//1047 
f 1080//1080 1078//1078 1047//1047 
f 1088//1088 1093//1093 1089//1089 
f 1069//1069 1094//1094 1084//1084 
f 1092//1092 1095//1095 1069//1069 
f 1069//1069 1096//1096 1085//1085 
f 1069//1069 1097//1097 1098//1098 
f 1062//1062 1060//1060 1047//1047 
f 1088//1088 1099//1099 1093//1093 
f 1095//1095 1094//1094 1069//1069 
f 1098//1098 1096//1096 1069//1069 
f 1087//1087 1100//1100 1047//1047 
f 1064//1064 1101//1101 1102//1102 
f 1090//1090 1064//1064 1088//1088 
f 1088//1088 1103//1103 1104//1104 
f 1088//1088 1105//1105 1106//1106 
f 1088//1088 1107//1107 1108//1108 
f 1109//1109 1110//1110 1111//1111 
f 1110//1110 1112//1112 1113//1113 
f 1114//1114 1115//1115 1116//1116 
f 1071//1071 1091//1091 1069//1069 
f 1064//1064 1117//1117 1065//1065 
f 1064//1064 1118//1118 1119//1119 
f 1064//1064 1120//1120 1101//1101 
f 1064//1064 1121//1121 1122//1122 
f 1064//1064 1123//1123 1124//1124 
f 1090//1090 1125//1125 1064//1064 
f 1104//1104 1126//1126 1088//1088 
f 1088//1088 1127//1127 1128//1128 
f 1088//1088 1129//1129 1105//1105 
f 1088//1088 1130//1130 1107//1107 
f 1113//1113 1111//1111 1110//1110 
f 1112//1112 1131//1131 1132//1132 
f 1133//1133 1134//1134 1135//1135 
f 1114//1114 1136//1136 1137//1137 
f 1116//1116 1138//1138 1114//1114 
f 1114//1114 1139//1139 1140//1140 
f 1083//1083 1141//1141 1068//1068 
f 1064//1064 1142//1142 1117//1117 
f 1119//1119 1143//1143 1064//1064 
f 1122//1122 1120//1120 1064//1064 
f 1125//1125 1123//1123 1064//1064 
f 1088//1088 1144//1144 1145//1145 
f 1088//1088 1146//1146 1147//1147 
f 1126//1126 1148//1148 1088//1088 
f 1106//1106 1127//1127 1088//1088 
f 1088//1088 1149//1149 1130//1130 
f 1088//1088 1150//1150 1151//1151 
f 1109//1109 1152//1152 1153//1153 
f 1132//1132 1113//1113 1112//1112 
f 1154//1154 1155//1155 1156//1156 
f 1154//1154 1157//1157 1158//1158 
f 1154//1154 1159//1159 1160//1160 
f 1135//1135 1161//1161 1133//1133 
f 1133//1133 1154//1154 1162//1162 
f 1138//1138 1136//1136 1114//1114 
f 1114//1114 1163//1163 1139//1139 
f 1164//1164 1165//1165 1166//1166 
f 1141//1141 1167//1167 1068//1068 
f 1168//1168 1169//1169 1170//1170 
f 1143//1143 1142//1142 1064//1064 
f 1102//1102 1171//1171 1064//1064 
f 1124//1124 1172//1172 1064//1064 
f 1088//1088 1173//1173 1144//1144 
f 1148//1148 1146//1146 1088//1088 
f 1108//1108 1129//1129 1088//1088 
f 1088//1088 1174//1174 1175//1175 
f 1088//1088 1176//1176 1177//1177 
f 1150//1150 1178//1178 1151//1151 
f 1179//1179 1153//1153 1180//1180 
f 1111//1111 1152//1152 1109//1109 
f 1154//1154 1181//1181 1182//1182 
f 1154//1154 1183//1183 1155//1155 
f 1154//1154 1184//1184 1157//1157 
f 1154//1154 1185//1185 1159//1159 
f 1162//1162 1134//1134 1133//1133 
f 1186//1186 1187//1187 1188//1188 
f 1189//1189 1190//1190 1191//1191 
f 1189//1189 1192//1192 1193//1193 
f 1194//1194 1195//1195 1196//1196 
f 1140//1140 1115//1115 1114//1114 
f 1197//1197 1198//1198 1199//1199 
f 1164//1164 1199//1199 1165//1165 
f 1200//1200 1201//1201 1047//1047 
f 1170//1170 1068//1068 1168//1168 
f 1168//1168 1047//1047 1202//1202 
f 1171//1171 1118//1118 1064//1064 
f 1145//1145 1099//1099 1088//1088 
f 1088//1088 1203//1203 1204//1204 
f 1088//1088 1205//1205 1206//1206 
f 1128//1128 1103//1103 1088//1088 
f 1175//1175 1207//1207 1088//1088 
f 1177//1177 1208//1208 1088//1088 
f 1151//1151 1209//1209 1088//1088 
f 1210//1210 1180//1180 1211//1211 
f 1153//1153 1179//1179 1109//1109 
f 1156//1156 1181//1181 1154//1154 
f 1158//1158 1212//1212 1154//1154 
f 1160//1160 1213//1213 1154//1154 
f 1154//1154 1214//1214 1215//1215 
f 1133//1133 1216//1216 1217//1217 
f 1161//1161 1218//1218 1133//1133 
f 1186//1186 1219//1219 1220//1220 
f 1186//1186 1221//1221 1222//1222 
f 1188//1188 1223//1223 1186//1186 
f 1186//1186 1133//1133 1224//1224 
f 1193//1193 1190//1190 1189//1189 
f 1225//1225 1226//1226 1227//1227 
f 1194//1194 1228//1228 1195//1195 
f 1204//1204 1229//1229 1230//1230 
f 1204//1204 1231//1231 1232//1232 
f 1204//1204 1233//1233 1194//1194 
f 1114//1114 1234//1234 1235//1235 
f 1137//1137 1236//1236 1114//1114 
f 1237//1237 1238//1238 1198//1198 
f 1166//1166 1239//1239 1164//1164 
f 1239//1239 1166//1166 1240//1240 
f 1241//1241 1240//1240 1242//1242 
f 1243//1243 1242//1242 1244//1244 
f 1245//1245 1244//1244 1246//1246 
f 1247//1247 1246//1246 1248//1248 
f 1200//1200 1248//1248 1201//1201 
f 1202//1202 1169//1169 1168//1168 
f 1172//1172 1121//1121 1064//1064 
f 1204//1204 1249//1249 1088//1088 
f 1147//1147 1205//1205 1088//1088 
f 1088//1088 1250//1250 1251//1251 
f 1208//1208 1174//1174 1088//1088 
f 1209//1209 1252//1252 1088//1088 
f 1253//1253 1211//1211 1254//1254 
f 1180//1180 1210//1210 1179//1179 
f 1255//1255 1256//1256 1257//1257 
f 1257//1257 1256//1256 1258//1258 
f 1259//1259 1260//1260 1261//1261 
f 1262//1262 1259//1259 1263//1263 
f 1264//1264 1262//1262 1265//1265 
f 1212//1212 1183//1183 1154//1154 
f 1154//1154 1266//1266 1267//1267 
f 1215//1215 1185//1185 1154//1154 
f 1218//1218 1216//1216 1133//1133 
f 1222//1222 1219//1219 1186//1186 
f 1224//1224 1187//1187 1186//1186 
f 1268//1268 1269//1269 1270//1270 
f 1268//1268 1271//1271 1272//1272 
f 1268//1268 1273//1273 1274//1274 
f 1268//1268 1275//1275 1276//1276 
f 1268//1268 1277//1277 1278//1278 
f 1268//1268 1279//1279 1280//1280 
f 1189//1189 1281//1281 1282//1282 
f 1189//1189 1283//1283 1284//1284 
f 1191//1191 1285//1285 1189//1189 
f 1227//1227 1286//1286 1287//1287 
f 1227//1227 1288//1288 1289//1289 
f 1227//1227 1194//1194 1225//1225 
f 1194//1194 1290//1290 1291//1291 
f 1194//1194 1292//1292 1293//1293 
f 1196//1196 1294//1294 1194//1194 
f 1194//1194 1233//1233 1295//1295 
f 1204//1204 1296//1296 1297//1297 
f 1232//1232 1229//1229 1204//1204 
f 1194//1194 1298//1298 1204//1204 
f 1299//1299 1300//1300 1114//1114 
f 1236//1236 1234//1234 1114//1114 
f 1301//1301 1302//1302 1303//1303 
f 1199//1199 1164//1164 1197//1197 
f 1242//1242 1243//1243 1241//1241 
f 1246//1246 1247//1247 1245//1245 
f 1047//1047 1168//1168 1200//1200 
f 1163//1163 1304//1304 1305//1305 
f 1100//1100 1202//1202 1047//1047 
f 1206//1206 1203//1203 1088//1088 
f 1207//1207 1250//1250 1088//1088 
f 1252//1252 1306//1306 1088//1088 
f 1211//1211 1253//1253 1210//1210 
f 1131//1131 1307//1307 1308//1308 
f 1307//1307 1255//1255 1309//1309 
f 1258//1258 1310//1310 1257//1257 
f 1310//1310 1258//1258 1311//1311 
f 1312//1312 1311//1311 1313//1313 
f 1260//1260 1313//1313 1261//1261 
f 1265//1265 1314//1314 1264//1264 
f 1315//1315 1316//1316 1317//1317 
f 1316//1316 1318//1318 1319//1319 
f 1318//1318 1320//1320 1321//1321 
f 1320//1320 1322//1322 1323//1323 
f 1324//1324 1323//1323 1325//1325 
f 1182//1182 1326//1326 1154//1154 
f 1213//1213 1266//1266 1154//1154 
f 1217//1217 1327//1327 1133//1133 
f 1223//1223 1221//1221 1186//1186 
f 1272//1272 1269//1269 1268//1268 
f 1268//1268 1328//1328 1329//1329 
f 1276//1276 1273//1273 1268//1268 
f 1280//1280 1277//1277 1268//1268 
f 1189//1189 1330//1330 1281//1281 
f 1285//1285 1283//1283 1189//1189 
f 1189//1189 1331//1331 1332//1332 
f 1189//1189 1279//1279 1268//1268 
f 1289//1289 1286//1286 1227//1227 
f 1194//1194 1333//1333 1225//1225 
f 1194//1194 1334//1334 1335//1335 
f 1293//1293 1290//1290 1194//1194 
f 1295//1295 1228//1228 1194//1194 
f 1297//1297 1336//1336 1204//1204 
f 1298//1298 1231//1231 1204//1204 
f 1114//1114 1337//1337 1338//1338 
f 1235//1235 1339//1339 1114//1114 
f 1340//1340 1341//1341 1300//1300 
f 1341//1341 1340//1340 1301//1301 
f 1303//1303 1302//1302 1342//1342 
f 1343//1343 1342//1342 1238//1238 
f 1240//1240 1241//1241 1239//1239 
f 1248//1248 1200//1200 1247//1247 
f 1163//1163 1344//1344 1345//1345 
f 1163//1163 1346//1346 1304//1304 
f 1163//1163 1114//1114 1347//1347 
f 1249//1249 1173//1173 1088//1088 
f 1306//1306 1176//1176 1088//1088 
f 1308//1308 1132//1132 1131//1131 
f 1257//1257 1309//1309 1255//1255 
f 1313//1313 1260//1260 1312//1312 
f 1263//1263 1265//1265 1262//1262 
f 1319//1319 1317//1317 1316//1316 
f 1323//1323 1321//1321 1320//1320 
f 1323//1323 1322//1322 1325//1325 
f 1267//1267 1184//1184 1154//1154 
f 1220//1220 1324//1324 1186//1186 
f 1348//1348 1349//1349 1350//1350 
f 1348//1348 1351//1351 1352//1352 
f 1353//1353 1354//1354 1355//1355 
f 1356//1356 1357//1357 1354//1354 
f 1358//1358 1359//1359 1360//1360 
f 1329//1329 1271//1271 1268//1268 
f 1278//1278 1275//1275 1268//1268 
f 1284//1284 1330//1330 1189//1189 
f 1268//1268 1331//1331 1189//1189 
f 1361//1361 1227//1227 1362//1362 
f 1227//1227 1363//1363 1364//1364 
f 1226//1226 1288//1288 1227//1227 
f 1204//1204 1365//1365 1366//1366 
f 1194//1194 1367//1367 1334//1334 
f 1294//1294 1292//1292 1194//1194 
f 1230//1230 1296//1296 1204//1204 
f 1339//1339 1337//1337 1114//1114 
f 1303//1303 1341//1341 1301//1301 
f 1238//1238 1237//1237 1343//1343 
f 1244//1244 1245//1245 1243//1243 
f 1368//1368 1369//1369 1370//1370 
f 1163//1163 1371//1371 1344//1344 
f 1347//1347 1346//1346 1163//1163 
f 1251//1251 1149//1149 1088//1088 
f 1372//1372 1254//1254 1178//1178 
f 1309//1309 1308//1308 1307//1307 
f 1261//1261 1263//1263 1259//1259 
f 1315//1315 1373//1373 1264//1264 
f 1321//1321 1319//1319 1318//1318 
f 1325//1325 1374//1374 1324//1324 
f 1327//1327 1224//1224 1133//1133 
f 1375//1375 1376//1376 1097//1097 
f 1348//1348 1377//1377 1349//1349 
f 1348//1348 1378//1378 1379//1379 
f 1348//1348 1380//1380 1381//1381 
f 1352//1352 1382//1382 1348//1348 
f 1383//1383 1384//1384 1385//1385 
f 1384//1384 1386//1386 1387//1387 
f 1386//1386 1388//1388 1355//1355 
f 1354//1354 1353//1353 1356//1356 
f 1389//1389 1390//1390 1357//1357 
f 1391//1391 1392//1392 1390//1390 
f 1393//1393 1394//1394 1395//1395 
f 1396//1396 1397//1397 1394//1394 
f 1398//1398 1399//1399 1400//1400 
f 1398//1398 1401//1401 1402//1402 
f 1403//1403 1404//1404 1405//1405 
f 1403//1403 1406//1406 1407//1407 
f 1408//1408 1409//1409 1406//1406 
f 1410//1410 1411//1411 1412//1412 
f 1358//1358 1413//1413 1359//1359 
f 1274//1274 1328//1328 1268//1268 
f 1332//1332 1192//1192 1189//1189 
f 1227//1227 1414//1414 1362//1362 
f 1227//1227 1415//1415 1416//1416 
f 1227//1227 1417//1417 1418//1418 
f 1287//1287 1363//1363 1227//1227 
f 1204//1204 1419//1419 1420//1420 
f 1366//1366 1421//1421 1204//1204 
f 1291//1291 1367//1367 1194//1194 
f 1336//1336 1422//1422 1204//1204 
f 1300//1300 1299//1299 1340//1340 
f 1198//1198 1197//1197 1237//1237 
f 1370//1370 1423//1423 1368//1368 
f 1305//1305 1371//1371 1163//1163 
f 1178//1178 1150//1150 1372//1372 
f 1311//1311 1312//1312 1310//1310 
f 1317//1317 1373//1373 1315//1315 
f 1326//1326 1162//1162 1154//1154 
f 1097//1097 1424//1424 1425//1425 
f 1426//1426 1427//1427 1428//1428 
f 1426//1426 1429//1429 1430//1430 
f 1348//1348 1431//1431 1432//1432 
f 1379//1379 1377//1377 1348//1348 
f 1381//1381 1433//1433 1348//1348 
f 1348//1348 1434//1434 1435//1435 
f 1348//1348 1436//1436 1437//1437 
f 1348//1348 1438//1438 1351//1351 
f 1348//1348 1439//1439 1440//1440 
f 1387//1387 1385//1385 1384//1384 
f 1355//1355 1388//1388 1353//1353 
f 1390//1390 1389//1389 1391//1391 
f 1441//1441 1395//1395 1392//1392 
f 1394//1394 1393//1393 1396//1396 
f 1442//1442 1443//1443 1397//1397 
f 1444//1444 1400//1400 1443//1443 
f 1402//1402 1399//1399 1398//1398 
f 1403//1403 1445//1445 1404//1404 
f 1406//1406 1446//1446 1407//1407 
f 1406//1406 1447//1447 1408//1408 
f 1448//1448 1449//1449 1447//1447 
f 1412//1412 1358//1358 1410//1410 
f 1358//1358 1450//1450 1413//1413 
f 1358//1358 1451//1451 1452//1452 
f 1358//1358 1453//1453 1454//1454 
f 1370//1370 1455//1455 1456//1456 
f 1370//1370 1457//1457 1458//1458 
f 1268//1268 1459//1459 1460//1460 
f 1282//1282 1461//1461 1189//1189 
f 1416//1416 1414//1414 1227//1227 
f 1364//1364 1417//1417 1227//1227 
f 1421//1421 1419//1419 1204//1204 
f 1422//1422 1365//1365 1204//1204 
f 1342//1342 1343//1343 1303//1303 
f 1345//1345 1369//1369 1163//1163 
f 1254//1254 1372//1372 1253//1253 
f 1374//1374 1186//1186 1324//1324 
f 1097//1097 1462//1462 1424//1424 
f 1097//1097 1463//1463 1464//1464 
f 1097//1097 1465//1465 1466//1466 
f 1097//1097 1069//1069 1467//1467 
f 1383//1383 1468//1468 1469//1469 
f 1383//1383 1470//1470 1471//1471 
f 1383//1383 1472//1472 1473//1473 
f 1474//1474 1475//1475 1429//1429 
f 1474//1474 1476//1476 1477//1477 
f 1474//1474 1469//1469 1478//1478 
f 1428//1428 1479//1479 1426//1426 
f 1430//1430 1480//1480 1426//1426 
f 1348//1348 1481//1481 1431//1431 
f 1433//1433 1378//1378 1348//1348 
f 1437//1437 1434//1434 1348//1348 
f 1440//1440 1438//1438 1348//1348 
f 1355//1355 1387//1387 1386//1386 
f 1392//1392 1391//1391 1441//1441 
f 1397//1397 1396//1396 1442//1442 
f 1400//1400 1444//1444 1398//1398 
f 1401//1401 1482//1482 1483//1483 
f 1405//1405 1401//1401 1403//1403 
f 1407//1407 1484//1484 1403//1403 
f 1447//1447 1449//1449 1408//1408 
f 1411//1411 1448//1448 1412//1412 
f 1358//1358 1485//1485 1486//1486 
f 1360//1360 1487//1487 1358//1358 
f 1454//1454 1451//1451 1358//1358 
f 1458//1458 1455//1455 1370//1370 
f 1460//1460 1370//1370 1268//1268 
f 1270//1270 1488//1488 1268//1268 
f 1418//1418 1415//1415 1227//1227 
f 1335//1335 1333//1333 1194//1194 
f 1368//1368 1163//1163 1369//1369 
f 1264//1264 1314//1314 1315//1315 
f 1464//1464 1462//1462 1097//1097 
f 1466//1466 1489//1489 1097//1097 
f 1097//1097 1490//1490 1491//1491 
f 1467//1467 1492//1492 1097//1097 
f 1471//1471 1468//1468 1383//1383 
f 1473//1473 1493//1493 1383//1383 
f 1474//1474 1494//1494 1475//1475 
f 1478//1478 1476//1476 1474//1474 
f 1426//1426 1495//1495 1439//1439 
f 1480//1480 1427//1427 1426//1426 
f 1350//1350 1481//1481 1348//1348 
f 1382//1382 1436//1436 1348//1348 
f 1357//1357 1356//1356 1389//1389 
f 1443//1443 1442//1442 1444//1444 
f 1405//1405 1482//1482 1401//1401 
f 1409//1409 1446//1446 1406//1406 
f 1486//1486 1410//1410 1358//1358 
f 1452//1452 1450//1450 1358//1358 
f 1460//1460 1457//1457 1370//1370 
f 1488//1488 1496//1496 1268//1268 
f 1420//1420 1249//1249 1204//1204 
f 1167//1167 1168//1168 1068//1068 
f 1489//1489 1463//1463 1097//1097 
f 1492//1492 1490//1490 1097//1097 
f 1189//1189 1497//1497 1498//1498 
f 1189//1189 1461//1461 1499//1499 
f 1500//1500 1501//1501 1502//1502 
f 1503//1503 1504//1504 1505//1505 
f 1493//1493 1470//1470 1383//1383 
f 1477//1477 1494//1494 1474//1474 
f 1479//1479 1495//1495 1426//1426 
f 1435//1435 1380//1380 1348//1348 
f 1395//1395 1441//1441 1393//1393 
f 1484//1484 1445//1445 1403//1403 
f 1487//1487 1485//1485 1358//1358 
f 1496//1496 1459//1459 1268//1268 
f 1114//1114 1338//1338 1299//1299 
f 1491//1491 1465//1465 1097//1097 
f 1506//1506 1507//1507 1503//1503 
f 1508//1508 1509//1509 1189//1189 
f 1499//1499 1497//1497 1189//1189 
f 1502//1502 1503//1503 1500//1500 
f 1505//1505 1510//1510 1503//1503 
f 1429//1429 1426//1426 1474//1474 
f 1432//1432 1511//1511 1348//1348 
f 1483//1483 1402//1402 1401//1401 
f 1358//1358 1507//1507 1453//1453 
f 1456//1456 1512//1512 1370//1370 
f 1097//1097 1425//1425 1375//1375 
f 1509//1509 1508//1508 1506//1506 
f 1498//1498 1513//1513 1189//1189 
f 1510//1510 1500//1500 1503//1503 
f 1503//1503 1507//1507 1358//1358 
f 1439//1439 1348//1348 1426//1426 
f 1447//1447 1412//1412 1448//1448 
f 1514//1514 1515//1515 1516//1516 
f 1362//1362 1517//1517 1361//1361 
f 1189//1189 1513//1513 1508//1508 
f 1358//1358 1504//1504 1503//1503 
f 1385//1385 1472//1472 1383//1383 
f 1515//1515 1518//1518 1519//1519 
f 1502//1502 1520//1520 1514//1514 
f 1503//1503 1509//1509 1506//1506 
f 1469//1469 1474//1474 1383//1383 
f 1502//1502 1516//1516 1521//1521 
f 1516//1516 1502//1502 1514//1514 
f 1501//1501 1520//1520 1502//1502 
f 1519//1519 1516//1516 1515//1515 
f 1521//1521 1522//1522 1502//1502 
f 1523//1523 1519//1519 1518//1518 
f 1518//1518 1524//1524 1523//1523 
f 1512//1512 1423//1423 1370//1370 
o mesh81
v -0.012038 0.000395333 0 
v -0.0121727 0.000229214 0 
v -0.0121734 0.00023017 0 
v -0.0121716 0.000227224 0 
v -0.0121721 0.000228231 0 
v -0.0121706 0.000225143 0 
v -0.012171 0.000226194 0 
v -0.0121741 0.000231098 0 
v -0.0121694 0.000221883 0 
v -0.0121697 0.000222986 0 
v -0.0121684 0.000216207 0 
v -0.0121685 0.000217357 0 
v -0.0122066 0.000151019 0 
v -0.0122158 -3.47903e-05 0 
v -0.0122232 -3.85306e-05 0 
v -0.0122004 -2.82641e-05 0 
v -0.0122082 -3.13661e-05 0 
v -0.0121845 -2.30476e-05 0 
v -0.0121925 -2.54896e-05 0 
v -0.0121701 0.000224073 0 
v -0.0121689 0.000219639 0 
v -0.0121691 0.000220766 0 
v -0.0121687 0.000218501 0 
v -0.0122305 -4.25804e-05 0 
v -0.0121683 -1.91774e-05 0 
v -0.0121765 -2.09422e-05 0 
v -0.0121601 -1.7756e-05 0 
v -0.012198 0.000160096 0 
v -0.0121917 0.000167329 0 
v -0.0122046 0.000153119 0 
v -0.0121858 0.000174807 0 
v -0.0121351 -1.55749e-05 0 
v -0.0121435 -1.59532e-05 0 
v -0.0121184 -1.58679e-05 0 
v -0.0121268 -1.55465e-05 0 
v -0.0177695 0.000395477 0 
v -0.0120604 0.000395479 0 
v -0.012274 0.000255465 0 
v -0.0121781 0.000235261 0 
v -0.012179 0.000235987 0 
v -0.0121764 0.000233697 0 
v -0.0121772 0.000234497 0 
v -0.0121748 0.000231996 0 
v -0.0121756 0.000232863 0 
v -0.0121683 0.000213899 0 
v -0.0121683 0.000215053 0 
v -0.0121686 0.000210447 0 
v -0.0121685 0.000211593 0 
v -0.0175931 0.000255462 0 
v -0.0121684 0.000212745 0 
v -0.0122377 -4.69327e-05 0 
v -0.0121518 -1.66806e-05 0 
v -0.0176777 0.000255437 0 
v -0.0121891 0.00024236 0 
v -0.0121916 0.000243532 0 
v -0.0122446 -5.15797e-05 0 
v -0.0180636 0.000230444 0 
v -0.0180659 0.000232437 0 
v -0.0180551 0.000221543 0 
v -0.0180571 0.0002239 0 
v -0.0122706 0.000255434 0 
v -0.0122337 0.000253308 0 
v -0.012246 0.000254462 0 
v -0.0121867 0.000241087 0 
v -0.0121821 0.000238242 0 
v -0.0121844 0.000239713 0 
v -0.0121799 0.000236676 0 
v -0.0121018 -1.75577e-05 0 
v -0.0121771 0.000187745 0 
v -0.0121746 0.000192286 0 
v -0.0121827 0.000178998 0 
v -0.0121798 0.000183313 0 
v -0.0121101 -1.65387e-05 0 
v -0.0235514 -0.00111703 0 
v -0.0234643 -0.0011975 0 
v -0.0234701 -0.00120011 0 
v -0.0235724 -0.00115645 0 
v -0.0235624 -0.00120759 0 
v -0.0235685 -0.00120592 0 
v -0.023525 -0.0012119 0 
v -0.0235313 -0.00121186 0 
v -0.0235 -0.00120933 0 
v -0.0235062 -0.00121038 0 
v -0.0180709 0.000236117 0 
v -0.0180734 0.000237798 0 
v -0.0180684 0.000234329 0 
v -0.0180592 0.000226172 0 
v -0.0180613 0.000228355 0 
v -0.0180532 0.000219104 0 
v -0.0177778 0.000248154 0 
v -0.0180442 0.00020302 0 
v -0.0122583 0.000255171 0 
v -0.0122215 0.000251712 0 
v -0.0121966 0.000245559 0 
v -0.0121992 0.000246412 0 
v -0.0121695 0.000205729 0 
v -0.012169 0.000208078 0 
v -0.0120152 -6.31816e-05 0 
v -0.0116071 0.000133343 0 
v -0.0116005 0.000117695 0 
v -0.0234759 -0.00120248 0 
v -0.0234818 -0.00120458 0 
v -0.0234587 -0.00119464 0 
v -0.0235744 -0.001204 0 
v -0.0235376 -0.00121155 0 
v -0.0235125 -0.00121116 0 
v -0.0234878 -0.00120643 0 
v -0.0234939 -0.00120802 0 
v -0.0215431 6.63204e-05 0 
v -0.0215069 -6.89094e-05 0 
v -0.0217316 -0.000132372 0 
v -0.0213124 0.00012396 0 
v -0.0212804 -1.23491e-05 0 
v -0.0181779 0.000257095 0 
v -0.0182202 0.000257667 0 
v -0.0180761 0.00023937 0 
v -0.0180514 0.000216589 0 
v -0.0180482 0.000211345 0 
v -0.0180498 0.000214001 0 
v -0.0177669 0.000249969 0 
v -0.0177001 0.000255332 0 
v -0.0177224 0.000254384 0 
v -0.0122102 0.000249497 0 
v -0.0122158 0.000250714 0 
v -0.0122047 0.000248062 0 
v -0.0121725 0.000196614 0 
v -0.0121716 0.000198842 0 
v -0.0122514 -5.65134e-05 0 
v -0.0116144 0.000148707 0 
v -0.0116308 0.000178484 0 
v -0.0116223 0.000163762 0 
v -0.0235289 -0.0010785 0 
v -0.0234237 -0.00116824 0 
v -0.0234282 -0.00117264 0 
v -0.0235563 -0.00120898 0 
v -0.0235187 -0.00121167 0 
v -0.021772 1.69968e-06 0 
v -0.0219361 -0.000197064 0 
v -0.0206165 0.000260642 0 
v -0.0202651 0.000308961 0 
v -0.0202489 0.000169449 0 
v -0.0199121 0.00034383 0 
v -0.0199014 0.000204225 0 
v -0.0186178 0.000400542 0 
v -0.0181099 0.000251108 0 
v -0.0181147 0.000251949 0 
v -0.0180955 0.000247463 0 
v -0.0181002 0.000248864 0 
v -0.0180455 0.00020585 0 
v -0.0121941 0.000244599 0 
v -0.0121701 0.000203404 0 
v -0.0121735 0.000194428 0 
v -0.0122579 -6.17251e-05 0 
v -0.0120551 -3.38429e-05 0 
v -0.0120614 -3.067e-05 0 
v -0.0118844 0.000368424 0 
v -0.0115945 0.000101791 0 
v -0.0115892 8.56562e-05 0 
v -0.0116641 0.000223521 0 
v -0.0116495 0.000206831 0 
v -0.0180433 0.000199445 0 
v -0.0178394 0.00022878 0 
v -0.0178481 0.000224533 0 
v -0.0180432 0.000198532 0 
v -0.0178566 0.00021994 0 
v -0.0178649 0.000215011 0 
v -0.0234329 -0.00117685 0 
v -0.0234377 -0.00118085 0 
v -0.0234195 -0.00116364 0 
v -0.0234115 -0.0011539 0 
v -0.0234154 -0.00115886 0 
v -0.0234044 -0.00114352 0 
v -0.0234078 -0.00114879 0 
v -0.0234533 -0.00119154 0 
v -0.0234428 -0.00118464 0 
v -0.0234479 -0.0011882 0 
v -0.0235803 -0.00120182 0 
v -0.0235439 -0.00121097 0 
v -0.0235501 -0.00121011 0 
v -0.0209657 0.000198946 0 
v -0.0209389 6.10857e-05 0 
v -0.0205949 0.000121713 0 
v -0.0181591 0.00025648 0 
v -0.018105 0.000250079 0 
v -0.0180908 0.000245879 0 
v -0.0180468 0.000208627 0 
v -0.0177447 0.000252596 0 
v -0.0121708 0.000201107 0 
v -0.0120949 -1.90165e-05 0 
v -0.0118634 0.000360962 0 
v -0.0120489 -3.7284e-05 0 
v -0.0118426 0.000352628 0 
v -0.0116399 0.000192849 0 
v -0.0178306 0.000232676 0 
v -0.0233229 -0.000819036 0 
v -0.0232214 -0.00091685 0 
v -0.0232628 -0.00096098 0 
v -0.0232758 -0.000772776 0 
v -0.0231785 -0.000874263 0 
v -0.0231341 -0.000833276 0 
v -0.023227 -0.000728498 0 
v -0.0231434 -0.000659521 0 
v -0.023041 -0.000757286 0 
v -0.0230574 -0.000593733 0 
v -0.0229446 -0.000685381 0 
v -0.0229689 -0.000531227 0 
v -0.0225312 -0.000441158 0 
v -0.0226384 -0.000495469 0 
v -0.0226902 -0.000364263 0 
v -0.0223931 -0.000223652 0 
v -0.0223362 -0.00035159 0 
v -0.0181404 0.000255215 0 
v -0.0180816 0.000242172 0 
v -0.0180861 0.000244114 0 
v -0.0120157 0.000394254 0 
v -0.012088 -2.07707e-05 0 
v -0.0119934 0.000392245 0 
v -0.0120812 -2.28172e-05 0 
v -0.0119713 0.00038931 0 
v -0.0120745 -2.51522e-05 0 
v -0.0119493 0.000385452 0 
v -0.0120679 -2.77714e-05 0 
v -0.0119274 0.000380679 0 
v -0.0119058 0.000375 0 
v -0.0118222 0.000343436 0 
v -0.0120428 -4.09873e-05 0 
v -0.0180431 0.000197613 0 
v -0.017873 0.000209752 0 
v -0.0178809 0.000204172 0 
v -0.0180442 0.000188176 0 
v -0.01791 0.00017883 0 
v -0.0179507 0.000137002 0 
v -0.0180487 0.000177742 0 
v -0.0180477 0.0001794 0 
v -0.018052 0.000172499 0 
v -0.0180497 0.000176122 0 
v -0.0114405 -0.000371043 0 
v -0.0118161 -0.000612457 0 
v -0.0118263 -0.000594122 0 
v -0.0117933 -0.000647711 0 
v -0.0118051 -0.000630332 0 
v -0.0115566 -0.00286479 0 
v -0.011642 -0.00298405 0 
v -0.0117659 -0.00289214 0 
v -0.011732 -0.00309989 0 
v -0.0118519 -0.00300377 0 
v -0.0235047 -0.00104092 0 
v -0.023479 -0.00100437 0 
v -0.0228453 -0.000617694 0 
v -0.0227432 -0.000554351 0 
v -0.0228781 -0.000472092 0 
v -0.0227852 -0.000416411 0 
v -0.0225934 -0.000315722 0 
v -0.0221892 -0.000139965 0 
v -0.0221378 -0.000270179 0 
v -0.0219821 -6.48048e-05 0 
v -0.0181275 0.000253853 0 
v -0.0180788 0.000240829 0 
v -0.0118023 0.000333403 0 
v -0.0117457 0.000297951 0 
v -0.0120257 -5.35994e-05 0 
v -0.0120312 -4.91524e-05 0 
v -0.0115845 6.9317e-05 0 
v -0.0117113 0.000270073 0 
v -0.011695 0.000255165 0 
v -0.0180435 0.000200353 0 
v -0.0180437 0.000201252 0 
v -0.018043 0.000196691 0 
v -0.0178885 0.00019828 0 
v -0.018043 0.000195767 0 
v -0.0178959 0.000192086 0 
v -0.018043 0.000194843 0 
v -0.0179031 0.000185599 0 
v -0.0180431 0.000193921 0 
v -0.0180447 0.000186365 0 
v -0.0180469 0.000181094 0 
v -0.0180461 0.000182822 0 
v -0.0107885 -0.0010134 0 
v -0.0112305 -0.00113355 0 
v -0.0112456 -0.00110897 0 
v -0.0110451 -0.00176825 0 
v -0.0111981 -0.00172514 0 
v -0.0111614 -0.00158912 0 
v -0.0110899 -0.00191671 0 
v -0.01124 -0.0018674 0 
v -0.0118265 -0.00321211 0 
v -0.0119422 -0.00311197 0 
v -0.0119253 -0.00332056 0 
v -0.0120366 -0.0032166 0 
v -0.0120282 -0.00342506 0 
v -0.012135 -0.00331749 0 
v -0.0121155 -0.00350598 0 
v -0.0121885 -0.00344583 0 
v -0.0121891 -0.0034398 0 
v -0.0121586 -0.00351755 0 
v -0.0121622 -0.00351273 0 
v -0.0235861 -0.00119938 0 
v -0.0233404 -0.00105363 0 
v -0.0233679 -0.000867199 0 
v -0.0233024 -0.00100659 0 
v -0.0115805 5.28008e-05 0 
v -0.0119929 -9.0725e-05 0 
v -0.0119969 -8.48455e-05 0 
v -0.0119826 -0.000109306 0 
v -0.0119858 -0.000102966 0 
v -0.0115772 4.16246e-05 0 
v -0.0115734 3.05901e-05 0 
v -0.0119797 -0.000115775 0 
v -0.0120369 -4.49458e-05 0 
v -0.0117827 0.000322544 0 
v -0.0117637 0.000310881 0 
v -0.0117283 0.000284342 0 
v -0.0120203 -5.82787e-05 0 
v -0.0116792 0.00023964 0 
v -0.018044 0.000202141 0 
v -0.0180432 0.000193001 0 
v -0.0180454 0.00018458 0 
v -0.0117809 -0.000664562 0 
v -0.0117537 -0.000696551 0 
v -0.0117676 -0.000680852 0 
v -0.0117081 -0.00073981 0 
v -0.0117239 -0.000726058 0 
v -0.0112973 -0.00103941 0 
v -0.0113164 -0.00101775 0 
v -0.0112619 -0.00108506 0 
v -0.0111914 -0.00121086 0 
v -0.0108369 -0.0011204 0 
v -0.0111567 -0.0013191 0 
v -0.0108811 -0.00122917 0 
v -0.0109212 -0.00133954 0 
v -0.010957 -0.00145136 0 
v -0.011145 -0.00142716 0 
v -0.0111463 -0.00139999 0 
v -0.0109885 -0.00156446 0 
v -0.0111482 -0.00150866 0 
v -0.0111408 -0.00206319 0 
v -0.011288 -0.00200775 0 
v -0.0111977 -0.00220745 0 
v -0.0113419 -0.00214595 0 
v -0.0112606 -0.00234922 0 
v -0.0114015 -0.00228175 0 
v -0.0114001 -0.00261671 0 
v -0.0114759 -0.00274228 0 
v -0.0116071 -0.00265932 0 
v -0.0116842 -0.00277727 0 
v -0.0121877 -0.00345183 0 
v -0.0121774 -0.00348656 0 
v -0.0121797 -0.00348098 0 
v -0.0121689 -0.00350266 0 
v -0.012172 -0.00349742 0 
v -0.0121657 -0.00350777 0 
v -0.0235918 -0.0011967 0 
v -0.0234109 -0.000917182 0 
v -0.0186167 0.000260532 0 
v -0.0120056 -7.36224e-05 0 
v -0.0120103 -6.82993e-05 0 
v -0.0120011 -7.91412e-05 0 
v -0.0119892 -9.6769e-05 0 
v -0.0180437 0.000190007 0 
v -0.0180434 0.000191176 0 
v -0.0178098 0.00024013 0 
v -0.0178203 0.00023661 0 
v -0.0216089 -0.00362503 0 
v -0.0217364 -0.00356217 0 
v -0.0180662 0.000155745 0 
v -0.0117391 -0.00071163 0 
v -0.0118588 -0.000516872 0 
v -0.0114746 -0.000146984 0 
v -0.0114728 -0.000155113 0 
v -0.0114792 -0.000130983 0 
v -0.0114768 -0.000138936 0 
v -0.0114851 -0.000115413 0 
v -0.011482 -0.000123137 0 
v -0.0114923 -0.000100378 0 
v -0.0114886 -0.000107822 0 
v -0.0115102 -7.2316e-05 0 
v -0.0115053 -7.90508e-05 0 
v -0.0115208 -5.94758e-05 0 
v -0.0115154 -6.57873e-05 0 
v -0.0113364 -0.000996931 0 
v -0.0112791 -0.00106186 0 
v -0.0111709 -0.00126489 0 
v -0.0111805 -0.00123766 0 
v -0.0111486 -0.00137289 0 
v -0.0111521 -0.00134591 0 
v -0.011146 -0.00148154 0 
v -0.0121895 -0.0034277 0 
v -0.0121893 -0.00342165 0 
v -0.0121894 -0.00343376 0 
v -0.0121852 -0.00346369 0 
v -0.0121866 -0.00345778 0 
v -0.0121818 -0.00347529 0 
v -0.0121836 -0.00346953 0 
v -0.0121748 -0.00349205 0 
v -0.0121463 -0.00353098 0 
v -0.0121506 -0.00352668 0 
v -0.0120855 -0.00347997 0 
v -0.0121828 -0.003386 0 
v -0.0121808 -0.00338028 0 
v -0.0121872 -0.00340361 0 
v -0.012186 -0.00339768 0 
v -0.0121567 -0.00333852 0 
v -0.0121527 -0.00333395 0 
v -0.0120564 -0.00345299 0 
v -0.0121605 -0.00334325 0 
v -0.0234519 -0.000968901 0 
v -0.0180433 0.000192086 0 
v -0.0177993 0.000243231 0 
v -0.0177886 0.000245907 0 
v -0.0180546 0.000168981 0 
v -0.0180631 0.000158975 0 
v -0.0180601 0.000162289 0 
v -0.0118357 -0.000575359 0 
v -0.0118442 -0.000556206 0 
v -0.0115007 -8.59807e-05 0 
v -0.0114963 -9.30938e-05 0 
v -0.0115419 -3.16528e-05 0 
v -0.0115596 -1.4839e-06 0 
v -0.0115541 -1.17743e-05 0 
v -0.0115692 1.97155e-05 0 
v -0.0115646 9.01839e-06 0 
v -0.0113573 -0.00097698 0 
v -0.0112163 -0.00115876 0 
v -0.0112033 -0.00118454 0 
v -0.0111624 -0.00129251 0 
v -0.011145 -0.00145436 0 
v -0.0111515 -0.00153565 0 
v -0.0111559 -0.00156249 0 
v -0.0113292 -0.00248828 0 
v -0.0114669 -0.0024149 0 
v -0.0115346 -0.00253847 0 
v -0.0121547 -0.0035222 0 
v -0.0121845 -0.00339181 0 
v -0.0121881 -0.00340959 0 
v -0.0121674 -0.00335319 0 
v -0.012164 -0.00334815 0 
v -0.0121734 -0.00336367 0 
v -0.0121705 -0.00335836 0 
v -0.0121786 -0.00337464 0 
v -0.0121485 -0.00332956 0 
v -0.0121442 -0.00332534 0 
v -0.0180573 0.000165576 0 
v -0.0118519 -0.000536698 0 
v -0.0115482 -2.1836e-05 0 
v -0.0121888 -0.00341561 0 
v -0.0121761 -0.0033691 0 
v -0.0116747 -0.000765178 0 
v -0.0116916 -0.000752858 0 
v -0.011599 -0.000808907 0 
v -0.0116572 -0.000776747 0 
v -0.0121397 -0.00332132 0 
v -0.0111566 -0.000581707 0 
v -0.0107102 -0.000896127 0 
v -0.0107378 -0.000934151 0 
v -0.010681 -0.000859252 0 
v -0.0109093 -0.000545069 0 
v -0.011542 -0.000843152 0 
v -0.0114713 -0.00016331 0 
v -0.0115353 -4.12086e-05 0 
v -0.0113791 -0.000957936 0 
v -0.0106182 -0.000789193 0 
v -0.0106503 -0.000823588 0 
v -0.0111932 -0.000334406 0 
v -0.0171536 -0.00487506 0 
v -0.0115282 -5.04879e-05 0 
v -0.0105848 -0.000756123 0 
v -0.010662 -0.000508432 0 
v -0.010764 -0.000973264 0 
v -0.0114863 -0.000879437 0 
v -0.01055 -0.000724432 0 
v -0.0104147 -0.000471795 0 
v -0.011432 -0.000917715 0 
v -0.0101674 -0.000435157 0 
v -0.0107294 -5.33982e-05 0 
v -0.0170001 -0.0048939 0 
v -0.0109767 -9.00355e-05 0 
v -0.0104513 -0.000224494 0 
v -0.010204 -0.000187856 0 
vn 0 0 -1 
vn 0 0 -1 
vn 0 0 -1 
vn 0 0 -1 
vn 0 0 -1 
vn 0 0 -1 
vn 0 0 -1 
vn 0 0 -1 
vn 0 0 -1 
vn 0 0 -1 
vn 0 0 -1 
vn 0 0 -1 
vn 0 0 -1 
vn 0 0 -1 
vn 0 0 -1 
vn 0 0 -1 
vn 0 0 -1 
vn 0 0 -1 
vn 0 0 -1 
vn 0 0 -1 
vn 0 0 -1 
vn 0 0 -1 
vn 0 0 -1 
vn 0 0 -1 
vn 0 0 -1 
vn 0 0 -1 
vn 0 0 -1 
vn 0 0 -1 
vn 0 0 -1 
vn 0 0 -1 
vn 0 0 -1 
vn 0 0 -1 
vn 0 0 -1 
vn 0 0 -1 
vn 0 0 -1 
vn 0 0 -1 
vn 0 0 -1 
vn 0 0 -1 
vn 0 0 -1 
vn 0 0 -1 
vn 0 0 -1 
vn 0 0 -1 
vn 0 0 -1 
vn 0 0 -1 
vn 0 0 -1 
vn 0 0 -1 
vn 0 0 -1 
vn 0 0 -1 
vn 0 0 -1 
vn 0 0 -1 
vn 0 0 -1 
vn 0 0 -1 
vn 0 0 -1 
vn 0 0 -1 
vn 0 0 -1 
vn 0 0 -1 
vn 0 0 -1 
vn 0 0 -1 
vn 0 0 -1 
vn 0 0 -1 
vn 0 0 -1 
vn 0 0 -1 
vn 0 0 -1 
vn 0 0 -1 
vn 0 0 -1 
vn 0 0 -1 
vn 0 0 -1 
vn 0 0 -1 
vn 0 0 -1 
vn 0 0 -1 
vn 0 0 -1 
vn 0 0 -1 
vn 0 0 -1 
vn 0 0 -1 
vn 0 0 -1 
vn 0 0 -1 
vn 0 0 -1 
vn 0 0 -1 
vn 0 0 -1 
vn 0 0 -1 
vn 0 0 -1 
vn 0 0 -1 
vn 0 0 -1 
vn 0 0 -1 
vn 0 0 -1 
vn 0 0 -1 
vn 0 0 -1 
vn 0 0 -1 
vn 0 0 -1 
vn 0 0 -1 
vn 0 0 -1 
vn 0 0 -1 
vn 0 0 -1 
vn 0 0 -1 
vn 0 0 -1 
vn 0 0 -1 
vn 0 0 -1 
vn 0 0 -1 
vn 0 0 -1 
vn 0 0 -1 
vn 0 0 -1 
vn 0 0 -1 
vn 0 0 -1 
vn 0 0 -1 
vn 0 0 -1 
vn 0 0 -1 
vn 0 0 -1 
vn 0 0 -1 
vn 0 0 -1 
vn 0 0 -1 
vn 0 0 -1 
vn 0 0 -1 
vn 0 0 -1 
vn 0 0 -1 
vn 0 0 -1 
vn 0 0 -1 
vn 0 0 -1 
vn 0 0 -1 
vn 0 0 -1 
vn 0 0 -1 
vn 0 0 -1 
vn 0 0 -1 
vn 0 0 -1 
vn 0 0 -1 
vn 0 0 -1 
vn 0 0 -1 
vn 0 0 -1 
vn 0 0 -1 
vn 0 0 -1 
vn 0 0 -1 
vn 0 0 -1 
vn 0 0 -1 
vn 0 0 -1 
vn 0 0 -1 
vn 0 0 -1 
vn 0 0 -1 
vn 0 0 -1 
vn 0 0 -1 
vn 0 0 -1 
vn 0 0 -1 
vn 0 0 -1 
vn 0 0 -1 
vn 0 0 -1 
vn 0 0 -1 
vn 0 0 -1 
vn 0 0 -1 
vn 0 0 -1 
vn 0 0 -1 
vn 0 0 -1 
vn 0 0 -1 
vn 0 0 -1 
vn 0 0 -1 
vn 0 0 -1 
vn 0 0 -1 
vn 0 0 -1 
vn 0 0 -1 
vn 0 0 -1 
vn 0 0 -1 
vn 0 0 -1 
vn 0 0 -1 
vn 0 0 -1 
vn 0 0 -1 
vn 0 0 -1 
vn 0 0 -1 
vn 0 0 -1 
vn 0 0 -1 
vn 0 0 -1 
vn 0 0 -1 
vn 0 0 -1 
vn 0 0 -1 
vn 0 0 -1 
vn 0 0 -1 
vn 0 0 -1 
vn 0 0 -1 
vn 0 0 -1 
vn 0 0 -1 
vn 0 0 -1 
vn 0 0 -1 
vn 0 0 -1 
vn 0 0 -1 
vn 0 0 -1 
vn 0 0 -1 
vn 0 0 -1 
vn 0 0 -1 
vn 0 0 -1 
vn 0 0 -1 
vn 0 0 -1 
vn 0 0 -1 
vn 0 0 -1 
vn 0 0 -1 
vn 0 0 -1 
vn 0 0 -1 
vn 0 0 -1 
vn 0 0 -1 
vn 0 0 -1 
vn 0 0 -1 
vn 0 0 -1 
vn 0 0 -1 
vn 0 0 -1 
vn 0 0 -1 
vn 0 0 -1 
vn 0 0 -1 
vn 0 0 -1 
vn 0 0 -1 
vn 0 0 -1 
vn 0 0 -1 
vn 0 0 -1 
vn 0 0 -1 
vn 0 0 -1 
vn 0 0 -1 
vn 0 0 -1 
vn 0 0 -1 
vn 0 0 -1 
vn 0 0 -1 
vn 0 0 -1 
vn 0 0 -1 
vn 0 0 -1 
vn 0 0 -1 
vn 0 0 -1 
vn 0 0 -1 
vn 0 0 -1 
vn 0 0 -1 
vn 0 0 -1 
vn 0 0 -1 
vn 0 0 -1 
vn 0 0 -1 
vn 0 0 -1 
vn 0 0 -1 
vn 0 0 -1 
vn 0 0 -1 
vn 0 0 -1 
vn 0 0 -1 
vn 0 0 -1 
vn 0 0 -1 
vn 0 0 -1 
vn 0 0 -1 
vn 0 0 -1 
vn 0 0 -1 
vn 0 0 -1 
vn 0 0 -1 
vn 0 0 -1 
vn 0 0 -1 
vn 0 0 -1 
vn 0 0 -1 
vn 0 0 -1 
vn 0 0 -1 
vn 0 0 -1 
vn 0 0 -1 
vn 0 0 -1 
vn 0 0 -1 
vn 0 0 -1 
vn 0 0 -1 
vn 0 0 -1 
vn 0 0 -1 
vn 0 0 -1 
vn 0 0 -1 
vn 0 0 -1 
vn 0 0 -1 
vn 0 0 -1 
vn 0 0 -1 
vn 0 0 -1 
vn 0 0 -1 
vn 0 0 -1 
vn 0 0 -1 
vn 0 0 -1 
vn 0 0 -1 
vn 0 0 -1 
vn 0 0 -1 
vn 0 0 -1 
vn 0 0 -1 
vn 0 0 -1 
vn 0 0 -1 
vn 0 0 -1 
vn 0 0 -1 
vn 0 0 -1 
vn 0 0 -1 
vn 0 0 -1 
vn 0 0 -1 
vn 0 0 -1 
vn 0 0 -1 
vn 0 0 -1 
vn 0 0 -1 
vn 0 0 -1 
vn 0 0 -1 
vn 0 0 -1 
vn 0 0 -1 
vn 0 0 -1 
vn 0 0 -1 
vn 0 0 -1 
vn 0 0 -1 
vn 0 0 -1 
vn 0 0 -1 
vn 0 0 -1 
vn 0 0 -1 
vn 0 0 -1 
vn 0 0 -1 
vn 0 0 -1 
vn 0 0 -1 
vn 0 0 -1 
vn 0 0 -1 
vn 0 0 -1 
vn 0 0 -1 
vn 0 0 -1 
vn 0 0 -1 
vn 0 0 -1 
vn 0 0 -1 
vn 0 0 -1 
vn 0 0 -1 
vn 0 0 -1 
vn 0 0 -1 
vn 0 0 -1 
vn 0 0 -1 
vn 0 0 -1 
vn 0 0 -1 
vn 0 0 -1 
vn 0 0 -1 
vn 0 0 -1 
vn 0 0 -1 
vn 0 0 -1 
vn 0 0 -1 
vn 0 0 -1 
vn 0 0 -1 
vn 0 0 -1 
vn 0 0 -1 
vn 0 0 -1 
vn 0 0 -1 
vn 0 0 -1 
vn 0 0 -1 
vn 0 0 -1 
vn 0 0 -1 
vn 0 0 -1 
vn 0 0 -1 
vn 0 0 -1 
vn 0 0 -1 
vn 0 0 -1 
vn 0 0 -1 
vn 0 0 -1 
vn 0 0 -1 
vn 0 0 -1 
vn 0 0 -1 
vn 0 0 -1 
vn 0 0 -1 
vn 0 0 -1 
vn 0 0 -1 
vn 0 0 -1 
vn 0 0 -1 
vn 0 0 -1 
vn 0 0 -1 
vn 0 0 -1 
vn 0 0 -1 
vn 0 0 -1 
vn 0 0 -1 
vn 0 0 -1 
vn 0 0 -1 
vn 0 0 -1 
vn 0 0 -1 
vn 0 0 -1 
vn 0 0 -1 
vn 0 0 -1 
vn 0 0 -1 
vn 0 0 -1 
vn 0 0 -1 
vn 0 0 -1 
vn 0 0 -1 
vn 0 0 -1 
vn 0 0 -1 
vn 0 0 -1 
vn 0 0 -1 
vn 0 0 -1 
vn 0 0 -1 
vn 0 0 -1 
vn 0 0 -1 
vn 0 0 -1 
vn 0 0 -1 
vn 0 0 -1 
vn 0 0 -1 
vn 0 0 -1 
vn 0 0 -1 
vn 0 0 -1 
vn 0 0 -1 
vn 0 0 -1 
vn 0 0 -1 
vn 0 0 -1 
vn 0 0 -1 
vn 0 0 -1 
vn 0 0 -1 
vn 0 0 -1 
vn 0 0 -1 
vn 0 0 -1 
vn 0 0 -1 
vn 0 0 -1 
vn 0 0 -1 
vn 0 0 -1 
vn 0 0 -1 
vn 0 0 -1 
vn 0 0 -1 
vn 0 0 -1 
vn 0 0 -1 
vn 0 0 -1 
vn 0 0 -1 
vn 0 0 -1 
vn 0 0 -1 
vn 0 0 -1 
vn 0 0 -1 
vn 0 0 -1 
vn 0 0 -1 
vn 0 0 -1 
vn 0 0 -1 
vn 0 0 -1 
vn 0 0 -1 
vn 0 0 -1 
vn 0 0 -1 
vn 0 0 -1 
vn 0 0 -1 
vn 0 0 -1 
vn 0 0 -1 
vn 0 0 -1 
vn 0 0 -1 
vn 0 0 -1 
vn 0 0 -1 
vn 0 0 -1 
vn 0 0 -1 
vn 0 0 -1 
vn 0 0 -1 
vn 0 0 -1 
vn 0 0 -1 
vn 0 0 -1 
vn 0 0 -1 
vn 0 0 -1 
vn 0 0 -1 
vn 0 0 -1 
vn 0 0 -1 
vn 0 0 -1 
vn 0 0 -1 
vn 0 0 -1 
vn 0 0 -1 
vn 0 0 -1 
vn 0 0 -1 
vn 0 0 -1 
vn 0 0 -1 
vn 0 0 -1 
vn 0 0 -1 
vn 0 0 -1 
vn 0 0 -1 
vn 0 0 -1 
vn 0 0 -1 
vn 0 0 -1 
vn 0 0 -1 
vn 0 0 -1 
vn 0 0 -1 
vn 0 0 -1 
vn 0 0 -1 
vn 0 0 -1 
vn 0 0 -1 
vn 0 0 -1 
vn 0 0 -1 
vn 0 0 -1 
vn 0 0 -1 
vn 0 0 -1 
vn 0 0 -1 
vn 0 0 -1 
vn 0 0 -1 
vn 0 0 -1 
vn 0 0 -1 
vn 0 0 -1 
vn 0 0 -1 
vn 0 0 -1 
vn 0 0 -1 
vn 0 0 -1 
vn 0 0 -1 
vn 0 0 -1 
vn 0 0 -1 
vn 0 0 -1 
vn 0 0 -1 
vn 0 0 -1 
vn 0 0 -1 
vn 0 0 -1 
vn 0 0 -1 
f 1525//1525 1526//1526 1527//1527 
f 1525//1525 1528//1528 1529//1529 
f 1525//1525 1530//1530 1531//1531 
f 1527//1527 1532//1532 1525//1525 
f 1531//1531 1528//1528 1525//1525 
f 1525//1525 1533//1533 1534//1534 
f 1525//1525 1535//1535 1536//1536 
f 1537//1537 1538//1538 1539//1539 
f 1537//1537 1540//1540 1541//1541 
f 1537//1537 1542//1542 1543//1543 
f 1529//1529 1526//1526 1525//1525 
f 1534//1534 1544//1544 1525//1525 
f 1525//1525 1545//1545 1546//1546 
f 1536//1536 1547//1547 1525//1525 
f 1539//1539 1548//1548 1537//1537 
f 1543//1543 1540//1540 1537//1537 
f 1549//1549 1550//1550 1537//1537 
f 1551//1551 1552//1552 1553//1553 
f 1551//1551 1549//1549 1554//1554 
f 1555//1555 1556//1556 1557//1557 
f 1555//1555 1558//1558 1559//1559 
f 1560//1560 1561//1561 1562//1562 
f 1563//1563 1564//1564 1561//1561 
f 1525//1525 1565//1565 1566//1566 
f 1525//1525 1567//1567 1568//1568 
f 1544//1544 1530//1530 1525//1525 
f 1547//1547 1545//1545 1525//1525 
f 1525//1525 1569//1569 1570//1570 
f 1525//1525 1571//1571 1572//1572 
f 1541//1541 1538//1538 1537//1537 
f 1537//1537 1554//1554 1549//1549 
f 1554//1554 1552//1552 1551//1551 
f 1559//1559 1556//1556 1555//1555 
f 1562//1562 1573//1573 1560//1560 
f 1566//1566 1563//1563 1525//1525 
f 1532//1532 1567//1567 1525//1525 
f 1570//1570 1535//1535 1525//1525 
f 1572//1572 1574//1574 1525//1525 
f 1548//1548 1575//1575 1537//1537 
f 1553//1553 1555//1555 1551//1551 
f 1557//1557 1576//1576 1555//1555 
f 1573//1573 1577//1577 1560//1560 
f 1561//1561 1578//1578 1579//1579 
f 1568//1568 1565//1565 1525//1525 
f 1574//1574 1569//1569 1525//1525 
f 1575//1575 1580//1580 1537//1537 
f 1576//1576 1551//1551 1555//1555 
f 1560//1560 1581//1581 1582//1582 
f 1560//1560 1583//1583 1584//1584 
f 1561//1561 1585//1585 1562//1562 
f 1561//1561 1586//1586 1587//1587 
f 1561//1561 1588//1588 1578//1578 
f 1561//1561 1589//1589 1590//1590 
f 1561//1561 1564//1564 1591//1591 
f 1546//1546 1533//1533 1525//1525 
f 1592//1592 1593//1593 1594//1594 
f 1592//1592 1595//1595 1596//1596 
f 1550//1550 1542//1542 1537//1537 
f 1555//1555 1592//1592 1597//1597 
f 1598//1598 1599//1599 1600//1600 
f 1601//1601 1602//1602 1603//1603 
f 1601//1601 1604//1604 1605//1605 
f 1601//1601 1606//1606 1607//1607 
f 1560//1560 1608//1608 1609//1609 
f 1582//1582 1610//1610 1560//1560 
f 1560//1560 1611//1611 1612//1612 
f 1560//1560 1613//1613 1583//1583 
f 1560//1560 1614//1614 1615//1615 
f 1561//1561 1616//1616 1585//1585 
f 1561//1561 1617//1617 1586//1586 
f 1561//1561 1618//1618 1619//1619 
f 1590//1590 1588//1588 1561//1561 
f 1561//1561 1525//1525 1563//1563 
f 1592//1592 1620//1620 1621//1621 
f 1596//1596 1593//1593 1592//1592 
f 1597//1597 1558//1558 1555//1555 
f 1622//1622 1623//1623 1624//1624 
f 1598//1598 1625//1625 1626//1626 
f 1598//1598 1627//1627 1599//1599 
f 1603//1603 1628//1628 1601//1601 
f 1605//1605 1629//1629 1601//1601 
f 1607//1607 1630//1630 1601//1601 
f 1601//1601 1631//1631 1632//1632 
f 1633//1633 1634//1634 1635//1635 
f 1636//1636 1637//1637 1634//1634 
f 1560//1560 1638//1638 1639//1639 
f 1609//1609 1640//1640 1560//1560 
f 1612//1612 1581//1581 1560//1560 
f 1560//1560 1641//1641 1613//1613 
f 1560//1560 1642//1642 1643//1643 
f 1560//1560 1644//1644 1614//1614 
f 1560//1560 1645//1645 1646//1646 
f 1587//1587 1616//1616 1561//1561 
f 1561//1561 1647//1647 1648//1648 
f 1619//1619 1649//1649 1561//1561 
f 1591//1591 1589//1589 1561//1561 
f 1621//1621 1525//1525 1592//1592 
f 1592//1592 1650//1650 1651//1651 
f 1592//1592 1555//1555 1595//1595 
f 1580//1580 1652//1652 1537//1537 
f 1622//1622 1653//1653 1623//1623 
f 1622//1622 1654//1654 1655//1655 
f 1656//1656 1657//1657 1658//1658 
f 1600//1600 1625//1625 1598//1598 
f 1601//1601 1659//1659 1602//1602 
f 1601//1601 1660//1660 1604//1604 
f 1632//1632 1606//1606 1601//1601 
f 1661//1661 1635//1635 1662//1662 
f 1634//1634 1633//1633 1636//1636 
f 1663//1663 1664//1664 1665//1665 
f 1664//1664 1666//1666 1667//1667 
f 1639//1639 1668//1668 1560//1560 
f 1560//1560 1669//1669 1670//1670 
f 1560//1560 1671//1671 1672//1672 
f 1610//1610 1608//1608 1560//1560 
f 1643//1643 1641//1641 1560//1560 
f 1615//1615 1673//1673 1560//1560 
f 1577//1577 1645//1645 1560//1560 
f 1649//1649 1647//1647 1561//1561 
f 1579//1579 1674//1674 1561//1561 
f 1592//1592 1675//1675 1620//1620 
f 1592//1592 1676//1676 1650//1650 
f 1652//1652 1677//1677 1537//1537 
f 1678//1678 1679//1679 1680//1680 
f 1622//1622 1681//1681 1682//1682 
f 1655//1655 1653//1653 1622//1622 
f 1622//1622 1683//1683 1684//1684 
f 1685//1685 1686//1686 1687//1687 
f 1688//1688 1689//1689 1690//1690 
f 1656//1656 1691//1691 1692//1692 
f 1656//1656 1693//1693 1657//1657 
f 1656//1656 1694//1694 1695//1695 
f 1656//1656 1696//1696 1697//1697 
f 1598//1598 1698//1698 1627//1627 
f 1598//1598 1699//1699 1700//1700 
f 1628//1628 1701//1701 1601//1601 
f 1601//1601 1702//1702 1703//1703 
f 1630//1630 1660//1660 1601//1601 
f 1635//1635 1661//1661 1633//1633 
f 1636//1636 1704//1704 1705//1705 
f 1704//1704 1663//1663 1706//1706 
f 1667//1667 1665//1665 1664//1664 
f 1560//1560 1707//1707 1638//1638 
f 1560//1560 1708//1708 1669//1669 
f 1560//1560 1709//1709 1671//1671 
f 1584//1584 1611//1611 1560//1560 
f 1673//1673 1710//1710 1560//1560 
f 1646//1646 1711//1711 1560//1560 
f 1674//1674 1618//1618 1561//1561 
f 1592//1592 1712//1712 1675//1675 
f 1594//1594 1676//1676 1592//1592 
f 1713//1713 1592//1592 1525//1525 
f 1680//1680 1714//1714 1678//1678 
f 1715//1715 1678//1678 1716//1716 
f 1624//1624 1681//1681 1622//1622 
f 1684//1684 1717//1717 1622//1622 
f 1685//1685 1718//1718 1686//1686 
f 1688//1688 1687//1687 1689//1689 
f 1658//1658 1691//1691 1656//1656 
f 1697//1697 1694//1694 1656//1656 
f 1700//1700 1698//1698 1598//1598 
f 1703//1703 1659//1659 1601//1601 
f 1601//1601 1626//1626 1631//1631 
f 1719//1719 1720//1720 1721//1721 
f 1722//1722 1723//1723 1720//1720 
f 1724//1724 1725//1725 1726//1726 
f 1727//1727 1726//1726 1728//1728 
f 1729//1729 1728//1728 1730//1730 
f 1731//1731 1732//1732 1733//1733 
f 1734//1734 1735//1735 1731//1731 
f 1705//1705 1637//1637 1636//1636 
f 1665//1665 1706//1706 1663//1663 
f 1560//1560 1736//1736 1707//1707 
f 1672//1672 1708//1708 1560//1560 
f 1560//1560 1737//1737 1738//1738 
f 1710//1710 1642//1642 1560//1560 
f 1648//1648 1617//1617 1561//1561 
f 1651//1651 1712//1712 1592//1592 
f 1525//1525 1739//1739 1713//1713 
f 1740//1740 1713//1713 1741//1741 
f 1742//1742 1740//1740 1743//1743 
f 1744//1744 1742//1742 1745//1745 
f 1746//1746 1744//1744 1747//1747 
f 1679//1679 1746//1746 1748//1748 
f 1716//1716 1749//1749 1715//1715 
f 1750//1750 1715//1715 1749//1749 
f 1717//1717 1654//1654 1622//1622 
f 1690//1690 1751//1751 1688//1688 
f 1751//1751 1752//1752 1753//1753 
f 1754//1754 1755//1755 1756//1756 
f 1756//1756 1757//1757 1758//1758 
f 1756//1756 1759//1759 1760//1760 
f 1761//1761 1762//1762 1763//1763 
f 1761//1761 1764//1764 1765//1765 
f 1766//1766 1767//1767 1768//1768 
f 1767//1767 1769//1769 1770//1770 
f 1695//1695 1693//1693 1656//1656 
f 1598//1598 1692//1692 1699//1699 
f 1629//1629 1702//1702 1601//1601 
f 1696//1696 1771//1771 1772//1772 
f 1720//1720 1719//1719 1722//1722 
f 1722//1722 1725//1725 1724//1724 
f 1728//1728 1729//1729 1727//1727 
f 1730//1730 1773//1773 1729//1729 
f 1774//1774 1773//1773 1775//1775 
f 1732//1732 1774//1774 1776//1776 
f 1731//1731 1777//1777 1734//1734 
f 1778//1778 1779//1779 1735//1735 
f 1780//1780 1662//1662 1779//1779 
f 1706//1706 1705//1705 1704//1704 
f 1560//1560 1781//1781 1736//1736 
f 1738//1738 1709//1709 1560//1560 
f 1640//1640 1782//1782 1560//1560 
f 1621//1621 1571//1571 1525//1525 
f 1741//1741 1743//1743 1740//1740 
f 1745//1745 1747//1747 1744//1744 
f 1748//1748 1680//1680 1679//1679 
f 1749//1749 1783//1783 1750//1750 
f 1784//1784 1785//1785 1786//1786 
f 1682//1682 1787//1787 1622//1622 
f 1788//1788 1789//1789 1622//1622 
f 1718//1718 1790//1790 1791//1791 
f 1687//1687 1688//1688 1685//1685 
f 1751//1751 1690//1690 1752//1752 
f 1792//1792 1753//1753 1793//1793 
f 1794//1794 1793//1793 1795//1795 
f 1796//1796 1795//1795 1797//1797 
f 1798//1798 1797//1797 1755//1755 
f 1756//1756 1799//1799 1754//1754 
f 1756//1756 1800//1800 1801//1801 
f 1760//1760 1757//1757 1756//1756 
f 1765//1765 1762//1762 1761//1761 
f 1802//1802 1803//1803 1804//1804 
f 1805//1805 1806//1806 1807//1807 
f 1805//1805 1808//1808 1809//1809 
f 1770//1770 1768//1768 1767//1767 
f 1810//1810 1811//1811 1770//1770 
f 1812//1812 1813//1813 1811//1811 
f 1814//1814 1815//1815 1813//1813 
f 1816//1816 1817//1817 1818//1818 
f 1816//1816 1819//1819 1820//1820 
f 1626//1626 1601//1601 1598//1598 
f 1701//1701 1821//1821 1601//1601 
f 1772//1772 1822//1822 1696//1696 
f 1823//1823 1721//1721 1824//1824 
f 1724//1724 1723//1723 1722//1722 
f 1730//1730 1775//1775 1773//1773 
f 1776//1776 1733//1733 1732//1732 
f 1735//1735 1734//1734 1778//1778 
f 1662//1662 1780//1780 1661//1661 
f 1670//1670 1781//1781 1560//1560 
f 1711//1711 1644//1644 1560//1560 
f 1825//1825 1826//1826 1827//1827 
f 1825//1825 1828//1828 1829//1829 
f 1830//1830 1831//1831 1832//1832 
f 1743//1743 1745//1745 1742//1742 
f 1714//1714 1716//1716 1678//1678 
f 1833//1833 1750//1750 1783//1783 
f 1786//1786 1833//1833 1834//1834 
f 1786//1786 1835//1835 1784//1784 
f 1836//1836 1788//1788 1837//1837 
f 1622//1622 1838//1838 1683//1683 
f 1622//1622 1837//1837 1788//1788 
f 1791//1791 1839//1839 1718//1718 
f 1753//1753 1792//1792 1751//1751 
f 1795//1795 1796//1796 1794//1794 
f 1755//1755 1840//1840 1798//1798 
f 1756//1756 1841//1841 1799//1799 
f 1758//1758 1800//1800 1756//1756 
f 1761//1761 1842//1842 1764//1764 
f 1761//1761 1843//1843 1844//1844 
f 1761//1761 1845//1845 1846//1846 
f 1802//1802 1847//1847 1848//1848 
f 1804//1804 1849//1849 1802//1802 
f 1850//1850 1802//1802 1851//1851 
f 1852//1852 1853//1853 1854//1854 
f 1855//1855 1856//1856 1857//1857 
f 1855//1855 1858//1858 1859//1859 
f 1809//1809 1806//1806 1805//1805 
f 1808//1808 1860//1860 1861//1861 
f 1860//1860 1862//1862 1863//1863 
f 1862//1862 1864//1864 1865//1865 
f 1866//1866 1867//1867 1868//1868 
f 1867//1867 1766//1766 1869//1869 
f 1770//1770 1769//1769 1810//1810 
f 1813//1813 1812//1812 1814//1814 
f 1816//1816 1870//1870 1817//1817 
f 1816//1816 1871//1871 1872//1872 
f 1816//1816 1873//1873 1874//1874 
f 1820//1820 1875//1875 1816//1816 
f 1821//1821 1876//1876 1601//1601 
f 1696//1696 1656//1656 1771//1771 
f 1877//1877 1824//1824 1822//1822 
f 1721//1721 1823//1823 1719//1719 
f 1775//1775 1776//1776 1774//1774 
f 1779//1779 1778//1778 1780//1780 
f 1666//1666 1668//1668 1878//1878 
f 1782//1782 1737//1737 1560//1560 
f 1825//1825 1879//1879 1880//1880 
f 1827//1827 1881//1881 1825//1825 
f 1829//1829 1882//1882 1825//1825 
f 1828//1828 1825//1825 1830//1830 
f 1747//1747 1748//1748 1746//1746 
f 1834//1834 1835//1835 1786//1786 
f 1837//1837 1785//1785 1836//1836 
f 1789//1789 1838//1838 1622//1622 
f 1685//1685 1790//1790 1718//1718 
f 1797//1797 1798//1798 1796//1796 
f 1755//1755 1883//1883 1884//1884 
f 1615//1615 1885//1885 1886//1886 
f 1801//1801 1841//1841 1756//1756 
f 1887//1887 1888//1888 1889//1889 
f 1844//1844 1842//1842 1761//1761 
f 1846//1846 1890//1890 1761//1761 
f 1891//1891 1892//1892 1893//1893 
f 1891//1891 1894//1894 1895//1895 
f 1891//1891 1896//1896 1897//1897 
f 1891//1891 1898//1898 1899//1899 
f 1891//1891 1900//1900 1901//1901 
f 1891//1891 1902//1902 1903//1903 
f 1848//1848 1904//1904 1802//1802 
f 1849//1849 1905//1905 1802//1802 
f 1851//1851 1906//1906 1907//1907 
f 1906//1906 1851//1851 1853//1853 
f 1854//1854 1908//1908 1909//1909 
f 1857//1857 1854//1854 1855//1855 
f 1859//1859 1910//1910 1855//1855 
f 1861//1861 1809//1809 1808//1808 
f 1865//1865 1863//1863 1862//1862 
f 1869//1869 1868//1868 1867//1867 
f 1811//1811 1810//1810 1812//1812 
f 1816//1816 1911//1911 1912//1912 
f 1818//1818 1913//1913 1816//1816 
f 1816//1816 1914//1914 1915//1915 
f 1816//1816 1916//1916 1917//1917 
f 1816//1816 1918//1918 1871//1871 
f 1875//1875 1873//1873 1816//1816 
f 1816//1816 1919//1919 1920//1920 
f 1921//1921 1922//1922 1923//1923 
f 1921//1921 1924//1924 1925//1925 
f 1814//1814 1926//1926 1927//1927 
f 1814//1814 1928//1928 1929//1929 
f 1772//1772 1930//1930 1822//1822 
f 1824//1824 1877//1877 1823//1823 
f 1733//1733 1777//1777 1731//1731 
f 1639//1639 1878//1878 1668//1668 
f 1881//1881 1879//1879 1825//1825 
f 1832//1832 1828//1828 1830//1830 
f 1783//1783 1834//1834 1833//1833 
f 1787//1787 1825//1825 1622//1622 
f 1793//1793 1794//1794 1792//1792 
f 1884//1884 1931//1931 1755//1755 
f 1615//1615 1932//1932 1885//1885 
f 1615//1615 1614//1614 1933//1933 
f 1756//1756 1934//1934 1759//1759 
f 1756//1756 1935//1935 1936//1936 
f 1889//1889 1756//1756 1887//1887 
f 1761//1761 1937//1937 1938//1938 
f 1890//1890 1843//1843 1761//1761 
f 1895//1895 1892//1892 1891//1891 
f 1899//1899 1896//1896 1891//1891 
f 1891//1891 1939//1939 1940//1940 
f 1903//1903 1900//1900 1891//1891 
f 1891//1891 1832//1832 1941//1941 
f 1832//1832 1942//1942 1943//1943 
f 1832//1832 1944//1944 1945//1945 
f 1904//1904 1946//1946 1802//1802 
f 1802//1802 1947//1947 1803//1803 
f 1802//1802 1850//1850 1948//1948 
f 1853//1853 1949//1949 1906//1906 
f 1854//1854 1909//1909 1852//1852 
f 1855//1855 1950//1950 1856//1856 
f 1858//1858 1951//1951 1859//1859 
f 1858//1858 1807//1807 1952//1952 
f 1863//1863 1861//1861 1860//1860 
f 1864//1864 1953//1953 1954//1954 
f 1953//1953 1866//1866 1955//1955 
f 1768//1768 1869//1869 1766//1766 
f 1913//1913 1911//1911 1816//1816 
f 1917//1917 1914//1914 1816//1816 
f 1874//1874 1918//1918 1816//1816 
f 1920//1920 1956//1956 1816//1816 
f 1921//1921 1957//1957 1922//1922 
f 1921//1921 1958//1958 1924//1924 
f 1928//1928 1959//1959 1960//1960 
f 1928//1928 1961//1961 1962//1962 
f 1928//1928 1921//1921 1963//1963 
f 1814//1814 1964//1964 1965//1965 
f 1929//1929 1926//1926 1814//1814 
f 1822//1822 1930//1930 1877//1877 
f 1878//1878 1667//1667 1666//1666 
f 1882//1882 1826//1826 1825//1825 
f 1784//1784 1836//1836 1785//1785 
f 1931//1931 1840//1840 1755//1755 
f 1933//1933 1932//1932 1615//1615 
f 1756//1756 1966//1966 1934//1934 
f 1889//1889 1935//1935 1756//1756 
f 1761//1761 1967//1967 1891//1891 
f 1763//1763 1937//1937 1761//1761 
f 1897//1897 1894//1894 1891//1891 
f 1901//1901 1939//1939 1891//1891 
f 1832//1832 1968//1968 1941//1941 
f 1945//1945 1942//1942 1832//1832 
f 1905//1905 1847//1847 1802//1802 
f 1851//1851 1907//1907 1850//1850 
f 1857//1857 1908//1908 1854//1854 
f 1952//1952 1951//1951 1858//1858 
f 1954//1954 1865//1865 1864//1864 
f 1868//1868 1955//1955 1866//1866 
f 1915//1915 1870//1870 1816//1816 
f 1956//1956 1819//1819 1816//1816 
f 1925//1925 1957//1957 1921//1921 
f 1921//1921 1816//1816 1969//1969 
f 1962//1962 1959//1959 1928//1928 
f 1963//1963 1970//1970 1928//1928 
f 1927//1927 1964//1964 1814//1814 
f 1761//1761 1971//1971 1972//1972 
f 1761//1761 1973//1973 1974//1974 
f 1726//1726 1727//1727 1724//1724 
f 1739//1739 1741//1741 1713//1713 
f 1886//1886 1718//1718 1615//1615 
f 1936//1936 1966//1966 1756//1756 
f 1938//1938 1967//1967 1761//1761 
f 1940//1940 1898//1898 1891//1891 
f 1943//1943 1968//1968 1832//1832 
f 1948//1948 1947//1947 1802//1802 
f 1910//1910 1950//1950 1855//1855 
f 1955//1955 1954//1954 1953//1953 
f 1872//1872 1916//1916 1816//1816 
f 1969//1969 1958//1958 1921//1921 
f 1970//1970 1961//1961 1928//1928 
f 1965//1965 1975//1975 1814//1814 
f 1976//1976 1977//1977 1978//1978 
f 1979//1979 1976//1976 1980//1980 
f 1974//1974 1971//1971 1761//1761 
f 1981//1981 1973//1973 1761//1761 
f 1880//1880 1622//1622 1825//1825 
f 1754//1754 1883//1883 1755//1755 
f 1893//1893 1982//1982 1891//1891 
f 1941//1941 1983//1983 1891//1891 
f 1946//1946 1984//1984 1802//1802 
f 1807//1807 1858//1858 1805//1805 
f 1923//1923 1963//1963 1921//1921 
f 1975//1975 1815//1815 1814//1814 
f 1976//1976 1979//1979 1977//1977 
f 1980//1980 1985//1985 1986//1986 
f 1761//1761 1987//1987 1981//1981 
f 1988//1988 1537//1537 1677//1677 
f 1839//1839 1615//1615 1718//1718 
f 1891//1891 1989//1989 1902//1902 
f 1832//1832 1831//1831 1944//1944 
f 1990//1990 1980//1980 1991//1991 
f 1852//1852 1949//1949 1853//1853 
f 1960//1960 1929//1929 1928//1928 
f 1976//1976 1992//1992 1802//1802 
f 1980//1980 1986//1986 1979//1979 
f 1987//1987 1993//1993 1981//1981 
f 1993//1993 1987//1987 1976//1976 
f 1692//1692 1598//1598 1656//1656 
f 1983//1983 1989//1989 1891//1891 
f 1991//1991 1994//1994 1990//1990 
f 1994//1994 1991//1991 1995//1995 
f 1912//1912 1969//1969 1816//1816 
f 1978//1978 1992//1992 1976//1976 
f 1976//1976 1996//1996 1993//1993 
f 1891//1891 1982//1982 1761//1761 
f 1995//1995 1997//1997 1994//1994 
f 1998//1998 1991//1991 1980//1980 
f 1802//1802 1996//1996 1976//1976 
f 1677//1677 1999//1999 1988//1988 
f 1980//1980 2000//2000 1998//1998 
f 1972//1972 1845//1845 1761//1761 
f 2001//2001 2002//2002 1997//1997 
f 1984//1984 1996//1996 1802//1802 
f 1990//1990 1985//1985 1980//1980 
f 1997//1997 1995//1995 2001//2001 
o mesh82
v -0.0116572 -0.000776747 0 
v -0.0116572 -0.000776747 9.8e-05 
v -0.0116747 -0.000765178 9.8e-05 
v -0.0116747 -0.000765178 0 
v -0.0116916 -0.000752858 9.8e-05 
v -0.0116916 -0.000752858 0 
v -0.0117081 -0.00073981 9.8e-05 
v -0.0117081 -0.00073981 0 
v -0.0117239 -0.000726058 9.8e-05 
v -0.0117239 -0.000726058 0 
v -0.0117391 -0.00071163 9.8e-05 
v -0.0117391 -0.00071163 0 
v -0.0117537 -0.000696551 9.8e-05 
v -0.0117537 -0.000696551 0 
v -0.0117676 -0.000680852 9.8e-05 
v -0.0117676 -0.000680852 0 
v -0.0117809 -0.000664562 9.8e-05 
v -0.0117809 -0.000664562 0 
v -0.0117933 -0.000647711 9.8e-05 
v -0.0117933 -0.000647711 0 
v -0.0118051 -0.000630332 9.8e-05 
v -0.0118051 -0.000630332 0 
v -0.0118161 -0.000612457 9.8e-05 
v -0.0118161 -0.000612457 0 
v -0.0118263 -0.000594122 9.8e-05 
v -0.0118263 -0.000594122 0 
v -0.0118357 -0.000575359 9.8e-05 
v -0.0118357 -0.000575359 0 
v -0.0118442 -0.000556206 9.8e-05 
v -0.0118442 -0.000556206 0 
v -0.0118519 -0.000536698 9.8e-05 
v -0.0118519 -0.000536698 0 
v -0.0118588 -0.000516872 9.8e-05 
v -0.0118588 -0.000516872 0 
vn -0.533167 -0.84601 0 
vn -0.533167 -0.84601 0 
vn -0.569514 -0.821982 0 
vn -0.569514 -0.821982 0 
vn -0.60478 -0.796393 0 
vn -0.60478 -0.796393 0 
vn -0.638897 -0.769292 0 
vn -0.638897 -0.769292 0 
vn -0.671802 -0.740731 0 
vn -0.671802 -0.740731 0 
vn -0.703431 -0.710764 0 
vn -0.703431 -0.710764 0 
vn -0.733725 -0.679447 0 
vn -0.733725 -0.679447 0 
vn -0.762625 -0.64684 0 
vn -0.762625 -0.64684 0 
vn -0.790078 -0.613006 0 
vn -0.790078 -0.613006 0 
vn -0.816032 -0.578007 0 
vn -0.816032 -0.578007 0 
vn -0.840435 -0.541912 0 
vn -0.840435 -0.541912 0 
vn -0.863244 -0.504787 0 
vn -0.863244 -0.504787 0 
vn -0.884413 -0.466704 0 
vn -0.884413 -0.466704 0 
vn -0.903904 -0.427736 0 
vn -0.903904 -0.427736 0 
vn -0.921678 -0.387955 0 
vn -0.921678 -0.387955 0 
vn -0.937703 -0.347437 0 
vn -0.937703 -0.347437 0 
vn -0.951948 -0.30626 0 
vn -0.951948 -0.30626 0 
f 2003//2003 2004//2004 2005//2005 
f 2006//2006 2005//2005 2007//2007 
f 2008//2008 2007//2007 2009//2009 
f 2010//2010 2009//2009 2011//2011 
f 2012//2012 2011//2011 2013//2013 
f 2014//2014 2013//2013 2015//2015 
f 2016//2016 2015//2015 2017//2017 
f 2018//2018 2017//2017 2019//2019 
f 2020//2020 2019//2019 2021//2021 
f 2022//2022 2021//2021 2023//2023 
f 2024//2024 2023//2023 2025//2025 
f 2026//2026 2025//2025 2027//2027 
f 2028//2028 2027//2027 2029//2029 
f 2030//2030 2029//2029 2031//2031 
f 2032//2032 2031//2031 2033//2033 
f 2034//2034 2033//2033 2035//2035 
f 2035//2035 2036//2036 2034//2034 
f 2033//2033 2034//2034 2032//2032 
f 2031//2031 2032//2032 2030//2030 
f 2029//2029 2030//2030 2028//2028 
f 2027//2027 2028//2028 2026//2026 
f 2025//2025 2026//2026 2024//2024 
f 2023//2023 2024//2024 2022//2022 
f 2021//2021 2022//2022 2020//2020 
f 2019//2019 2020//2020 2018//2018 
f 2017//2017 2018//2018 2016//2016 
f 2015//2015 2016//2016 2014//2014 
f 2013//2013 2014//2014 2012//2012 
f 2011//2011 2012//2012 2010//2010 
f 2009//2009 2010//2010 2008//2008 
f 2007//2007 2008//2008 2006//2006 
f 2005//2005 2006//2006 2003//2003 
o mesh83
v -0.011432 -0.000917715 0 
v -0.0113791 -0.000957936 0 
v -0.0113791 -0.000957936 9.8e-05 
v -0.0114863 -0.000879437 0 
v -0.011432 -0.000917715 9.8e-05 
v -0.011542 -0.000843152 0 
v -0.0114863 -0.000879437 9.8e-05 
v -0.011599 -0.000808907 0 
v -0.011542 -0.000843152 9.8e-05 
v -0.0116572 -0.000776747 0 
v -0.011599 -0.000808907 9.8e-05 
v -0.0116572 -0.000776747 9.8e-05 
vn -0.590595 -0.806968 0 
vn -0.619426 -0.785055 0 
vn -0.619426 -0.785055 0 
vn -0.560988 -0.827824 0 
vn -0.590595 -0.806968 0 
vn -0.530646 -0.847593 0 
vn -0.560988 -0.827824 0 
vn -0.499608 -0.866251 0 
vn -0.530646 -0.847593 0 
vn -0.467915 -0.883773 0 
vn -0.499608 -0.866251 0 
vn -0.467915 -0.883773 0 
f 2037//2037 2038//2038 2039//2039 
f 2040//2040 2037//2037 2041//2041 
f 2042//2042 2040//2040 2043//2043 
f 2044//2044 2042//2042 2045//2045 
f 2046//2046 2044//2044 2047//2047 
f 2047//2047 2048//2048 2046//2046 
f 2045//2045 2047//2047 2044//2044 
f 2043//2043 2045//2045 2042//2042 
f 2041//2041 2043//2043 2040//2040 
f 2039//2039 2041//2041 2037//2037 
o mesh84
v -0.0111709 -0.00126489 0 
v -0.0111624 -0.00129251 0 
v -0.0111624 -0.00129251 9.8e-05 
v -0.0111805 -0.00123766 0 
v -0.0111709 -0.00126489 9.8e-05 
v -0.0111914 -0.00121086 0 
v -0.0111805 -0.00123766 9.8e-05 
v -0.0112033 -0.00118454 0 
v -0.0111914 -0.00121086 9.8e-05 
v -0.0112163 -0.00115876 0 
v -0.0112033 -0.00118454 9.8e-05 
v -0.0112305 -0.00113355 0 
v -0.0112163 -0.00115876 9.8e-05 
v -0.0112456 -0.00110897 0 
v -0.0112305 -0.00113355 9.8e-05 
v -0.0112619 -0.00108506 0 
v -0.0112456 -0.00110897 9.8e-05 
v -0.0112791 -0.00106186 0 
v -0.0112619 -0.00108506 9.8e-05 
v -0.0112973 -0.00103941 0 
v -0.0112791 -0.00106186 9.8e-05 
v -0.0113164 -0.00101775 0 
v -0.0112973 -0.00103941 9.8e-05 
v -0.0113364 -0.000996931 0 
v -0.0113164 -0.00101775 9.8e-05 
v -0.0113573 -0.00097698 0 
v -0.0113364 -0.000996931 9.8e-05 
v -0.0113791 -0.000957936 0 
v -0.0113573 -0.00097698 9.8e-05 
v -0.0113791 -0.000957936 9.8e-05 
vn -0.949407 -0.314047 0 
vn -0.961903 -0.27339 0 
vn -0.961903 -0.27339 0 
vn -0.935194 -0.354137 0 
vn -0.949407 -0.314047 0 
vn -0.919288 -0.393586 0 
vn -0.935194 -0.354137 0 
vn -0.901719 -0.432323 0 
vn -0.919288 -0.393586 0 
vn -0.882519 -0.470277 0 
vn -0.901719 -0.432323 0 
vn -0.861722 -0.507381 0 
vn -0.882519 -0.470277 0 
vn -0.839366 -0.543567 0 
vn -0.861722 -0.507381 0 
vn -0.815491 -0.578769 0 
vn -0.839366 -0.543567 0 
vn -0.790142 -0.612924 0 
vn -0.815491 -0.578769 0 
vn -0.763362 -0.645971 0 
vn -0.790142 -0.612924 0 
vn -0.735202 -0.677848 0 
vn -0.763362 -0.645971 0 
vn -0.705711 -0.7085 0 
vn -0.735202 -0.677848 0 
vn -0.674944 -0.737869 0 
vn -0.705711 -0.7085 0 
vn -0.642955 -0.765904 0 
vn -0.674944 -0.737869 0 
vn -0.642955 -0.765904 0 
f 2049//2049 2050//2050 2051//2051 
f 2052//2052 2049//2049 2053//2053 
f 2054//2054 2052//2052 2055//2055 
f 2056//2056 2054//2054 2057//2057 
f 2058//2058 2056//2056 2059//2059 
f 2060//2060 2058//2058 2061//2061 
f 2062//2062 2060//2060 2063//2063 
f 2064//2064 2062//2062 2065//2065 
f 2066//2066 2064//2064 2067//2067 
f 2068//2068 2066//2066 2069//2069 
f 2070//2070 2068//2068 2071//2071 
f 2072//2072 2070//2070 2073//2073 
f 2074//2074 2072//2072 2075//2075 
f 2076//2076 2074//2074 2077//2077 
f 2077//2077 2078//2078 2076//2076 
f 2075//2075 2077//2077 2074//2074 
f 2073//2073 2075//2075 2072//2072 
f 2071//2071 2073//2073 2070//2070 
f 2069//2069 2071//2071 2068//2068 
f 2067//2067 2069//2069 2066//2066 
f 2065//2065 2067//2067 2064//2064 
f 2063//2063 2065//2065 2062//2062 
f 2061//2061 2063//2063 2060//2060 
f 2059//2059 2061//2061 2058//2058 
f 2057//2057 2059//2059 2056//2056 
f 2055//2055 2057//2057 2054//2054 
f 2053//2053 2055//2055 2052//2052 
f 2051//2051 2053//2053 2049//2049 
